ciclo,ciclo_nome,data_resposta,cliente,id_cliente,programa,ep,nota_nps,categoria,nota_estrategista,nota_backoffice,nota_qv360,nota_arquitetura_patrimonial,plano_patrimonial,plano_apresentado,caminho,momento,motivo_nota,melhoria,razao_positiva,retencao_5_anos,comentario_adicional,reunioes_realizadas,inicio_programa,versao_formulario,fonte_arquivo,fonte_aba,id_resposta,ref_programa,ref_ep
2025-Q2,Jun/2025,2025-06-13 08:56,Leandro de Almeida Botelho,leandro de almeida botelho,PHARUS,Gabriel Oliveira,8.0,Neutro,9.0,,,,,,Estagnado ou travado,"Entendi o método, mas ainda não implementei o suficiente",Baseado na minha satisfação.,Melhorar e disponibilizar material didático. Proporcionar imersão completa de investimentos.,,Retorno das ações já implementadas comprovando eficiência.,,,,v2025-jun,NPS_06_2025.xlsx,NPS (PHARUS),3drywkae69ybok1xcc63drywsomhqntc,aba PHARUS da planilha,própria resposta
2025-Q2,Jun/2025,2025-06-13 09:03,Ricardo Niffinegger,ricardo niffinegger,PHARUS,Gabriel Oliveira,10.0,Promotor,10.0,,,,,,"Em progresso, mas com dúvidas",Estou travado em alguma parte e preciso de ajuda,Excelentes estratégias,,,"Operacionalizar os métodos, diante de uma realidade financeira apertada no momento",,,,v2025-jun,NPS_06_2025.xlsx,NPS (PHARUS),iitjacwv2e4cqcniitjp1vq7wsmpvrtg,aba PHARUS da planilha,própria resposta
2025-Q2,Jun/2025,2025-06-13 09:09,Guilherme Oliveira,guilherme oliveira,PHARUS,Gabriel Oliveira,9.0,Promotor,9.0,,,,,,"Em progresso, mas com dúvidas",Tenho clareza e estou executando com consistência,.,,,"Eu começar a ter o retorno do crescimento do patrimônio, pois investir cerca de 10K todo ano no programa é puxado",,,,v2025-jun,NPS_06_2025.xlsx,NPS (PHARUS),gwtpkd8trj9wj08jp5cfqgwtpkdwrrf8,aba PHARUS da planilha,própria resposta
2025-Q2,Jun/2025,2025-06-13 09:15,Wellington Viana,wellington viana,PHARUS,Hendrick Ramos,10.0,Promotor,10.0,,,,,,Totalmente no caminho,Tenho clareza e estou executando com consistência,Suporte dado durante o processo.,,,"O valor pago, pois o planejamento já é pra 7 anos, porem sempre bom ter o direcionamento e o acompanhamento continuo pois muitas operações são de medio prazo. Também gostaria de aprofundar mais especialmente em leiloes de imoveis.",,,,v2025-jun,NPS_06_2025.xlsx,NPS (PHARUS),9otlqocn4y2xtenhhftf959otlqocnz9,aba PHARUS da planilha,própria resposta
2025-Q2,Jun/2025,2025-06-13 09:16,Gelson da Rold,gelson da rold,PHARUS,Gabriel Oliveira,7.0,Neutro,9.0,,,,,,"Em progresso, mas com dúvidas","Entendi o método, mas ainda não implementei o suficiente",Com base nesses últimos meses com o suporte do Gabriel devo dizer que tem válido a pena por conta do acompanhamento e atenção que tem dado a nossos projetos,"Foi criado uma expectativa a certa dos consórcios contratados nem um controlado até o momento, se houve essa contemplação o retorno do investimento seria interessante de modo que tivéssemos lucro com auxílio da mentoria, isso que todos buscam",,Ter retorno do investimento feito com os serviços de vocês,,,,v2025-jun,NPS_06_2025.xlsx,NPS (PHARUS),smx8tnl440km9fj4tj0wsmx1jmf26dyi,aba PHARUS da planilha,própria resposta
2025-Q2,Jun/2025,2025-06-13 09:20,Elias Eulosio Dalla Corte,elias eulosio dalla corte,PHARUS,Hendrick Ramos,8.0,Neutro,10.0,,,,,,Desacreditei do método,Perdi o vínculo com o projeto e preciso retomar,"Na verdade acredito que a resposta seria Depende. O programa é muito bom, mas depende de qual é a situação atual do colega para eu indicar. Para alguns já indiquei.","Olha, no meu caso, entrei com a propaganda que era para ter independencia financeira em 7 anos. E a renda mínima para isso seria de 15000. Eu entrei ""em cima da risca"", porém isso não vai acontecer em 7 anos. Outra coisa é que o contrato era de 1 ano, talvez até ja passou um ano e já aproveito para agradecer que ainda estão me auxiliando. Mas 1 ano penso ser pouco por que algumas ações demoram para ter o retorno para tomar outras ações. Creio que o contrato deveria ser para mais anos ou em cima das reuniões e não mais em tempo, por exemplo, contrato vale para 12 reuniões com especialista.",,Passei algumas melhorias solicitadas pelo meu advogado quanto a um contrato que me passaram de renda sintetica. O contrato ser em cima de número de rueniões e não em cima de tempo.,,,,v2025-jun,NPS_06_2025.xlsx,NPS (PHARUS),q995znu700s1gbxdve9q995zn2j67jcf,aba PHARUS da planilha,própria resposta
2025-Q2,Jun/2025,2025-06-13 09:25,Larissa Xavier,larissa xavier,PHARUS,Luiz Henrique,8.0,Neutro,8.0,,,,,,"Em progresso, mas com dúvidas","Entendi o método, mas ainda não implementei o suficiente","Ainda estamos iniciando, portanto é um feedback, por hora, impreciso.",Tempo,,"Após implementar, acompanhamento de dúvidas semanais nos primeiros meses, depois quinzenal, depois mensal. Clareza nas operações, relatórios de progressão, acesso ao Adrian, mini curso com algum especialista (ex: Bitcoin, ou leilões, ao menos para explicar superficialmente como os processos são feitos-comk.nosso dinheiro está trabalhando). Incluir a PJ (no caso de sócios autônomos, como nós, ou um médico, adv- no caso dr ""eupresa"". E principalmente, acessória jurídica e contábil parceira para nós.",,,,v2025-jun,NPS_06_2025.xlsx,NPS (PHARUS),wfwi5ak4577mrxdkzz89mwfwi5a0ra77,aba PHARUS da planilha,própria resposta
2025-Q2,Jun/2025,2025-06-13 09:28,Evandro Barbosa,evandro barbosa,PHARUS,Hendrick Ramos,0.0,Detrator,9.0,,,,,,"Em progresso, mas com dúvidas",Tenho clareza e estou executando com consistência,Por enquanto o programa já está tendo utilidade alguma.,"Conseguir alavancar com o imóvel próprio, essa foi a promessa da vendedora do o especialista, por enquanto as duas ações que me passaram foi construir reserva e vender o apartamento, não precisa do programa pra saber disso",,"O programa parece interessante, no entanto meu perfil e momento não se adequam ao programa, entrei especialmente com o objetivo de alavancar o imóvel, como foi prometido que mesmo sem reserva para lance seria possível contemplar, acreditei na promessa e por enquanto não está tendo utilidade alguma.",,,,v2025-jun,NPS_06_2025.xlsx,NPS (PHARUS),6mit0a3ll0lqiv4936mito0sv17ma715,aba PHARUS da planilha,própria resposta
2025-Q2,Jun/2025,2025-06-13 09:33,Sonaria Rodrigues,sonaria rodrigues,PHARUS,Hendrick Ramos,5.0,Detrator,5.0,,,,,,Estagnado ou travado,Estou travado em alguma parte e preciso de ajuda,Pouca ação,Um acompanhamento mais preciso,,Preciso de resultados para contituar,,,,v2025-jun,NPS_06_2025.xlsx,NPS (PHARUS),5jlu4hw1d8pjef4p7e5jlu4hpw06mk56,aba PHARUS da planilha,própria resposta
2025-Q2,Jun/2025,2025-06-13 09:40,Daniela de Almeida Ochoa Cruz,daniela de almeida ochoa cruz,PHARUS,Rafael Pracz,10.0,Promotor,10.0,,,,,,"Em progresso, mas com dúvidas","Entendi o método, mas ainda não implementei o suficiente",Compromisso,,,Valores,,,,v2025-jun,NPS_06_2025.xlsx,NPS (PHARUS),9iottf3mvv4ef53bs39iottf3z3l3jlx,aba PHARUS da planilha,própria resposta
2025-Q2,Jun/2025,2025-06-13 09:45,Breno nagamine,breno nagamine,PHARUS,Hendrick Ramos,7.0,Neutro,9.0,,,,,,"Em progresso, mas com dúvidas",Tenho clareza e estou executando com consistência,Ainda não senti a eficácia do metodo,Que o método funcionasse,,Se tivesse Um resultado espetacular,,,,v2025-jun,NPS_06_2025.xlsx,NPS (PHARUS),nqrt1jbe5h39bd0hc2xnqrt1jbiliq7i,aba PHARUS da planilha,própria resposta
2025-Q2,Jun/2025,2025-06-13 09:46,Tiago Bonora,tiago bonora,PHARUS,Cleuber Anicesio,10.0,Promotor,10.0,,,,,,Totalmente no caminho,"Entendi o método, mas ainda não implementei o suficiente",Por falta de tempo não tenho como me informar sobre mecanismos de investimento ou estratégia dos mesmos,,,A chegada de resultados,,,,v2025-jun,NPS_06_2025.xlsx,NPS (PHARUS),eju98155nyj5dwzdpgblmeju981kisba,aba PHARUS da planilha,própria resposta
2025-Q2,Jun/2025,2025-06-13 09:49,Valmir Cezar Tottoli da Silva,valmir cezar tottoli da silva,PHARUS,Hendrick Ramos,8.0,Neutro,8.0,,,,,,"Em progresso, mas com dúvidas","Entendi o método, mas ainda não implementei o suficiente","Faltou mais interação nível pessoal , tipo indicação do que está acontecendo com o mercado de investimento",Mais interação com o mercado atual,,Mais interação,,,,v2025-jun,NPS_06_2025.xlsx,NPS (PHARUS),3fn4hvbcv0qzbutcwd3fn4hvauu0g49w,aba PHARUS da planilha,própria resposta
2025-Q2,Jun/2025,2025-06-13 09:51,Bruno Jales,bruno jales,PHARUS,Hendrick Ramos,7.0,Neutro,10.0,,,,,,"Em progresso, mas com dúvidas","Entendi o método, mas ainda não implementei o suficiente","O assessor é competente e solícito. Mas sinto que o programa apresentado não contempla as operações mais avançadas que estava buscando, até por eu já ter certa experiência e um capital investido. Senti falta por exemplo da estratégia de retro patrimônio com meus imóveis que já possuo.",Ajustar melhor o plano com as expectativas,,Ter resultados expressivos com estratégias que realmente mudem o patamar de meus rendimentos,,,,v2025-jun,NPS_06_2025.xlsx,NPS (PHARUS),lrepslltuy3u1p7b64ixglrepslv2ica,aba PHARUS da planilha,própria resposta
2025-Q2,Jun/2025,2025-06-13 09:51,Antonio Simões,antonio simoes,PHARUS,Rafael Pracz,7.0,Neutro,10.0,,,,,,Totalmente no caminho,Tenho clareza e estou executando com consistência,"Poucos momentos de interação, muito espaço entre as reuniões, falta de uma plataforma mais estruturada com os temas da metodologia.",A implementação desses temas apontadas na pergunta anterior.,,Retorno financeiro nas estratégias adotadas,,,,v2025-jun,NPS_06_2025.xlsx,NPS (PHARUS),yidy587ut4jeh8jle8t1yiddigi6u7fl,aba PHARUS da planilha,própria resposta
2025-Q2,Jun/2025,2025-06-13 09:52,Karina Venturini,karina venturini,PHARUS,Rafael Pracz,8.0,Neutro,8.0,,,,,,"Em progresso, mas com dúvidas",Tenho clareza e estou executando com consistência,"Ai da estamos na fase inicial, acredito que para recomendar preciso de algum resultado pratico, se nao fica apenas na teoria.","Ter resultados rápidos que me deixem segura desta escolha. Nao estou insatisfeita, mas imaginei que poderia implementar as estratégias mais rapidamente. Eu iniciei na consultoria em abril, e sinto que o meu ano esta passando, estou perdendo o timing.",,"Resultados claros de que vou conseguir ter renda passiva, de acordo com os meus objetivos.",,,,v2025-jun,NPS_06_2025.xlsx,NPS (PHARUS),4w5bzl77u7mw0y24negm0ui4w5bzl882,aba PHARUS da planilha,própria resposta
2025-Q2,Jun/2025,2025-06-13 09:53,Leandro Pincinato,leandro pincinato,PHARUS,Rafael Pracz,8.0,Neutro,10.0,,,,,,Totalmente no caminho,Tenho clareza e estou executando com consistência,"Estou no começo da aplicação das estratégias e ainda não vi resultado. Porém, estou, de certa forma, confiante que os resultados vão vir.",Conseguir resultados claros.,,Ter resultados financeiros claros.,,,,v2025-jun,NPS_06_2025.xlsx,NPS (PHARUS),uupzeft9lon1g111rauupzefxdh4oujp,aba PHARUS da planilha,própria resposta
2025-Q2,Jun/2025,2025-06-13 09:57,Marcelo Ramos,marcelo ramos,PHARUS,Rafael Pracz,10.0,Promotor,10.0,,,,,,Totalmente no caminho,Tenho clareza e estou executando com consistência,Possibilidades de desenvolvimento do meu patrimônio,,,ter o retorno do investimento já no primeiro ano o que ainda não aconteceu,,,,v2025-jun,NPS_06_2025.xlsx,NPS (PHARUS),d0c6r9db1tcoswgmt0ord0c6r8z3c7ys,aba PHARUS da planilha,própria resposta
2025-Q2,Jun/2025,2025-06-13 10:02,Maksimiliano Franco Munhoz,maksimiliano franco munhoz,PHARUS,Cleuber Anicesio,9.0,Promotor,10.0,,,,,,"Em progresso, mas com dúvidas",Tenho clareza e estou executando com consistência,Atendimento do consultor e as idéias,,,Conseguir pagar vocês com dinheiro ganhado com o método,,,,v2025-jun,NPS_06_2025.xlsx,NPS (PHARUS),594pmuq85e6m3iihgn594pmuq8ygsqnj,aba PHARUS da planilha,própria resposta
2025-Q2,Jun/2025,2025-06-13 10:06,Sergio Bugy,sergio bugy,PHARUS,Junior Teixeira,0.0,Detrator,2.0,,,,,,Desacreditei do método,Tenho clareza e estou executando com consistência,"Não tive resposta das minhas necessidades, além do programa ser muito raso nas opções que dão para investimentos. Depois de mais de 6 meses nunca tive um plano de verdade.","Primeiro um plano de verdade, com início meio e fim. Depois opções melhores de investimentos. A única opção diferente que deram foi em um investimento no escuro que promete rendimento alto mas com 2 meses com o dinheiro parado em caso de resgate. E mesmo assim, se vc colocar na conta o custo da assessoria, no fim ficaria elas por elas. Muito fraco, pelo que prometiam nas lives.",,"O básico é conseguir recuperar o valor pago na assessoria. Se tô pagando por uma assessoria financeira e no fim saio mais pobre com ela do q sem, não dá nem pra pensar em continuar. Mas precisava mesmo de produtos melhores. Ficaram só na conversa, colocar dinheiro em fundo D0 e comprar estúdio é o q todo mundo q pesquisa um pouquinho faz. Não precisava de assessor pra isso.",,,,v2025-jun,NPS_06_2025.xlsx,NPS (PHARUS),d6pv9agiefmnlb8n5hd6pvwa5mdz00sc,aba PHARUS da planilha,própria resposta
2025-Q2,Jun/2025,2025-06-13 10:11,Milton Gustavo,milton gustavo,PHARUS,Cleuber Anicesio,10.0,Promotor,10.0,,,,,,Totalmente no caminho,Tenho clareza e estou executando com consistência,Atenção do meu mentor Cleuber,,,Minha empresa seguir faturamento e meus consórcios forem contemplados,,,,v2025-jun,NPS_06_2025.xlsx,NPS (PHARUS),2xg91vx4pd3gbw9oi98rs2xg91d416ww,aba PHARUS da planilha,própria resposta
2025-Q2,Jun/2025,2025-06-13 10:19,Cristiano Anschau,cristiano anschau,PHARUS,Junior Teixeira,5.0,Detrator,5.0,,,,,,Desacreditei do método,Tenho clareza e estou executando com consistência,"Orientação muito genérica, superficial e ineficiente para meu caso. Valor muito alto pelo que pude usufruir",Resultado financeiro de fato ou expectativa de tê-la.,,Não tenho mais interesse.,,,,v2025-jun,NPS_06_2025.xlsx,NPS (PHARUS),32siypq1lmce0gdt0z32s0ngdx7kox6z,aba PHARUS da planilha,própria resposta
2025-Q2,Jun/2025,2025-06-13 10:21,Rodrigo V Mizuno,rodrigo v mizuno,PHARUS,Rafael Pracz,5.0,Detrator,8.0,,,,,,Estagnado ou travado,Estou travado em alguma parte e preciso de ajuda,Não atendeu minhas expectativas,"Receber as propostas que me foram apresentadas ... Principalmente home equity, etc... Investimento ficou pra trás... Tudo que eu almejava...",,Resultados,,,,v2025-jun,NPS_06_2025.xlsx,NPS (PHARUS),vm69usw6wdf7gqqn9nvm69ukmz5omcm7,aba PHARUS da planilha,própria resposta
2025-Q2,Jun/2025,2025-06-13 10:27,Rafael Furquim Siqueira,rafael furquim siqueira,PHARUS,Tiago Rodrigues,8.0,Neutro,9.0,,,,,,"Em progresso, mas com dúvidas",Tenho clareza e estou executando com consistência,"Estou gostando, mas ainda estou muito no começo para poder avaliar com critério",Ter o resultado esperado,,Ter algum resultado significativo logo no primeiro ano,,,,v2025-jun,NPS_06_2025.xlsx,NPS (PHARUS),j33jt6x5zjj33zxvk0o5868v4upkgsrl,aba PHARUS da planilha,própria resposta
2025-Q2,Jun/2025,2025-06-13 10:28,José Marcos Oliveira Itacaramby,jose marcos oliveira itacaramby,PHARUS,Junior Teixeira,8.0,Neutro,8.0,,,,,,"Em progresso, mas com dúvidas",Estou travado em alguma parte e preciso de ajuda,Ainda estou fazendo o procedimento,Ter uma resposta onde eu tenha resultado concreto.,,Ter bons resultados financeiros,,,,v2025-jun,NPS_06_2025.xlsx,NPS (PHARUS),dscmdhqhclmwyqw4qdbjldscmdhqb6ed,aba PHARUS da planilha,própria resposta
2025-Q2,Jun/2025,2025-06-13 10:33,Roselange Guimarães Goudinho,roselange guimaraes goudinho,PHARUS,Hendrick Ramos,6.0,Detrator,7.0,,,,,,Estagnado ou travado,Estou travado em alguma parte e preciso de ajuda,"Porque ainda é muito cedo pra estar fazendo esse tipo de avaliação, pois ainda não obtive nenhum resultado prático dessa mentoria. Tô achando muito lento o processo.",Que o processo fosse um pouco mais rápido no sentido de pelo menos eu conseguir ver que poderei realmente ter resultados lá na frente . Estou me sentindo na dúvida se essa mentoria vai valer a pena no final.,,Ver resultados,,,,v2025-jun,NPS_06_2025.xlsx,NPS (PHARUS),8phaxv9dmgg0nu3ukadd8phac8xstzy8,aba PHARUS da planilha,própria resposta
2025-Q2,Jun/2025,2025-06-13 10:34,Fabio Rigueto,fabio rigueto,PHARUS,Junior Teixeira,8.0,Neutro,9.0,,,,,,"Em progresso, mas com dúvidas","Entendi o método, mas ainda não implementei o suficiente","Classifico entre 7 e 8 até o momento, em termos de conteúdo é excelente, mas ainda estou efetivarem o resultados das ações e estratégias para ter uma avaliação mais clara",As ações e estratégias estruturadas se concretizarem em resultados reais,,As ações e estratégias estabelecidas juntamente com os investimentos feitos se tornarem reais fazendo com o que tenha um caminho mais claro e consistente em relação a construção da renda passiva de uma forma mais sólida.,,,,v2025-jun,NPS_06_2025.xlsx,NPS (PHARUS),arvc0fcv73cbtarvc0fj2pt056pc5g9o,aba PHARUS da planilha,própria resposta
2025-Q2,Jun/2025,2025-06-13 10:35,Alexandre Barreto de Souza,alexandre barreto de souza,PHARUS,Junior Teixeira,10.0,Promotor,10.0,,,,,,"Em progresso, mas com dúvidas","Entendi o método, mas ainda não implementei o suficiente",As oportunidades de alavancagem patrimonial.,,,Ter resultados concretos de evolução patrimonial que indique uma renda passiva consistente.,,,,v2025-jun,NPS_06_2025.xlsx,NPS (PHARUS),1ul90qo96vfryxdx1uk08317i2u8bv0u,aba PHARUS da planilha,própria resposta
2025-Q2,Jun/2025,2025-06-13 10:38,Wellington Flaubert Lima Xavier,wellington flaubert lima xavier,PHARUS,Rafael Pracz,5.0,Detrator,9.0,,,,,,"Em progresso, mas com dúvidas","Entendi o método, mas ainda não implementei o suficiente",Ainda estamos na fase de análise para elaboração de um plano de alavancagem. Até o momento não foi possível colocar algo em prática,A concretização da alavancagem sugerida e a aplicação dos aoutras técnicas para formação de uma renda passiva,,"Resultado esperado, resolução dos meu problemas",,,,v2025-jun,NPS_06_2025.xlsx,NPS (PHARUS),6xhdii6s9o95xw6xhd67bmjn4gezo9h3,aba PHARUS da planilha,própria resposta
2025-Q2,Jun/2025,2025-06-13 10:45,Camilo Souza,camilo souza,PHARUS,Rafael Pracz,9.0,Promotor,10.0,,,,,,"Em progresso, mas com dúvidas",Tenho clareza e estou executando com consistência,Um bom serviço,,,Acesso frequente,,,,v2025-jun,NPS_06_2025.xlsx,NPS (PHARUS),bp5wg2u1s57z3v8kbp5wfpzkkb2bb13b,aba PHARUS da planilha,própria resposta
2025-Q2,Jun/2025,2025-06-13 10:48,Evelin Estevez,evelin estevez,PHARUS,Gabriel Oliveira,10.0,Promotor,10.0,,,,,,Totalmente no caminho,Tenho clareza e estou executando com consistência,Gabriel tem feito um ótimo trabalho,,,Bater as metas daqui 5 ou menos anos vamos fazer parte do davos,,,,v2025-jun,NPS_06_2025.xlsx,NPS (PHARUS),rrh0h4mxchnuo8cohc8qrrh0h4m4eb96,aba PHARUS da planilha,própria resposta
2025-Q2,Jun/2025,2025-06-13 10:48,Géderson Rossato,gederson rossato,PHARUS,Cleuber Anicesio,7.0,Neutro,7.0,,,,,,Estagnado ou travado,Perdi o vínculo com o projeto e preciso retomar,Boas dicas na palestra de apresentação,Ter contato sempre com a mesma pessoa da equipe desde o início,,Alcançar meu objetivo nos primeiros dois anos,,,,v2025-jun,NPS_06_2025.xlsx,NPS (PHARUS),z8x4f20wcschyzj9xbmqa30o7z8x4fkk,aba PHARUS da planilha,própria resposta
2025-Q2,Jun/2025,2025-06-13 10:55,Jackson Laskoski,jackson laskoski,PHARUS,Tiago Rodrigues,8.0,Neutro,9.0,,,,,,"Em progresso, mas com dúvidas","Entendi o método, mas ainda não implementei o suficiente","Iniciamos agora a execução do planejamento realizado. Ainda não temos uma experiência em relação a 'RESULTADOS' propriamente dito mas os ""entregáveis"" até agora estão condizentes com a proposta inicial. Atendimento do Tiago Rodrigues é muito bom!",Apenas aguardando os resultados do planejemento que já foi executado.,,"02 motivos: A concretização dos resultados projetados (com a devida execução da minha parte, claro) e um valor acessível/justo/condizente para clientes que já são da carteira (pra continuar por 5 anos)!",,,,v2025-jun,NPS_06_2025.xlsx,NPS (PHARUS),vg3mvdweg173vg3y1699s2xu5bl540f6,aba PHARUS da planilha,própria resposta
2025-Q2,Jun/2025,2025-06-13 10:58,Luciene Rezende Vasconcelos,luciene rezende vasconcelos,PHARUS,Rafael Pracz,7.0,Neutro,10.0,,,,,,"Em progresso, mas com dúvidas","Entendi o método, mas ainda não implementei o suficiente",Ainda necessito mais tempo no programa,Avaliação do trabalho em em tempo médio de 3 a 5 meses. Rápido agendamento da primeira consultoria,,Resultados no primeiro ano.,,,,v2025-jun,NPS_06_2025.xlsx,NPS (PHARUS),h2g8l7t95xdgim0ta4v9i8h2g8pur6wk,aba PHARUS da planilha,própria resposta
2025-Q2,Jun/2025,2025-06-13 11:17,Bruno Chamorro,bruno chamorro,PHARUS,Gabriel Oliveira,1.0,Detrator,7.0,,,,,,Desacreditei do método,Perdi o vínculo com o projeto e preciso retomar,Não consegui entender e ver aplicação prática entre o que foi ofertado e o que acabei recebendo,Ter um acompanhamento melhor e uma estratégia clara em relação à multiplicação do patrimônio,,Ter um intensivão de realmente entender qual é o método e qual vai ser s estratégia aplicada,,,,v2025-jun,NPS_06_2025.xlsx,NPS (PHARUS),gblnzzwex2211zdwmgblnz2ckaxjkxxx,aba PHARUS da planilha,própria resposta
2025-Q2,Jun/2025,2025-06-13 11:23,Pedro Sesar Junior,pedro sesar junior,PHARUS,Hendrick Ramos,8.0,Neutro,9.0,,,,,,"Em progresso, mas com dúvidas",Tenho clareza e estou executando com consistência,Como é um processo demorado ainda não consigo ver os resultados. Talvez meu caso seja atípico pois antes do programa eu já era extremamente organizado financeiramente e sem nenhuma dívida.,Só esperar o tempo passar para ver se os resultados vão se concretizar.,,Ver resultados concretos,,,,v2025-jun,NPS_06_2025.xlsx,NPS (PHARUS),ttovcq8rq4xs9wgxk7cgttovcq8rfgud,aba PHARUS da planilha,própria resposta
2025-Q2,Jun/2025,2025-06-13 11:31,Laura Rodrigues Lopes,laura rodrigues lopes,PHARUS,Tiago Rodrigues,7.0,Neutro,7.0,,,,,,"Em progresso, mas com dúvidas",Estou travado em alguma parte e preciso de ajuda,"O programa trás as diretrizes de organização da vida financeira e ajuda a criar perspectivas para o acúmulo de patrimônio e independência financeira, mas não tem um acompanhamento tão personalizado quanto parece de início.","Acompanhamento e orientação mais personalizada, considerando a realidade e as possibilidades disponíveis no momento e no nível que o cliente se encontra.",,resultados claros e mensuráreis,,,,v2025-jun,NPS_06_2025.xlsx,NPS (PHARUS),mnjvntyvr91numnjvnt2me8ixr6jmo1n,aba PHARUS da planilha,própria resposta
2025-Q2,Jun/2025,2025-06-13 11:33,Daniela Patriani,daniela patriani,PHARUS,Cleuber Anicesio,8.0,Neutro,10.0,,,,,,Totalmente no caminho,Tenho clareza e estou executando com consistência,"A oportunidade de receber juros sinteticos, da Incorporação..",Ter indicações de renda fixa com menor taxa e consorcio tbem..,,Nao pagar pra renovar..,,,,v2025-jun,NPS_06_2025.xlsx,NPS (PHARUS),n9ntu5d2ht4rrk4bob2in9ntu5dmidft,aba PHARUS da planilha,própria resposta
2025-Q2,Jun/2025,2025-06-13 11:39,Giovani Bacin,giovani bacin,PHARUS,Cleuber Anicesio,7.0,Neutro,9.0,,,,,,"Em progresso, mas com dúvidas","Entendi o método, mas ainda não implementei o suficiente",Custo do contrato,Diminuir custo,,Mais certeza nos resultados,,,,v2025-jun,NPS_06_2025.xlsx,NPS (PHARUS),332pgyegyg2wptzt5yt332pg0ymcxz8y,aba PHARUS da planilha,própria resposta
2025-Q2,Jun/2025,2025-06-13 11:42,Daniel Lin Santos,daniel lin santos,PHARUS,Tiago Rodrigues,10.0,Promotor,10.0,,,,,,Totalmente no caminho,Tenho clareza e estou executando com consistência,"A possibilidade de fazer parte de uma comunidade de pessoas sérias e de um ecossistema completo de geração de riqueza que se retroalimenta por meio de mecanismos práticos, internos e externos, de construção patrimonial",,,Resultados,,,,v2025-jun,NPS_06_2025.xlsx,NPS (PHARUS),8fp0ixvw0hkelce0c0aovcl8fp0ixvwl,aba PHARUS da planilha,própria resposta
2025-Q2,Jun/2025,2025-06-13 11:44,DANIELLI BASTIANI RODRIGUES,danielli bastiani rodrigues,PHARUS,Gabriel Oliveira,9.0,Promotor,10.0,,,,,,"Em progresso, mas com dúvidas","Entendi o método, mas ainda não implementei o suficiente",Interesse e disponibilidade da equipe em esclarecer os questionamentos e dúvidas durante o processo.,,,"Conseguir visualizar um cenário real para alcançar a independência financeira, mesmo diante da situação econômica atual do país.",,,,v2025-jun,NPS_06_2025.xlsx,NPS (PHARUS),hucfs4tdqwvdblr7yj2huc9evl9pv51m,aba PHARUS da planilha,própria resposta
2025-Q2,Jun/2025,2025-06-13 11:45,Edson Nishida,edson nishida,PHARUS,Tiago Rodrigues,9.0,Promotor,9.0,,,,,,"Em progresso, mas com dúvidas","Entendi o método, mas ainda não implementei o suficiente",Organização,,,Resultados reais,,,,v2025-jun,NPS_06_2025.xlsx,NPS (PHARUS),xy9cloxrd1x5wzjkm81vxy9clt0qr4fa,aba PHARUS da planilha,própria resposta
2025-Q2,Jun/2025,2025-06-13 11:51,Divangela Kuligowski,divangela kuligowski,PHARUS,Rafael Pracz,10.0,Promotor,10.0,,,,,,Totalmente no caminho,Tenho clareza e estou executando com consistência,"Clareza, ótima orientação, confiança",,,A orientação e confiança que é passada,,,,v2025-jun,NPS_06_2025.xlsx,NPS (PHARUS),n3nvrgmrudj9uim8vpk1n3nvr65foph8,aba PHARUS da planilha,própria resposta
2025-Q2,Jun/2025,2025-06-13 11:58,Fabrício Alencar,fabricio alencar,PHARUS,Cleuber Anicesio,10.0,Promotor,10.0,,,,,,"Em progresso, mas com dúvidas","Entendi o método, mas ainda não implementei o suficiente",Acompanhamento e planejamento,,,Acompanhamento e resultados,,,,v2025-jun,NPS_06_2025.xlsx,NPS (PHARUS),fg0rv2ykedbybm6rd372i4fg0rv2ykko,aba PHARUS da planilha,própria resposta
2025-Q2,Jun/2025,2025-06-13 12:17,Patrícia Silveira Bandeira de Mello Campos Moura,patricia silveira bandeira de mello campos moura,PHARUS,Gabriel Oliveira,5.0,Detrator,5.0,,,,,,Desacreditei do método,Tenho clareza e estou executando com consistência,O problema não atendeu as expectativas. Falta de comunicação e ajuste às reais necessidades do nosso caso.,Ajustar o programa para as necessidades reais do nosso caso.,,Que as nossas reais necessidades estivessem contempladas no projeto. Não adianta um projeto engessado que não atende as necessidades de cada caso.,,,,v2025-jun,NPS_06_2025.xlsx,NPS (PHARUS),njqd6zmatkxcyvs5nnjqd6z77ks8ibjt,aba PHARUS da planilha,própria resposta
2025-Q2,Jun/2025,2025-06-13 12:23,Paulo Fernando Mesquita de Carvalho,paulo fernando mesquita de carvalho,PHARUS,Junior Teixeira,7.0,Neutro,9.0,,,,,,"Em progresso, mas com dúvidas",Estou travado em alguma parte e preciso de ajuda,Nos primeiros 6-8 meses o consultor que me daría suporte nao me dei atenção e não consegui evoluir. Depois que o junior começou comigo nota 10,Mais integração dos consultores,,Uma boa proposta e mais atenção do consultor,,,,v2025-jun,NPS_06_2025.xlsx,NPS (PHARUS),yjdx4fkw33by7zdklkqvmyjdx4fysuzf,aba PHARUS da planilha,própria resposta
2025-Q2,Jun/2025,2025-06-13 12:24,Jose Felipe Brabo Pastana,jose felipe brabo pastana,PHARUS,Junior Teixeira,5.0,Detrator,10.0,,,,,,Totalmente no caminho,"Entendi o método, mas ainda não implementei o suficiente",Ainda não começamos. A proposta é boa mas ainda não executamos nada no programa.,Maiores opções. Oportunidades de investimento. de,,Oportunidades de investimento em renda passiva.,,,,v2025-jun,NPS_06_2025.xlsx,NPS (PHARUS),6xwldfgtiri3kw6xwld9iuwy242c1mcw,aba PHARUS da planilha,própria resposta
2025-Q2,Jun/2025,2025-06-13 12:32,Thyago Nogueira Dantas,thyago nogueira dantas,PHARUS,Rafael Pracz,7.0,Neutro,10.0,,,,,,Estagnado ou travado,"Entendi o método, mas ainda não implementei o suficiente","Acredito que para pessoas endividadas os direcionamentos sejam muito acertivos, mas para acelerar a construção de patrimônio ainda nao tive muita clareza da eficiência.",Clareza e garantia nos metodos para acelerar a construção de patrimônio,,Ter uma visao clara dos investimentos que me trarao bons retornos,,,,v2025-jun,NPS_06_2025.xlsx,NPS (PHARUS),w5led42u50xlqeqwfcip8mzw5led44db,aba PHARUS da planilha,própria resposta
2025-Q2,Jun/2025,2025-06-13 12:38,DOUGLAS JANUÁRIO,douglas januario,PHARUS,Rafael Pracz,7.0,Neutro,9.0,,,,,,"Em progresso, mas com dúvidas",Estou travado em alguma parte e preciso de ajuda,MAIOR PROBLEMA SÃO OS HORÁRIOS MUITO DISTANTES..,MAIOR DISPONIBILIDADE DE HORÁRIOS,,RESULTADOS DENTRO DA PROPOSTA QUE FIRMAMOS,,,,v2025-jun,NPS_06_2025.xlsx,NPS (PHARUS),aeh6eq7wgqefsboaeh6eqtlcrxb4uk0q,aba PHARUS da planilha,própria resposta
2025-Q2,Jun/2025,2025-06-13 12:45,João Sena,joao sena,PHARUS,Hendrick Ramos,8.0,Neutro,10.0,,,,,,"Em progresso, mas com dúvidas",Tenho clareza e estou executando com consistência,Ainda em avaliação dos resultados que virão,Resultados expressivos,,Resultados expressivos,,,,v2025-jun,NPS_06_2025.xlsx,NPS (PHARUS),1t58v4z58uelgj91j6ng1t58v4z5c570,aba PHARUS da planilha,própria resposta
2025-Q2,Jun/2025,2025-06-13 12:48,Rodrigo Dantas,rodrigo dantas,PHARUS,Junior Teixeira,7.0,Neutro,8.0,,,,,,"Em progresso, mas com dúvidas",Tenho clareza e estou executando com consistência,"No meu caso, boa parte da organização financeira proposta no programa, eu já faço, então poderia ajudar pessoas com dificuldades de organização, mas estou em outro momento e o programa está um pouco abaixo das expectativas em relação ao custo beneficio, pelo menos para meu cenário atual","O valor do programa, pois por enquanto não acho que está valendo o custo x beneficio",,"Clareza do planejamento para alcançar a renda passiva para ter a independencia financeira, ainda não consigo enxergar tudo o que é necessário para alcançar a renda passiva de 30k/mês. Além disso, acho o investimento anual de 20k muito alto pelo retorno que estou tendo atualmente, hoje, para que eu faça uma renovação, eu precisaria de uma proposta bem mais atrativa para mantermos a parceria",,,,v2025-jun,NPS_06_2025.xlsx,NPS (PHARUS),kzwxt1dyfffm91ianapkzwxt1oahrk8o,aba PHARUS da planilha,própria resposta
2025-Q2,Jun/2025,2025-06-13 12:54,Claudia Teixeira,claudia teixeira,PHARUS,Tiago Rodrigues,7.0,Neutro,8.0,,,,,,"Em progresso, mas com dúvidas",Perdi o vínculo com o projeto e preciso retomar,Falta de opções para melhorar o rendiment,Ter mais opções para que eu consiga ampliar meu patrimônio,,Aumentar número de opções para aumentar renda,,,,v2025-jun,NPS_06_2025.xlsx,NPS (PHARUS),j1qyk1gdcm1w16j1qym1ldtsdlazu9p9,aba PHARUS da planilha,própria resposta
2025-Q2,Jun/2025,2025-06-13 12:56,Silvia Regina Strazzi,silvia regina strazzi,PHARUS,Cleuber Anicesio,10.0,Promotor,10.0,,,,,,"Em progresso, mas com dúvidas",Estou travado em alguma parte e preciso de ajuda,Competência da equipe e muito atenciosos,,,Ter sucesso nesta etapa em que estou e saber que posso progredir no processo,,,,v2025-jun,NPS_06_2025.xlsx,NPS (PHARUS),wdbm4gdcgxuj23c39lun8szewdbm4gdc,aba PHARUS da planilha,própria resposta
2025-Q2,Jun/2025,2025-06-13 13:01,Fernando Picetti,fernando picetti,PHARUS,Hendrick Ramos,9.0,Promotor,10.0,,,,,,Totalmente no caminho,"Entendi o método, mas ainda não implementei o suficiente","Estou bem satisfeito até agora. Como estou em uma fase inicial do processo, ainda não me sinto à vontade de dar um 10. Espero, muito em breve, dar nota máxima de satisfação.",,,"Ver os resultados, assim que efetivamente pôr em prática o planejado.",,,,v2025-jun,NPS_06_2025.xlsx,NPS (PHARUS),5x6ifnyzjy8d0bu5x6srgd9k8fj9h4l0,aba PHARUS da planilha,própria resposta
2025-Q2,Jun/2025,2025-06-13 13:02,Lucas Leonardo,lucas leonardo,PHARUS,Gabriel Oliveira,10.0,Promotor,10.0,,,,,,Totalmente no caminho,"Entendi o método, mas ainda não implementei o suficiente",Acompanhamento e suporte,,,Progressão e estabilidade financeira que me permita continuar implementando os métodos de crescimento patrimonial,,,,v2025-jun,NPS_06_2025.xlsx,NPS (PHARUS),xj013u9momc6pv39euxj013zdbir9fh3,aba PHARUS da planilha,própria resposta
2025-Q2,Jun/2025,2025-06-13 13:11,Eduardo Luiz Bittencourt,eduardo luiz bittencourt,PHARUS,Cleuber Anicesio,8.0,Neutro,10.0,,,,,,Totalmente no caminho,"Entendi o método, mas ainda não implementei o suficiente",Início da experiência,O resultado depois de 1 ano,,ROI - Resultado,,,,v2025-jun,NPS_06_2025.xlsx,NPS (PHARUS),axavgsi9cz3vpmls0j9axavgsi35ik6g,aba PHARUS da planilha,própria resposta
2025-Q2,Jun/2025,2025-06-13 13:20,Ana Cristina Mairesse,ana cristina mairesse,PHARUS,Hendrick Ramos,10.0,Promotor,10.0,,,,,,"Em progresso, mas com dúvidas","Entendi o método, mas ainda não implementei o suficiente",Adorei a metodologia e o atendimento.,,,O acompanhamento periódico com atualização das estratégias e ofertas.,,,,v2025-jun,NPS_06_2025.xlsx,NPS (PHARUS),vquptp4x0jn8sinp5smkrx7vquptaoit,aba PHARUS da planilha,própria resposta
2025-Q2,Jun/2025,2025-06-13 13:56,Henry Saar,henry saar,PHARUS,Cleuber Anicesio,10.0,Promotor,10.0,,,,,,Totalmente no caminho,Tenho clareza e estou executando com consistência,"Não é só uma metodologia, mas um ""Verdadeiro Ecossistema de Evolução Patrimonial"".",,,Os resultados no patrimônio.,,,,v2025-jun,NPS_06_2025.xlsx,NPS (PHARUS),6vr39scevdywfk1pza6vr3pyk5uv1zue,aba PHARUS da planilha,própria resposta
2025-Q2,Jun/2025,2025-06-13 14:19,Andreia Bernardes,andreia bernardes,PHARUS,Rafael Pracz,10.0,Promotor,10.0,,,,,,Estagnado ou travado,"Entendi o método, mas ainda não implementei o suficiente",Planejamento e resultado,,,Resultados,,,,v2025-jun,NPS_06_2025.xlsx,NPS (PHARUS),26bbbx5xc4n81bq26bbbx5ibjoza9kcw,aba PHARUS da planilha,própria resposta
2025-Q2,Jun/2025,2025-06-13 14:19,Daniel Marras,daniel marras,PHARUS,Hendrick Ramos,10.0,Promotor,10.0,,,,,,Totalmente no caminho,Tenho clareza e estou executando com consistência,Confiabilidade e conteúdo,,,Custo para manter assinatura,,,,v2025-jun,NPS_06_2025.xlsx,NPS (PHARUS),hpbqbx7og4skxlxwm1hpbq6ymt4zx0kn,aba PHARUS da planilha,própria resposta
2025-Q2,Jun/2025,2025-06-13 14:44,Marcelo Ribeiro Donatao,marcelo ribeiro donatao,PHARUS,Junior Teixeira,3.0,Detrator,9.0,,,,,,Desacreditei do método,"Entendi o método, mas ainda não implementei o suficiente","Pela propaganda nas redes sociais, eu esperava um acompanhamento mais detalhado. Da minha experiência, como cliente paguei caro por algo que muitos nem cobram. Do que levei até o momento, meu assessor da XP entrega. Escritórios de investimentos e alavancagem patrimonial também entregam. Quando entrei no programa a minha expectativa, talvez equivocada, era ter algo no financeiro, similar a um personal trainner, que acompanha seu mentorado, com lupa. Tanto é que depois deu reclamar dos serviços prestados mudaram meu consultor. Melhorou mais ainda a quem do que eu esperava receber e nada contra o assessor mas sim os serviços oferecidos. Basicamente tenho utilizado estas consultorias para confirmar as estratégias que acredito ser a mais viável para minha situação. Reitero, isto no mercado encontro sem custo. Para mim o ROI com a Pharus esta bem deficitário.","Insights que não vislumbrei, serviços detalhado de acompanhamento, tanto de construção patrimonial quanto de melhores práticas para se desendividar. Para mim é muita teoria e pouca prática.",,"Me apresentar de forma clara, objetiva e estruturada o passo a passo e acompanhamento com metas e objetivos bem como os mecanismos necessários para se atingir o objetivo almejado.",,,,v2025-jun,NPS_06_2025.xlsx,NPS (PHARUS),srpwsrp7l2ow9a6926mt4x6srpwsrlo0,aba PHARUS da planilha,própria resposta
2025-Q2,Jun/2025,2025-06-13 15:02,Thais Troll,thais troll,PHARUS,Rafael Pracz,8.0,Neutro,10.0,,,,,,"Em progresso, mas com dúvidas","Entendi o método, mas ainda não implementei o suficiente",Ainda estou no começo e não vi nenhum resultado,Um acompanhamento mais próximo que me mostrasse o q tenho q fazer. Uma reunião a cada 45 dias é muito pouco. Sinto q não estou evoluindo nada,,Ver resultado,,,,v2025-jun,NPS_06_2025.xlsx,NPS (PHARUS),ucu8ti17pl6mzxchyaucu8tiu3ag8hxa,aba PHARUS da planilha,própria resposta
2025-Q2,Jun/2025,2025-06-13 16:55,William Araujo,william araujo,PHARUS,Junior Teixeira,6.0,Detrator,9.0,,,,,,Estagnado ou travado,"Entendi o método, mas ainda não implementei o suficiente",Pouco conteúdo,Mais conteúdo na plataforma,,"Uma plataforma com ofertas, oportunidades e conteúdo",,,,v2025-jun,NPS_06_2025.xlsx,NPS (PHARUS),7kta0350ly8gma1k4qje7kta030a2n48,aba PHARUS da planilha,própria resposta
2025-Q2,Jun/2025,2025-06-13 17:41,Marcos Takimoto,marcos takimoto,PHARUS,Junior Teixeira,7.0,Neutro,7.0,,,,,,"Em progresso, mas com dúvidas","Entendi o método, mas ainda não implementei o suficiente","Não é o que eu esperava, é  muito eu fazer, e isso eu faria sozinho","Mais empenho de vocês,  teria que me ensinar e fazendo pra eu ver",,"Mais segurança e atitude da parte de vocês,  não acredito no método que vocês só falam e eu tenho que fazer tudo, vocês tem que fazer tudo e me mostrar que este é o caminho",,,,v2025-jun,NPS_06_2025.xlsx,NPS (PHARUS),mig2ft0u3gi85nzfjstntmig22spvjfe,aba PHARUS da planilha,própria resposta
2025-Q2,Jun/2025,2025-06-13 18:04,Denis Heringer,denis heringer,PHARUS,Rafael Pracz,5.0,Detrator,5.0,,,,,,Estagnado ou travado,Estou travado em alguma parte e preciso de ajuda,"Por enquanto o meu maior motivo de ter ingressado no programa nao foi atendido pelo meu estrategista. Fui apresentado varias estratégias, que pretendo implementa-las com certeza, porem o que eu gostaria de auxilio do meu estrategista, não obtive até então.","Acredito que foco maior no que eu havia pedido, me pareceu que as estratégias sao “fixas”,  a communicacao com o estrategista pode melhorar.",,"Um atendimento mais personalizado, quando entrei no programa, eu mencionei que sentiria que teria valido a pena caso trabalhassemos nos pontos que mencionei, mas confesso que fiquei um pouco decepcionado quando meu estrategista me apresentou o plano, pois nao incluia os principais pontos que eu havia mencionado no começo. Ainda assim, gostei do que foi apresentado, pretendo implementar todos os pontos o mais rapido possivel.",,,,v2025-jun,NPS_06_2025.xlsx,NPS (PHARUS),ezhl5ej2cno5gezqqnpyfb4i1gjrigqq,aba PHARUS da planilha,própria resposta
2025-Q2,Jun/2025,2025-06-13 18:23,Sarita Peres,sarita peres,PHARUS,Cleuber Anicesio,10.0,Promotor,10.0,,,,,,Totalmente no caminho,Tenho clareza e estou executando com consistência,Programa bem organizado e com bom direcionamento.,,,Conseguir atingir os resultados conforme o planejamento atual,,,,v2025-jun,NPS_06_2025.xlsx,NPS (PHARUS),pf0ng7858b1cw051i1vgpf0ngzbrfaoi,aba PHARUS da planilha,própria resposta
2025-Q2,Jun/2025,2025-06-13 18:43,Paulo Generino,paulo generino,PHARUS,Junior Teixeira,5.0,Detrator,9.0,,,,,,Desacreditei do método,"Entendi o método, mas ainda não implementei o suficiente",É um tikect alto para o que se propõe.,"Acho que um atendimento no estilo mentoria, com sessões online semanais, com tarefas e acompanhamento",,Pretendo caminhar por conta própria,,,,v2025-jun,NPS_06_2025.xlsx,NPS (PHARUS),1fa5rhy3ppmeflvgm1fa5r5o45sl13g0,aba PHARUS da planilha,própria resposta
2025-Q2,Jun/2025,2025-06-13 22:17,Poliana Souto Maior,poliana souto maior,PHARUS,Gabriel Oliveira,10.0,Promotor,10.0,,,,,,Totalmente no caminho,"Entendi o método, mas ainda não implementei o suficiente",Pela maneira de condução e assertividade no nosso plano de construção de patrimônio e pelo atendimento de excelência dos profissionais da equipe.,,,Conseguir no 1º ano implementar o método e ter os resultados previstos.,,,,v2025-jun,NPS_06_2025.xlsx,NPS (PHARUS),yq4gnhjhv3za38rjtyq4gn5luylvvb80,aba PHARUS da planilha,própria resposta
2025-Q2,Jun/2025,2025-06-14 11:59,Sergio Dantas de Andrade,sergio dantas de andrade,PHARUS,Gabriel Oliveira,8.0,Neutro,9.0,,,,,,Estagnado ou travado,Estou travado em alguma parte e preciso de ajuda,Dado o momento financeiro não estamos conseguindo por o plano em ação. Logo não tenho muito como avaliar o progresso.,Ter um plano para resolver primeiro as questões de pendências financeiras sem rer que procurar terceiros,,Ver resultados,,,,v2025-jun,NPS_06_2025.xlsx,NPS (PHARUS),giramexq8qnsrpk7jvvgiran5n77cz58,aba PHARUS da planilha,própria resposta
2025-Q2,Jun/2025,2025-06-14 13:56,Gabriel Nocera,gabriel nocera,PHARUS,Carlos Serafim,8.0,Neutro,9.0,,,,,,"Em progresso, mas com dúvidas","Entendi o método, mas ainda não implementei o suficiente","Por hora acredito que é um bom programa. faz sentido, mas preciso conhecer ainda",ter resultados efetivos. ver que a vida financeira e o patrimonio estao andando,,Ter resultados efetivos. ver que o patrimônio está crescendo,,,,v2025-jun,NPS_06_2025.xlsx,NPS (PHARUS),u56xp1mcfn677u8shl7gtu56xp1mcx78,aba PHARUS da planilha,própria resposta
2025-Q2,Jun/2025,2025-06-14 14:16,Rodrigo Rodrigues,rodrigo rodrigues,PHARUS,Tiago Rodrigues,7.0,Neutro,7.0,,,,,,"Em progresso, mas com dúvidas","Entendi o método, mas ainda não implementei o suficiente",Ainda temos pouco tempo para termos segurança no produto. E com a troca de consultor tivemos uma atraso para realinhamento,Evoluir com os projetos e enxergar os resultados propostos,,Resultado,,,,v2025-jun,NPS_06_2025.xlsx,NPS (PHARUS),p2lg304dj9wgaqup2lrzsv80bf6hkt3v,aba PHARUS da planilha,própria resposta
2025-Q2,Jun/2025,2025-06-14 14:21,Tatiana trad,tatiana trad,PHARUS,Carlos Serafim,8.0,Neutro,9.0,,,,,,"Em progresso, mas com dúvidas",Tenho clareza e estou executando com consistência,Ainda não ter os resultados,Começar a ver resultado na prática,,Ter resultados e seguir em resultados progressos,,,,v2025-jun,NPS_06_2025.xlsx,NPS (PHARUS),6qqcu1tfbrth2stden0hw6qqcu1txnv4,aba PHARUS da planilha,própria resposta
2025-Q2,Jun/2025,2025-06-14 15:46,Mariana Cardoso de Lima,mariana cardoso de lima,PHARUS,Junior Teixeira,7.0,Neutro,8.0,,,,,,Estagnado ou travado,Estou travado em alguma parte e preciso de ajuda,Talvez seja mais eficaz para aqueles que tem um capital para investir ou que terá previsão de ter .,Acompanhamento mais frequente e detalhado com dicas práticas e auxilio no gerenciamento pessoal das finanças.,,"Resultados mais tangíveis, programação mais detalhada",,,,v2025-jun,NPS_06_2025.xlsx,NPS (PHARUS),z4d1c0zziarg0pqxnh8y89yjz4d1c0zh,aba PHARUS da planilha,própria resposta
2025-Q2,Jun/2025,2025-06-14 17:36,Victor Soares,victor soares,PHARUS,Gabriel Oliveira,10.0,Promotor,10.0,,,,,,"Em progresso, mas com dúvidas","Entendi o método, mas ainda não implementei o suficiente",Excelente,,,Valores acessíveis,,,,v2025-jun,NPS_06_2025.xlsx,NPS (PHARUS),hd9ik4d1zsuov47lpioichhd9i4aupql,aba PHARUS da planilha,própria resposta
2025-Q2,Jun/2025,2025-06-14 22:15,Eduardo Alencar Thomaziello,eduardo alencar thomaziello,PHARUS,Gabriel Oliveira,10.0,Promotor,10.0,,,,,,Totalmente no caminho,Tenho clareza e estou executando com consistência,A orientação do personal advisor faz muita diferença,,,Já estou decidido a continuar,,,,v2025-jun,NPS_06_2025.xlsx,NPS (PHARUS),5yqpu98elntfpkj1dvc5yqpu6vus24it,aba PHARUS da planilha,própria resposta
2025-Q2,Jun/2025,2025-06-15 16:20,Valdecir Augusto Ribeiro Ferreira,valdecir augusto ribeiro ferreira,PHARUS,Hendrick Ramos,7.0,Neutro,8.0,,,,,,"Em progresso, mas com dúvidas","Entendi o método, mas ainda não implementei o suficiente",Delay de respostas e informações,Maior velocidade no acompanhamento,,Abertura de estrategias mais agressivas para acelerar a alavancagem,,,,v2025-jun,NPS_06_2025.xlsx,NPS (PHARUS),t9ht6e5hlzj1omt9ht65dn08vw37534h,aba PHARUS da planilha,própria resposta
2025-Q2,Jun/2025,2025-06-15 21:21,Dayane Chamarelli,dayane chamarelli,PHARUS,Gabriel Oliveira,9.0,Promotor,8.0,,,,,,"Em progresso, mas com dúvidas",Tenho clareza e estou executando com consistência,O conceito é interessante e eu recomendaria,,,"O atendimento é interessante, no entanto acredito que precisa melhorar no sentido de ter mais proatividade em sugerir oportunidades de maneira contínua (não apenas na reunião inicial). Apenas para deixar claro, quando acionamos nosso estrategista ele sempre nos atende muito bem…porém ter ofertas constantes de oportunidades seria muito bom. Outro ponto a melhorar é que gostaríamos de entender um pouco mais sobre determinadas estratégias, como por exemplo o consórcio… se houvesse conteúdo adicional/treinamento para entender melhor as possível estratégias, poderíamos explorar melhor as possibilidades de aplicação nos nossos negócios já existentes e possíveis oportunidades. No geral o feedback é positivo, melhorando estes pontos o programa elevaria o nível de conexão conosco.",,,,v2025-jun,NPS_06_2025.xlsx,NPS (PHARUS),q5ejsdqscjvqz2jz9riknq5ejsd0scv0,aba PHARUS da planilha,própria resposta
2025-Q2,Jun/2025,2025-06-16 08:10,Alexandre Salemme,alexandre salemme,PHARUS,Luiz Henrique,9.0,Promotor,10.0,,,,,,Totalmente no caminho,"Entendi o método, mas ainda não implementei o suficiente",Ainda não colhemos os frutos porém temos expectativa muito boa,,,Os resultados serem atingidos,,,,v2025-jun,NPS_06_2025.xlsx,NPS (PHARUS),wp7edgkbwgr7rugbnwp7edf1iw25k0nx,aba PHARUS da planilha,própria resposta
2025-Q2,Jun/2025,2025-06-16 08:33,Daniella Stuart Coelho Passos,daniella stuart coelho passos,PHARUS,Carlos Serafim,10.0,Promotor,10.0,,,,,,Estagnado ou travado,Estou travado em alguma parte e preciso de ajuda,"Até o momento da minha experiência, estive a todo momento muito bem atendida, as respostas são rápidas e atenciosas.",,,Ter realmente ganhos significativos nos meus investimentos,,,,v2025-jun,NPS_06_2025.xlsx,NPS (PHARUS),x5jp3uimwyfo6zsncix5jp36pa42pri1,aba PHARUS da planilha,própria resposta
2025-Q2,Jun/2025,2025-06-16 09:02,Viviane Fernandes Barros,viviane fernandes barros,PHARUS,Carlos Serafim,10.0,Promotor,10.0,,,,,,"Em progresso, mas com dúvidas",Estou travado em alguma parte e preciso de ajuda,Diferencial do programa,,,Metodologia para empreender,,,,v2025-jun,NPS_06_2025.xlsx,NPS (PHARUS),p1ia7raf6a22apv9f6p1iaw425vxhjtv,aba PHARUS da planilha,própria resposta
2025-Q2,Jun/2025,2025-06-16 10:19,Flavio Dias,flavio dias,PHARUS,Carlos Serafim,10.0,Promotor,10.0,,,,,,"Em progresso, mas com dúvidas","Entendi o método, mas ainda não implementei o suficiente",Suporte ativo,,,Ver os resultados das estrategias acontencendo,,,,v2025-jun,NPS_06_2025.xlsx,NPS (PHARUS),69xglt5y03xb93ia69xgl2qw951pnre3,aba PHARUS da planilha,própria resposta
2025-Q2,Jun/2025,2025-06-16 11:11,Victor Bicalho,victor bicalho,PHARUS,Rafael Pracz,8.0,Neutro,10.0,,,,,,"Em progresso, mas com dúvidas","Entendi o método, mas ainda não implementei o suficiente",Bom acompanhamento até o momento,"Eu estou sem renda no momento, então não deu pra construir uma estratégia muito ampla de construção de patrimônio. Mas acredito que quando isso ocorrer, será com muita qualidade",,Ver as estratégias funcionando,,,,v2025-jun,NPS_06_2025.xlsx,NPS (PHARUS),olq46rikhdwgir2xi4olq46rn5psncme,aba PHARUS da planilha,própria resposta
2025-Q2,Jun/2025,2025-06-16 11:41,lislene camargo,lislene camargo,PHARUS,Gabriel Oliveira,8.0,Neutro,10.0,,,,,,"Em progresso, mas com dúvidas",Tenho clareza e estou executando com consistência,"muito bom, mas fico receosa com os parceiros de consórcio",empresas mais conhecidas,,valor menor do projeto para anos seguintes e uma clareza de como avançar mais,,,,v2025-jun,NPS_06_2025.xlsx,NPS (PHARUS),t813b96o7b4ebpmes56qmt813bzwhfn7,aba PHARUS da planilha,própria resposta
2025-Q2,Jun/2025,2025-06-16 12:21,Hebert Domingies de Azevedo,hebert domingies de azevedo,PHARUS,Junior Teixeira,6.0,Detrator,7.0,,,,,,Desacreditei do método,Perdi o vínculo com o projeto e preciso retomar,"A promessa era muito alta, a entrega foi baixa. No meu negócio atual consigo rentabilidad3 bem superior as propostas pelos analistas.",Entregar algo que eu ainda não tenho.,,"Resultado, algo que ainda não sei fazer. Exemplo, a promessa de consórcio, eram grupos com ate 2000 membros, me apresentaram 1 único plano com 4000 cotas, na questão dos apartamentos para locação não me atende, hoje realizo empreendimentos com margem superior a 50% ao ano.",,,,v2025-jun,NPS_06_2025.xlsx,NPS (PHARUS),n2xanagr985ul0qoar3vn2xaw1j3z5me,aba PHARUS da planilha,própria resposta
2025-Q2,Jun/2025,2025-06-16 13:27,Alan Jardim,alan jardim,PHARUS,Rafael Pracz,9.0,Promotor,9.0,,,,,,"Em progresso, mas com dúvidas","Entendi o método, mas ainda não implementei o suficiente",Acredito na proposta do programa,,,Obter resultados parciais,,,,v2025-jun,NPS_06_2025.xlsx,NPS (PHARUS),71ts6sl3ufl6s9w6o5pt3yz71ts6o2h1,aba PHARUS da planilha,própria resposta
2025-Q2,Jun/2025,2025-06-16 16:42,Steves Vastay Garbim,steves vastay garbim,PHARUS,Luiz Henrique,10.0,Promotor,10.0,,,,,,"Em progresso, mas com dúvidas","Entendi o método, mas ainda não implementei o suficiente",Excelente atendimento,,,Se o objetivo inicial for alcançado,,,,v2025-jun,NPS_06_2025.xlsx,NPS (PHARUS),7njuihvh45a1mymvx7njuihs9ixm4e8h,aba PHARUS da planilha,própria resposta
2025-Q2,Jun/2025,2025-06-16 21:16,Bruno Abreu,bruno abreu,PHARUS,Gabriel Oliveira,8.0,Neutro,10.0,,,,,,Estagnado ou travado,"Entendi o método, mas ainda não implementei o suficiente",Ainda não consegui implementar as principais estratégias,Testar efetividade das estratégias de alavancagem,,Comprovar as estratégias e custo de manutenção,,,,v2025-jun,NPS_06_2025.xlsx,NPS (PHARUS),s1w8y3bcvitab4tgyyys1w8y3b1tvna5,aba PHARUS da planilha,própria resposta
2025-Q2,Jun/2025,2025-06-17 06:55,Breno Correa Farago Junior,breno correa farago junior,PHARUS,Gabriel Oliveira,10.0,Promotor,8.0,,,,,,"Em progresso, mas com dúvidas","Entendi o método, mas ainda não implementei o suficiente","Conteúdo esclarecedor, método, competência técnica da equipe, objetividade.",,,Custo acessível,,,,v2025-jun,NPS_06_2025.xlsx,NPS (PHARUS),g3zsfizv75qpu7wxtkughg3zsfizmjle,aba PHARUS da planilha,própria resposta
2025-Q2,Jun/2025,2025-06-17 11:41,Anderson da Silva Araújo,anderson da silva araujo,PHARUS,Hendrick Ramos,10.0,Promotor,10.0,,,,,,Totalmente no caminho,"Entendi o método, mas ainda não implementei o suficiente",Atendimento,,,Tendo resultados satisfatórios,,,,v2025-jun,NPS_06_2025.xlsx,NPS (PHARUS),i668kd59gunradakai6682pwzqfbpxcr,aba PHARUS da planilha,própria resposta
2025-Q2,Jun/2025,2025-06-17 12:22,Fernanda Satie Ikeda,fernanda satie ikeda,PHARUS,Carlos Serafim,10.0,Promotor,10.0,,,,,,"Em progresso, mas com dúvidas","Entendi o método, mas ainda não implementei o suficiente","Parece ser um bom programa, mas teria maior convicção após o desenvolvimento do programa.",,,Ter bons resultados no primeiro ano,,,,v2025-jun,NPS_06_2025.xlsx,NPS (PHARUS),tlzrv0cynylaqzstlzrcv6xqwenwgjzl,aba PHARUS da planilha,própria resposta
2025-Q2,Jun/2025,2025-06-17 13:05,Rodrigo,rodrigo,PHARUS,,4.0,Detrator,5.0,,,,,,Estagnado ou travado,Estou travado em alguma parte e preciso de ajuda,Não fixa nada ainda,Iniciar algo,,Se eu visse resultados,,,,v2025-jun,NPS_06_2025.xlsx,NPS (PHARUS),6dkkf9gsywhnlq6dkkfc9pof6v4w9clt,aba PHARUS da planilha,
2025-Q2,Jun/2025,2025-06-17 13:33,Fabio Celestino de Almeida Dranka,fabio celestino de almeida dranka,PHARUS,Rafael Pracz,5.0,Detrator,6.0,,,,,,"Em progresso, mas com dúvidas",Tenho clareza e estou executando com consistência,"Tem a teoria linda, mais a pratica tenho que encontrar na minha realidade e com os bancos, eles nao entregam o caminho, apenas indicam a direção sem garantias.",Se tivessem o lugar certo de pegar dinheiro barato e alocalo caro,,Resultados expressivos.,,,,v2025-jun,NPS_06_2025.xlsx,NPS (PHARUS),78weelhpbkp3zt7abc78wmlvdrpg8bhp,aba PHARUS da planilha,própria resposta
2025-Q2,Jun/2025,2025-06-17 14:48,Lean Sartori Silva,lean sartori silva,PHARUS,Gabriel Oliveira,10.0,Promotor,10.0,,,,,,Totalmente no caminho,Tenho clareza e estou executando com consistência,Visão 360 sobre patrimonio,,,O valor da Assinatura do acompanhamento,,,,v2025-jun,NPS_06_2025.xlsx,NPS (PHARUS),2a7d5p37amamf8956ef5rs43c9gemah8,aba PHARUS da planilha,própria resposta
2025-Q2,Jun/2025,2025-06-17 19:34,Rodrigo Candido Abreu,rodrigo candido abreu,PHARUS,Rafael Pracz,9.0,Promotor,9.0,,,,,,"Em progresso, mas com dúvidas","Entendi o método, mas ainda não implementei o suficiente",Tudo o que pude experimentar até agora. Só não dei 10 porque ainda quero avançar mais no programa antes.,,,Acredito que ver o progresso ocorrer vai ser a garantia que continuaremos juntos por um bom tempo.,,,,v2025-jun,NPS_06_2025.xlsx,NPS (PHARUS),cmw3ebbwomcnll7zj7cmw3ebgifemu3i,aba PHARUS da planilha,própria resposta
2025-Q2,Jun/2025,2025-06-17 23:39,Nelbia Pricilla de Aguiar Dambroz,nelbia pricilla de aguiar dambroz,PHARUS,Gabriel Oliveira,2.0,Detrator,10.0,,,,,,Desacreditei do método,Tenho clareza e estou executando com consistência,"Bom, pelo valor do investimento que é alto, havia uma expectativa maior. Acredito que a estratégia que vocês utilizam acaba se tornando inviável de ter um resultado ao longo de um ano do programa. Tanto pelo retropatrimonio, quanto para revenda de carta contemplada, ficamos refém das oportunidades que nós são dadas apenas pelo assessor. Sendo assim, acredito que muitas possibilidades e oportunidade se perdem.","Acesso a oportunidades melhores, que realmente possa chegar no que é proposto no início, construção de renda passiva.",,Resultado do método.,,,,v2025-jun,NPS_06_2025.xlsx,NPS (PHARUS),9dxw4khjgxlg1tw79dxdd6qsszlrcpxk,aba PHARUS da planilha,própria resposta
2025-Q2,Jun/2025,2025-06-18 07:19,Paulo Guidon,paulo guidon,PHARUS,Junior Teixeira,8.0,Neutro,10.0,,,,,,"Em progresso, mas com dúvidas",Tenho clareza e estou executando com consistência,Algumas poucas questões estao tendo menos ênfase,"Melhorar a atenção no retrofinanciamento, que acho que é o grande diferencial do programa.",,Continuidade da consistência.,,,,v2025-jun,NPS_06_2025.xlsx,NPS (PHARUS),bcilb96o4v0suqzzd4obcilehs5lwl0k,aba PHARUS da planilha,própria resposta
2025-Q2,Jun/2025,2025-06-18 10:09,Bruno Noronha,bruno noronha,PHARUS,Gabriel Oliveira,8.0,Neutro,8.0,,,,,,"Em progresso, mas com dúvidas","Entendi o método, mas ainda não implementei o suficiente","Programa é bom, mas não para qualquer momento financeiro",Uma estratégia para uso do FGTS em consórcio para quem tem mais de um imóvel e já o utilizou uma vez,,Entrar em um bom consórcio e ser contemplado em seguida,,,,v2025-jun,NPS_06_2025.xlsx,NPS (PHARUS),s7co6mbs9z59bpixyps7co6c0t65jo2t,aba PHARUS da planilha,própria resposta
2025-Q2,Jun/2025,2025-06-18 10:31,Evandro Garcia,evandro garcia,PHARUS,Rafael Pracz,8.0,Neutro,10.0,,,,,,"Em progresso, mas com dúvidas","Entendi o método, mas ainda não implementei o suficiente",Ainda conhecendo o processo,ter sucesso no meu processo,,ter muito sucesso com o método atual,,,,v2025-jun,NPS_06_2025.xlsx,NPS (PHARUS),w725byloib0oo3rmehhwsw725by6tb9b,aba PHARUS da planilha,própria resposta
2025-Q2,Jun/2025,2025-06-18 16:51,Michele Sabeh,michele sabeh,PHARUS,Rafael Pracz,8.0,Neutro,10.0,,,,,,"Em progresso, mas com dúvidas",Tenho clareza e estou executando com consistência,"Ainda estou iniciando os trabalhos e estou gostando,  mas não sei até o final de um ano que será possível fazer","Ter certeza de que no período de um ano, que é o acompanhamento que vou ter, terá alguma mudança significativa que realmente faça valer o investimento.  Tenho receio de ficar sem orientação antes de ocorrer alguma mudança de fato",,Resultados visíveis,,,,v2025-jun,NPS_06_2025.xlsx,NPS (PHARUS),3ldv3h92cjhjm3ldvhbxhbge5yy89dv8,aba PHARUS da planilha,própria resposta
2025-Q2,Jun/2025,2025-06-18 20:20,Rodrigo Wegner Willrich,rodrigo wegner willrich,PHARUS,Luiz Henrique,10.0,Promotor,10.0,,,,,,"Em progresso, mas com dúvidas","Entendi o método, mas ainda não implementei o suficiente",Apoio diario,,,O curso dar certo,,,,v2025-jun,NPS_06_2025.xlsx,NPS (PHARUS),0x5c7jbm8y223np0lfx0f70x5c7jbw4w,aba PHARUS da planilha,própria resposta
2025-Q2,Jun/2025,2025-06-18 23:40,Soeli Y N do Espirito Santo,soeli y n do espirito santo,PHARUS,Hendrick Ramos,5.0,Detrator,9.0,,,,,,Estagnado ou travado,Estou travado em alguma parte e preciso de ajuda,Ainda tenho poucas informações,Ainda não saberia ser objetiva nesta questão,,No momento ainda mal comecei o primeiro ano então sem elementos para definir,,,,v2025-jun,NPS_06_2025.xlsx,NPS (PHARUS),kl8c72cmbrqwk4apqkkl8c79l2se17q5,aba PHARUS da planilha,própria resposta
2025-Q2,Jun/2025,2025-06-19 10:46,Rodrigo Seiki Kiyohara,rodrigo seiki kiyohara,PHARUS,Gabriel Oliveira,9.0,Promotor,9.0,,,,,,Estagnado ou travado,"Entendi o método, mas ainda não implementei o suficiente",Estou satisfeito,,,"Se tiver apoio nas decisões do cliente. O cliente toma as decisões, às vezes assumindo riscos calculados.",,,,v2025-jun,NPS_06_2025.xlsx,NPS (PHARUS),y79dkrh0s65v6rbz8ey79dkqwjzouqqc,aba PHARUS da planilha,própria resposta
2025-Q2,Jun/2025,2025-06-19 11:18,Ana Paula Barco Guimarães,ana paula barco guimaraes,PHARUS,Gabriel Oliveira,9.0,Promotor,9.0,,,,,,Totalmente no caminho,Tenho clareza e estou executando com consistência,Pela possibilidade que o programa oferece,,,O valor e as possibilidades de retorno,,,,v2025-jun,NPS_06_2025.xlsx,NPS (PHARUS),zq5xqtz1vsh6h9j6cmzq5xqn8eu37r28,aba PHARUS da planilha,própria resposta
2025-Q2,Jun/2025,2025-06-20 12:47,Alan Santos,alan santos,PHARUS,Junior Teixeira,10.0,Promotor,10.0,,,,,,"Em progresso, mas com dúvidas",Tenho clareza e estou executando com consistência,Ditar um rumo às despesas mensais e o planejamento para investimento e receita recorrente no futuro,,,Se tiver uma reserva financeira para cumprir com as sugestões de construção de patrimônio,,,,v2025-jun,NPS_06_2025.xlsx,NPS (PHARUS),e4it50a25x53t2n9gzfwe4it5omokrwq,aba PHARUS da planilha,própria resposta
2025-Q2,Jun/2025,2025-06-20 13:25,Ronnie Braz,ronnie braz,PHARUS,Junior Teixeira,5.0,Detrator,8.0,,,,,,Estagnado ou travado,"Entendi o método, mas ainda não implementei o suficiente",Acredito que não vou recuperar o investimento,"Uma ferramenta de controle patrimonial melhor, fácil de ser preenchida, dinâmica que pudesse simular vários cenários. Uma gama de soluções maiores pras dificuldades do usuário e um atendimento mais rápido",,Sinceramente não sei,,,,v2025-jun,NPS_06_2025.xlsx,NPS (PHARUS),8uedpibo8n3x5ugm2bhak8uedpifvpn9,aba PHARUS da planilha,própria resposta
2025-Q2,Jun/2025,2025-06-20 17:23,Fabiano Perondi,fabiano perondi,PHARUS,Rafael Pracz,8.0,Neutro,9.0,,,,,,Estagnado ou travado,"Entendi o método, mas ainda não implementei o suficiente",Conhecimento técnico,NA,,NA,,,,v2025-jun,NPS_06_2025.xlsx,NPS (PHARUS),47svswobz5jbsuhh88wa0447svswom6m,aba PHARUS da planilha,própria resposta
2025-Q2,Jun/2025,2025-06-21 13:50,Bianca Haddad Abi Faraj,bianca haddad abi faraj,PHARUS,Hendrick Ramos,6.0,Detrator,9.0,,,,,,"Em progresso, mas com dúvidas",Tenho clareza e estou executando com consistência,"Pelo ticket alto do produto, eu esperava mais produtos de oportunidade para alavancagem, e mais opções de negócios para trabalhar. Sinto muito parado o programa, sem ter a percepção clara de avanço. Se eu não fosse procurar no mercado até agora eu não teria comprado cotas de consórcio, por exemplo.","Teria mais opções de negócios como: consórcios, studios na planta, renda sintética. 6 meses de programa e até agora não apareceu nada. Precisaria de mais oportunidades, e precisaria ter uma visão mais clara e ver meu avanço.",,Eu conseguir completar minha meta de 5 anos em 3 anos,,,,v2025-jun,NPS_06_2025.xlsx,NPS (PHARUS),665ym3ibctqh0sj4orzvo9q665yjpxqk,aba PHARUS da planilha,própria resposta
2025-Q2,Jun/2025,2025-06-22 15:47,Patrícia Scariot,patricia scariot,PHARUS,Cleuber Anicesio,10.0,Promotor,10.0,,,,,,Estagnado ou travado,Estou travado em alguma parte e preciso de ajuda,Conhecimento sobre a ciência do dinheiro,,,Ganhar muito mais dinheiro sem meu trabalho.,,,,v2025-jun,NPS_06_2025.xlsx,NPS (PHARUS),v6wgt5hchmo5heqd9avjv6wgt5k6iru3,aba PHARUS da planilha,própria resposta
2025-Q3,Out/2025,2025-09-28 15:38,Alan Raschke Immich Jardim,alan raschke immich jardim,PHARUS,Abner Braga,9.0,Promotor,9.0,,,,,,Totalmente no caminho,"Entendi o método, mas ainda não implementei o suficiente",Satisfeito com o atendimento,,Suporte do colaborador,Valor reduzido para renovação,Não,,,typeform 2025-26,historico_typeform.csv,Typeform NPS,1p8zffl6dpys51p8zfjhbcaibkgcwrqg,cadastro 2026-T2 (289 dias),cadastro 2026-T2
2025-Q3,Out/2025,2025-09-28 16:34,Márcio Watermann,marcio watermann,PHARUS,Willian Sobral,10.0,Promotor,9.0,,,,,,"Em progresso, mas com dúvidas","Entendi o método, mas ainda não implementei o suficiente",Diferenciação na metodologia,,Metodologia adotada.,Avanço no atingimento das metas,Me fez abrir a compreensão de diferentes aspectos que antes nem cogitava.,,,typeform 2025-26,historico_typeform.csv,Typeform NPS,zgyegzb7gbcy7z3g9hltchpr6wpy23g9,pharus 2 (81 dias),MARÇO
2025-Q3,Out/2025,2025-09-28 19:21,Roselange Guimarães Goudinho,roselange guimaraes goudinho,PHARUS,Hendrick Ramos,0.0,Detrator,6.0,,,,,,Desacreditei do método,Estou travado em alguma parte e preciso de ajuda,Até o momento não tive nenhum retorno para alavancagem de patrimônio ! Está tudo na mesma,Me oferecer alguma estratégia para eu poder começar a fazer essa tão prometida alavancagem de patrimônio,,Nem sei como responder pois até o momento estou travada,"Estou insatisfeita, pois esperava mais",,,typeform 2025-26,historico_typeform.csv,Typeform NPS,ajlybf7t84012sdffy3ajlylifl8ekyo,NPS (PHARUS) (107 dias),NPS (PHARUS)
2025-Q3,Out/2025,2025-10-01 14:42,Ana Paula Barco Guimarães,ana paula barco guimaraes,PHARUS,Gabriel Oliveira,10.0,Promotor,10.0,,,,,,"Em progresso, mas com dúvidas",Tenho clareza e estou executando com consistência,Desempenho do processo de desenvolvimento financeiro,,A possibilidade de descobrir meus erros,Benefícios e valores,Não,,,typeform 2025-26,historico_typeform.csv,Typeform NPS,vvrs25f6ay4s7u43uk3vvrsh7gz6rhha,NPS (PHARUS) (104 dias),NPS (PHARUS)
2025-Q3,Out/2025,2025-10-01 14:56,Denylson Sanches Fernandes,denylson sanches fernandes,PHARUS,João Aliceda,10.0,Promotor,10.0,,,,,,"Em progresso, mas com dúvidas","Entendi o método, mas ainda não implementei o suficiente",Confiança,,Disposiçao em tirar duvidas,Resultados obtidos,Agradecer,,,typeform 2025-26,historico_typeform.csv,Typeform NPS,7lkg244vn1ktmopwrw71f7lkg268p63w,pharus 2 (75 dias),MARÇO
2025-Q3,Out/2025,2025-10-01 15:32,Fernando Armani Picetti,fernando armani picetti,PHARUS,Hendrick Dorner,9.0,Promotor,9.0,,,,,,"Em progresso, mas com dúvidas","Entendi o método, mas ainda não implementei o suficiente",Confiança.,,Atendimento personalizado,Resultados concretos.,Não.,,,typeform 2025-26,historico_typeform.csv,Typeform NPS,xk4rmofyu1swn0exk49zojlrzr0q4zh0,pharus 2 (76 dias),MARÇO
2025-Q3,Out/2025,2025-10-01 15:57,Saulo Lourenço Siqueira,saulo lourenco siqueira,PHARUS,Tales Salinas Rozo,10.0,Promotor,10.0,,,,,,Totalmente no caminho,Tenho clareza e estou executando com consistência,Acompanhamento individual e orientações claras,,Ter fundamento forte tudo bem explicado e orientado,Começar a ver os resultados iniciais,Nao,,,typeform 2025-26,historico_typeform.csv,Typeform NPS,4horgvbq30veiehj4horglappanramqc,pharus 2 (75 dias),MARÇO
2025-Q3,Out/2025,2025-10-01 16:25,Marco Antônio Lia,marco antonio lia,PHARUS,Abner Braga,8.0,Neutro,10.0,,,,,,Totalmente no caminho,Tenho clareza e estou executando com consistência,Estou otimista mas preciso de mais resultados,Nada. Continuem assim,,Depende do custo.,Nao,,,typeform 2025-26,historico_typeform.csv,Typeform NPS,us5tx61ccc0wjexu10us5tx6ecl3h6et,pharus 2 (76 dias),MARÇO
2025-Q3,Out/2025,2025-10-01 16:53,Sarah de Sousa Freitas,sarah de sousa freitas,PHARUS,Tiago Junior,8.0,Neutro,10.0,,,,,,"Em progresso, mas com dúvidas",Tenho clareza e estou executando com consistência,"Estou gostando, mas ainda acho cedo para indicar.",Continuar prestando bons serviços para que eu tenha total confiança de indicar para alguém.,,Ter resultados consistentes em todos os anos.,Não,,,typeform 2025-26,historico_typeform.csv,Typeform NPS,h52ruyq7zky22g71d1h52rufb63k6o04,MARÇO (175 dias),MARÇO
2025-Q3,Out/2025,2025-10-01 17:02,Daniel Felice Guerreiro Nascimento,daniel felice guerreiro nascimento,PHARUS,,8.0,Neutro,10.0,,,,,,Totalmente no caminho,Tenho clareza e estou executando com consistência,Boa acessibilidade a equipe e projetos tracados individualmente,Preço mais acessivel,,Preço,Satisfeito,,,typeform 2025-26,historico_typeform.csv,Typeform NPS,l5ja4d6zzhnk4l5ts7zu9lhlmwd798gt,pharus 2 (76 dias),
2025-Q3,Out/2025,2025-10-01 17:09,Fernando Antônio Fernandes,fernando antonio fernandes,PHARUS,Tales Salinas Rozo,8.0,Neutro,10.0,,,,,,"Em progresso, mas com dúvidas",Tenho clareza e estou executando com consistência,"Já indiquei um casal de amigos que está no programa. Minha nota é 8 pelo tempo que estou, ainda não tenho toda a certeza para o 10.","Acredito que naturalmente acontecerá , o tempo e o amadurecimento do meu projeto proporcionarão isso.",,Ter mais certeza de onde chegarei.,"Estou me dedicando e fazendo todo o proposto pelo método , espero muita responsabilidade da equipe , porque é o resultado de meu trabalho duro.",,,typeform 2025-26,historico_typeform.csv,Typeform NPS,lvle6q2yn2e06lvle60anji3zbkon3kv,pharus 2 (76 dias),NPS (PATRIMONIUM)
2025-Q3,Out/2025,2025-10-01 17:14,Bruna Amarante Kuhnen,bruna amarante kuhnen,PHARUS,Tiago Junior,8.0,Neutro,10.0,,,,,,Totalmente no caminho,Tenho clareza e estou executando com consistência,Vejo uma possibilidade de retorno real  com a orientação de vcs.,"No nosso caso, só precisamos de mais tempo para poder obter os resultados.",,Obter resultados concretos nesse 1o ano.,no momento não.,,,typeform 2025-26,historico_typeform.csv,Typeform NPS,zh1m2bya6wlhhzh1m2byiaiyi1dbeeh3,MARÇO (179 dias),MARÇO
2025-Q3,Out/2025,2025-10-01 17:37,Carlos Alberto de Andrade Peixoto,carlos alberto de andrade peixoto,PHARUS,Tiago Junior,10.0,Promotor,10.0,,,,,,Totalmente no caminho,Tenho clareza e estou executando com consistência,Gostei muito do atendimento,,O conhecimento dos profissionais,Mais um pouco de execução de ações,Não,,,typeform 2025-26,historico_typeform.csv,Typeform NPS,q43pnag0cpa4oslylgq43pna8zhep433,MARÇO (176 dias),MARÇO
2025-Q3,Out/2025,2025-10-01 18:46,Victor Vasconcelos Figueiredo,victor vasconcelos figueiredo,PHARUS,Rodrigo Lunardi,9.0,Promotor,9.0,,,,,,Totalmente no caminho,"Entendi o método, mas ainda não implementei o suficiente",Alto nível do serviço e assistência prestados.,,"A personalização do serviço, poder ter pessoas acompanhando seu processo específico, com quem você tem fácil contato e com um planejamento moldável a sua situação de vida e adaptável às mudanças.",Perceber o avanço em nossas estratégias e que realmente fazer sentido com minha situação de vida e com nosso planejamento a longo prazo.,"Até aqui sigo satisfeito com o suporte que me foi dado, as informações e a acessibilidade à equipe.",,,typeform 2025-26,historico_typeform.csv,Typeform NPS,qk4jdytvhbhiy7kogieuvq2qk4jdytvb,pharus (173 dias),cadastro 2026-T2
2025-Q3,Out/2025,2025-10-01 19:52,Elisson Antonio Francelino dos Santos,elisson antonio francelino dos santos,PHARUS,Rodrigo Lunardi,10.0,Promotor,10.0,,,,,,"Em progresso, mas com dúvidas",Tenho clareza e estou executando com consistência,"Abordagem prática, resultados visíveis e acolhimento.",,Comprometimento da equipe com os resultados,Verificação de resultados práticos,Seguimos,,,typeform 2025-26,historico_typeform.csv,Typeform NPS,5rxdomn6ifgfo3lswxu5rxdomcvxwvbh,pharus 2 (75 dias),MARÇO
2025-Q3,Out/2025,2025-10-01 21:16,Adriano José da silva,adriano jose da silva,PHARUS,,7.0,Neutro,8.0,,,,,,"Em progresso, mas com dúvidas",Estou travado em alguma parte e preciso de ajuda,Precisa de mais aproximação,Mais estratégia claras,,O quarto caminho fazer eu ganhar dinheiro,Não,,,typeform 2025-26,historico_typeform.csv,Typeform NPS,jspskfu4mm0i7e6mybwlkjspskfu4wd4,pharus 2 (75 dias),
2025-Q3,Out/2025,2025-10-01 21:20,Felipe Fajioli Lara,felipe fajioli lara,PHARUS,Carlos Serafim,9.0,Promotor,10.0,,,,,,"Em progresso, mas com dúvidas",Tenho clareza e estou executando com consistência,"As orientações claras e objetivas, além de suporte sempre que necessário.",,"As orientações claras e objetivas, além de suporte sempre que necessário.",A percepção de resultados concretos relacionados à renda passiva.,Não.,,,typeform 2025-26,historico_typeform.csv,Typeform NPS,6923xi2r3o8vtuq56923xi057rjk7vty,pharus (175 dias),MARÇO
2025-Q3,Out/2025,2025-10-01 21:34,Poliana Cristina Souto Maior Da Silva,poliana cristina souto maior da silva,PHARUS,Gabriel Oliveira,10.0,Promotor,10.0,,,,,,Totalmente no caminho,"Entendi o método, mas ainda não implementei o suficiente",Pela visão financeira promissora e orientações precisas para uma ampliação do meu patrimônio.,,As variadas opções e possibilidades de  construção e ampliação de patrimônio.,Conseguir atingir minha liberdade financeira mais rápido.,Método eficiente e preciso.,,,typeform 2025-26,historico_typeform.csv,Typeform NPS,yao069enl998dcj7wmzh6yao063uhztt,pharus 2 (78 dias),MARÇO
2025-Q3,Out/2025,2025-10-02 07:02,Janete de Queiroz Costa Pinheiro,janete de queiroz costa pinheiro,PHARUS,,10.0,Promotor,10.0,,,,,,Totalmente no caminho,Tenho clareza e estou executando com consistência,Minha satisfação com que meu estrategista me passa  as atitudes que tenho de tomar,,A confiança,A certeza que terei o que almejo,Por enquanto tá otima,,,typeform 2025-26,historico_typeform.csv,Typeform NPS,3lol38uvv426003lozjtjrn3p8miv86c,pharus 2 (79 dias),
2025-Q3,Out/2025,2025-10-02 07:26,Rodrigo César Jarochinski e Santos,rodrigo cesar jarochinski e santos,PHARUS,,5.0,Detrator,8.0,,,,,,"Em progresso, mas com dúvidas","Entendi o método, mas ainda não implementei o suficiente",Ainda não fizemos quase nada,"Como eu não tinha capital suficiente para iniciar os investimentos, não tenho resposta",,Ter ganhos maiores que no mercado financeira tradicional,Não,,,typeform 2025-26,historico_typeform.csv,Typeform NPS,fo510smwed62if99vxfo51lhzznui9u6,pharus 2 (78 dias),
2025-Q3,Out/2025,2025-10-02 11:00,Leandro Pincinato,leandro pincinato,PHARUS,Rafael Pracz,8.0,Neutro,7.0,,,,,,"Em progresso, mas com dúvidas",Tenho clareza e estou executando com consistência,Os resultados são de médio longo prazo então ainda não consigo avaliar a performance das recomendações,"Algumas promessas não foram cumpridas. Por mais de uma vez foi prometido fazer uma revisão dos meus seguros e essa revisão não ocorreu. Além disso, as aulas ensinando os fundamentos de cada estratégia, que foram prometidas no lançamento, ainda não foram disponibilizadas. Outro ponto é a atualização mensal do fluxo de caixa que da bastante trabalho pra fazer.",,Ter resultados financeiros claros e tangíveis.,"O projeto é muito legal, acredito no potencial. A execução ainda necessita de ajustes.",,,typeform 2025-26,historico_typeform.csv,Typeform NPS,83z9cjjzg6ybldlllg7183z9cjjzb8zb,NPS (PHARUS) (111 dias),NPS (PHARUS)
2025-Q3,Out/2025,2025-10-02 12:34,William Leite Leme Júnior,william leite leme junior,PHARUS,,10.0,Promotor,7.0,,,,,,Totalmente no caminho,"Entendi o método, mas ainda não implementei o suficiente","As orientações necessárias, mas realistas que são dadas",,"A sinceridade, alinhamento de expectativas e direcionamento.","Ver o plano concreto e claro, em funcionamento, já com retorno","Sim. Entendi o método e fiz muito sentido. Apenas sinto que meu estrategista poderia ser mais assertivo e diretivo em algumas orientações. Tipo ""Faça isso"", ""Faça aquilo"", ""Melhor esse ou aquele""",,,typeform 2025-26,historico_typeform.csv,Typeform NPS,7l5peruwua4dcietmp7l5peryfbndjgm,pharus 2 (75 dias),
2025-Q3,Out/2025,2025-10-02 17:16,Mariana Volpi Oliveira,mariana volpi oliveira,PHARUS,Carlos Serafim,10.0,Promotor,10.0,,,,,,Totalmente no caminho,Tenho clareza e estou executando com consistência,"Está atendendo as expectativas, respostas rápidas",,"Seriedade, profissionalismo, entendimento",Resultados visíveis e consistentes neste primeiro ano,Nao,,,typeform 2025-26,historico_typeform.csv,Typeform NPS,p8cpoj7g1l3u3zkqz7kp8cpo78m4oyhw,base mecanismos (271 dias),base mecanismos
2025-Q3,Out/2025,2025-10-02 19:47,José Wellington Pereira Viana,jose wellington pereira viana,PHARUS,Hendrick Dorner,10.0,Promotor,10.0,,,,,,Totalmente no caminho,Tenho clareza e estou executando com consistência,Tudo que foi oferecido no planejamento.,,Atenção do Hendrik.,Preço,Acredito que um valor mais baixo somente para acompanhamento do planejamento seria ideal.,,,typeform 2025-26,historico_typeform.csv,Typeform NPS,mwwyt2hf4vx0dkx8comfmwwyt2hsjixp,pharus (172 dias),MARÇO
2025-Q3,Out/2025,2025-10-02 20:22,luciano cardoso de souza,luciano cardoso de souza,PHARUS,,8.0,Neutro,9.0,,,,,,"Em progresso, mas com dúvidas",Tenho clareza e estou executando com consistência,"Boas orientações, mas sinto falta de um maior aprofundamento com indicações de imóveis, um dos pontos sugeridos de investimento na planta",Os pontos de indicação de imóveis na planta com maior probabilidade de ganho de capital,,Os resultados previstos ocorrerem de fato,Não,,,typeform 2025-26,historico_typeform.csv,Typeform NPS,eq8bujmb37k20t5mdeq8b0r9uuoa6fhi,pharus 2 (75 dias),
2025-Q3,Out/2025,2025-10-02 21:25,Eliane Mara Gadelha,eliane mara gadelha,PHARUS,,2.0,Detrator,4.0,,,,,,Desacreditei do método,Perdi o vínculo com o projeto e preciso retomar,Falta de confiança,Passar maior segurança.,,Sentir confiança no método,Estou arrependida,,,typeform 2025-26,historico_typeform.csv,Typeform NPS,bgxwjki8w1ha4mhlmqcjbgxwjk6wtrud,pharus 2 (74 dias),
2025-Q3,Out/2025,2025-10-03 18:36,Edson Mitsuo Nishida,edson mitsuo nishida,PHARUS,Cleuber Anicesio,8.0,Neutro,9.0,,,,,,"Em progresso, mas com dúvidas","Entendi o método, mas ainda não implementei o suficiente",falta de um contrato formal,contrato de prestação de serviços,,apresentar resultados,nao,,,typeform 2025-26,historico_typeform.csv,Typeform NPS,7k4tlcwfm2vtl17k4p9f9ero3pc5mnpk,MARÇO (170 dias),MARÇO
2025-Q3,Out/2025,2025-10-04 12:33,Ana Claudia Silveira Camargo,ana claudia silveira camargo,PHARUS,Carlos Serafim,6.0,Detrator,9.0,,,,,,"Em progresso, mas com dúvidas",Tenho clareza e estou executando com consistência,"Ainda não recomendaria. Apesar de cumprir as etapas, ainda não vi o conteúdo aplicado no meu caso pessoal. Por enquanto só organização financeira.","Avançar nas estratégias, entregar o conteúdo que foi vendido.",,Perceber o avanco,Nao,,,typeform 2025-26,historico_typeform.csv,Typeform NPS,dl8oa2mqpmx5iim7pwdl8oa2mk6jgcwy,pharus 2 (94 dias),base mecanismos
2025-Q3,Out/2025,2025-10-04 13:07,Janete Perin Turazzi,janete perin turazzi,PHARUS,Leonardo Palaver Pereira,8.0,Neutro,9.0,,,,,,Estagnado ou travado,"Entendi o método, mas ainda não implementei o suficiente",O preço alto da assessoria,"Preço e mais cursos, workshops, reuniões com os bem sucedidos no plano",,Êxito no plano,.,,,typeform 2025-26,historico_typeform.csv,Typeform NPS,tekp682ykrdrakohztekp6a1ottai1fk,MARÇO (171 dias),MARÇO
2025-Q3,Out/2025,2025-10-06 08:27,Milena De Locco Martins,milena de locco martins,PHARUS,Abner Braga,6.0,Detrator,10.0,,,,,,"Em progresso, mas com dúvidas","Entendi o método, mas ainda não implementei o suficiente","Apesar do atendimento ser ótimo, ainda não vi os resultados e por isso não me sinto confiante em indicar , até pq não é um investimento qualquer","Até agora eu tive contato basicamente com o Junior, que é excelente! Mas esperava ter mais conteúdos na plataforma, pequenos insights semanais, e mais interação com outros especialistas, incluindo o Adrian (talvez na apresentação final do plano)",,Resultados palpáveis,"Vocês tem uma proposta excelente, precisam somente enriquecer  a experiência! Trazer mais proximidade tb com o principal rosto do produto (Adrian).",,,typeform 2025-26,historico_typeform.csv,Typeform NPS,mp0gpl4gglsaj0bmp0g2pbuvvsr64lef,cadastro 2026-T2 (281 dias),cadastro 2026-T2
2025-Q3,Out/2025,2025-10-06 11:06,Flavia Vieira Brandão de Oliveira,flavia vieira brandao de oliveira,PHARUS,Abner Braga,10.0,Promotor,10.0,,,,,,"Em progresso, mas com dúvidas","Entendi o método, mas ainda não implementei o suficiente",Disponibilidade e clareza de informações,,"Multiplicidade de investimentos, informações claras e disponibilidade",Entender melhor o método e sentir segurança em investir,Abner é excelente! Muito disponível e ótimo e claro em explicar os passos e possibilidades!,,,typeform 2025-26,historico_typeform.csv,Typeform NPS,ltg7ftjomssn08dltg7fesw5bwcb4yf6,pharus 2 (80 dias),NPS (PATRIMONIUM)
2025-Q3,Out/2025,2025-10-06 12:53,Joao Victor Cardoso De Moraes,joao victor cardoso de moraes,PHARUS,Rodrigo Lunardi,9.0,Promotor,9.0,,,,,,"Em progresso, mas com dúvidas",Tenho clareza e estou executando com consistência,"Acredito muito no conhecimento técnico transmitido pelos profissionais envolvidos. Como a parceria é recente e os resultados naturalmente lentos, ainda tenho uma ponta de insegurança",,O entendimento transmitido sobre construção de riqueza. Acredito que poderia ter mais aulas pra aumentar a compreensão,Resultados rápidos e um fluxo de capital maior do que eu faço atualmente,"Estou um pouco inseguro com o processo. Parecia que a estratégia dos consórcios seria mais rápida (sei que não é bem assim, mas expectativa criada foi maior). Algumas oportunidades de investimento ocorrem apenas dentro da plataforma da quartavia e isso me deixa inseguro e de certa forma dependente demais do sistema. Meu ganho mensal com meu trabalho parece estar aquém de deixar tranquilo para que eu possa fazer dívidas boas, não me sinto confiante em fazer tantos compromissos financeiros",,,typeform 2025-26,historico_typeform.csv,Typeform NPS,owdlhr7bbl4wul7dkvowdlhr6xuprvdl,cadastro 2026-T2 (281 dias),cadastro 2026-T2
2025-Q3,Out/2025,2025-10-08 10:46,Valdecir Augusto Ribeiro Ferreira,valdecir augusto ribeiro ferreira,PHARUS,Hendrick Ramos,8.0,Neutro,8.0,,,,,,Totalmente no caminho,Tenho clareza e estou executando com consistência,Creio que se enquadra ao contexto empresarial para inicio de entendimento em relação a escala patrimonio para empresarios sem a devida amplitude ou entendimento do tema.,Melhorar o onboarding do cliente ou mesmo remeter relatorios periodicos de avanço ou piora da saude financeira e plano do cliente,,"Um plno bem definido de onde posso chegar mediante minha situação atual de hoje, comprovando em calculos praticos que em 05 anos eu teria minha independencia financeira pela renda passiva","Tinha duvidas em relação a alavancagem patrimonial, muitos mitos estão existentes no mercado, mas, o fato é que as melhores praticas estão fechadas dentro de um grupo de açoes e demandam pratica sobre elas. Creio que algumas estrategias mais arrojadas estão ocultas para o publico que está no Davus, e a estrategia está corretissima, mas, em menor escala tambem podem ser utilizadas em quem está no Pharus. Por fim, eu respeito o preço do conhecimento e ter ciencia do caminho a ser percorrido, o vlor investido já é valido.",,,typeform 2025-26,historico_typeform.csv,Typeform NPS,rrpjme93p2wbcorrpjmegyrtk0ep4tzg,pharus 2 (75 dias),NPS (PHARUS)
2025-Q3,Out/2025,2025-10-09 14:31,Bruno Tubino Noronha,bruno tubino noronha,PHARUS,,6.0,Detrator,8.0,,,,,,Estagnado ou travado,"Entendi o método, mas ainda não implementei o suficiente","A execução da principal estratégia não depende apenas de si, mas de ter familiares ou pessoas próximas em condições de adquirir seu imóvel",Mais estratégias que não dependam da comprovação de renda de terceiros,,"Iniciar uma boa estratégia de consórcio, pagar bem menos na renovação do Pharus","Gabriel explicou bem o método todo, atende muito bem. Porém, estou há meses aguardando surgir uma carta contemplada de 100 mil. Além disso, a principal razão que me fez entrar no programa foi a promessa de entrar em uma estratégia de consórcio que aceitasse o FGTS como lance, mesmo já tendo o utilizado para quitar o imóvel onde moro (isso afirmado pelo atendente que me convenceu a entrar no Pharus). Contudo, Gabriel já me informou que isso é impossível.",,,typeform 2025-26,historico_typeform.csv,Typeform NPS,pcd7y1lahmrrmd36xpcd7y126xt0m3g3,pharus 2 (77 dias),
2025-Q3,Out/2025,2025-10-13 19:45,Ana Maria Soria,ana maria soria,PHARUS,Cleuber Anicesio,5.0,Detrator,7.0,,,,,,Estagnado ou travado,Tenho clareza e estou executando com consistência,"Só eu estou cumprindo o combinado , até agora não recebi nenhuma indicação para aumentar meu patrimônio","Me ajudar na construção do meu patrimônio Cf combinado, estou só na fase de poupar.",,Ter resultados financeiros concretos,"Meu estrategista é muito bonzinho, excelente pessoa, atencioso mas não me trouxe as oportunidades prometidas",,,typeform 2025-26,historico_typeform.csv,Typeform NPS,rmakva26tra39k3jjoo3rmakvm89740f,cadastro 2026-T2 (274 dias),cadastro 2026-T2
2025-Q3,Out/2025,2025-10-17 15:00,Marcus Castilho Monteiro,marcus castilho monteiro,PHARUS,Tiago Junior,8.0,Neutro,10.0,,,,,,Estagnado ou travado,"Entendi o método, mas ainda não implementei o suficiente","A proposta é excelente, as ideias são muito boas, mas ainda não pudemos aproveitar todo esse potencial. Em parte porque ainda estamos em uma fase de reestruturação financeira, e por isso não estamos vendo o retorno esperado. Porém estamos evoluindo e as orientações têm sido todas de grande valor.","Espero chegar nesta nota e até maiores quando efetivamente eu conseguir observar os resultados. Como disse, as ideias são ótimas, mas ainda não puderam ser aplicadas efetivamente no nosso caso.",,"Obter os resultados esperados com a execução dos planos de alavancagem, renda passiva, etc","No geral estou satisfeito, mas ainda inseguro pois não obtive resultados ainda. Isso dá uma certa insegurança, principalmente por ter como única solução no momento a contratação de um Home Equity que por hora só representa uma despesa (alta) a mais. Mas tenho certeza que os investimentos que farei com a orientação de vocês serão os mais indicados para multiplicar meu capital.",,,typeform 2025-26,historico_typeform.csv,Typeform NPS,6zup68pt8jqqt6zrtm0ddftdspxgyakh,MARÇO (156 dias),MARÇO
2025-Q3,Out/2025,2025-10-17 17:15,Bárbara Miroski De Oliveira Pinto,barbara miroski de oliveira pinto,PHARUS,Willian Sobral,8.0,Neutro,10.0,,,,,,"Em progresso, mas com dúvidas",Tenho clareza e estou executando com consistência,"Início do acompanhamento, não tem uma real dimensão da 4ª via",Acredito que com o passar dos meses de acompanhamento será melhor,,Resultados aparecendo,Criando a consciência de economia e gastos desnecessários,,,typeform 2025-26,historico_typeform.csv,Typeform NPS,yaxxq2txcbzzp34h8oy4r4e0yaxxq2tx,MARÇO (152 dias),MARÇO
2025-Q3,Out/2025,2025-10-17 17:17,Nelson Muradian,nelson muradian,PHARUS,Rodrigo Amorim,10.0,Promotor,10.0,,,,,,Totalmente no caminho,"Entendi o método, mas ainda não implementei o suficiente","Orientação Clara, estratégia coerente, apoio CTE, sistema inivador",,Clareza sobre como o patrimônio evolui na pratica,"Comprovar nesse ano inicial, um patrimônio acumulado e um retorno que não teria sozinho, fruto da pharus",Nada por eqto,,,typeform 2025-26,historico_typeform.csv,Typeform NPS,29qumzpt8fvk29quk91q3f090kdssk94,cadastro 2026-T2 (270 dias),cadastro 2026-T2
2025-Q3,Out/2025,2025-10-18 07:52,João Pimenta,joao pimenta,PHARUS,,5.0,Detrator,9.0,,,,,,Estagnado ou travado,Tenho clareza e estou executando com consistência,Não estou vendo resultados,Não sei,,Resultados,.,,,typeform 2025-26,historico_typeform.csv,Typeform NPS,ikpzc3mulklzewzx7uhvkikpzc3m7mk7,pharus 2 (62 dias),
2025-Q3,Out/2025,2025-10-19 16:03,Juliana Almeida Rezende Campos e Joao Vitor Medrado Nascimento,juliana almeida rezende campos e joao vitor medrado nascimento,PHARUS,Hendrick Dorner,10.0,Promotor,10.0,,,,,,"Em progresso, mas com dúvidas","Entendi o método, mas ainda não implementei o suficiente",Acompanhamento e resultados,,Acompanhamento,Resultados,Tudo excelente!,,,typeform 2025-26,historico_typeform.csv,Typeform NPS,vkxa03aewmwkmy6z1dvkxa05gdo9cfhj,cadastro 2026-T2 (268 dias),cadastro 2026-T2
2025-Q3,Out/2025,2025-10-20 09:34,Jeferson Augusto de Souza,jeferson augusto de souza,PHARUS,Tales Salinas Rozo,9.0,Promotor,10.0,,,,,,"Em progresso, mas com dúvidas","Entendi o método, mas ainda não implementei o suficiente",Início do projeto,,"Acompanhamento, relacionamento",Preciso focar mais e sentir mais confiança no projeto,"Ano dificil, mas espero terminar bem",,,typeform 2025-26,historico_typeform.csv,Typeform NPS,va527fe72091rlova5usio5t6nfrs8j7,cadastro 2026-T2 (267 dias),cadastro 2026-T2
2025-Q3,Out/2025,2025-10-20 20:06,Ronilson Oliveira Durães,ronilson oliveira duraes,PHARUS,Cleuber Anicesio,9.0,Promotor,10.0,,,,,,"Em progresso, mas com dúvidas","Entendi o método, mas ainda não implementei o suficiente",Confiança,,Confiança!,Confiança,"Receio em completar o que me foi proposto. Pois , como tenho um CNPJ , isso consome parte dos meus ganhos no meu CPF. Mas , tenho esperança , fé de obterei os meus resultados ! Tenho confiança em vocês ! Espero num futuro garantie uma liberdade Financeira que tanto almejei para desfrutar de coisas que ainda não consegui !",,,typeform 2025-26,historico_typeform.csv,Typeform NPS,qechxnslch1hn45haqecaprr30lhnpuy,MARÇO (153 dias),MARÇO
2025-Q3,Out/2025,2025-10-20 23:26,Laura Rodrigues Lopes,laura rodrigues lopes,PHARUS,Tiago Rodrigues,8.0,Neutro,10.0,,,,,,"Em progresso, mas com dúvidas","Entendi o método, mas ainda não implementei o suficiente",Acompanhamento técnico e clareza de informações que direcionam a tomada de decisões e construção de patrimônio.,"Ainda  não vi resultados concretos, mas entendo que se deve ao fato de estar no início do processo e ainda organizando a vida financeira.  Acredito que nos próximos os resultados serão mais nítidos",,"Resultados significativos,  claros e mensuráveis.",Acredito no método e sinto que estou no caminho certo para construir a independência financeira.,,,typeform 2025-26,historico_typeform.csv,Typeform NPS,3pjlpl4byyoweyi3fhdcjqjkbrf4wqlb,NPS (PHARUS) (129 dias),NPS (PHARUS)
2025-Q3,Out/2025,2025-10-21 09:45,Lourival Rech Junior,lourival rech junior,PHARUS,Samuel Araújo,6.0,Detrator,7.0,,,,,,Estagnado ou travado,Estou travado em alguma parte e preciso de ajuda,"Demora em receber acesso aos conteúdos logo após a compra. Não há uma área onde todos os conteúdos ficam disponíveis para fácil consulta. O formato do diagnóstico entregue é de difícil leitura, não deixando claro uma sequência de ações a ser realizadas. As recomendações de investimento somente em São Paulo causa certa insegurança para quem está em outras cidades distantes e não consegue visitar os empreendimentos.","Liberar o acessos aos conteúdos de forma mais rápida após a compra. Ter uma área onde os conteúdos ficam disponíveis de forma organizada. Estruturar melhor o documento de diagnóstico, para facilitar a conexão entre as diversas ações e dar uma visão de longo prazo da construção de patrimônio. Fornecer mais informações sobre os empreendimentos em São Paulo para aumentar a segurança de quem é de cidades distantes e não consegue visitar os empreendimentos presencialmente.",,"Ter um plano claro do que precisa ser feito a cada trimestre e precisa ser implementado a cada ano, com um fluxo de caixa claro das entradas e saídas.",Não,,,typeform 2025-26,historico_typeform.csv,Typeform NPS,c21nu559oijycaac21nlguthbpmwaq3o,cadastro 2026-T2 (266 dias),cadastro 2026-T2
2025-Q3,Out/2025,2025-10-22 16:44,Marielly Machado,marielly machado,PHARUS,,10.0,Promotor,10.0,,,,,,Estagnado ou travado,Perdi o vínculo com o projeto e preciso retomar,Responsabilidade e comprometimento da equipe,,Responsabilidade da equipe,"Meu compromisso, porque o método funciona com certeza","Eu estive um pouco despensa por alguns motivos pessoais, mas sei que o método funciona e quero dar sequência",,,typeform 2025-26,historico_typeform.csv,Typeform NPS,1oi4vx4net2ztd301oi4vxgr44dmc1do,pharus 2 (56 dias),
2025-Q3,Out/2025,2025-10-25 17:24,Amauri Emboava de Araujo,amauri emboava de araujo,PHARUS,Carlos Serafim,8.0,Neutro,9.0,,,,,,"Em progresso, mas com dúvidas","Entendi o método, mas ainda não implementei o suficiente","Embora os principios da quarta via sejam interessantes, a minha sensação é que esta lento o processo…","Levou tres meses para ter o plano elaborado, achei o processo lento.",,Ter mais confiança de que é possível atingir o resultado.,"Acredito que iremos evoluir mas, neste momento, estou com duvida…",,,typeform 2025-26,historico_typeform.csv,Typeform NPS,pdhpvov8nvu63uf0kl0ppdhk9700bk6q,MARÇO (151 dias),MARÇO
2025-Q3,Out/2025,2025-10-25 20:01,Roberto Pires Siles,roberto pires siles,PHARUS,Thiago Freire,7.0,Neutro,8.0,,,,,,Totalmente no caminho,Tenho clareza e estou executando com consistência,"algumas estrategias porpostas nao foram efetivadas por problemas da operadora sugerida por voces, e nada foi feito par resolver a questão.","auxiliar o cliente , para que de faro o que for proposto aconteça na pratica, nao simplesmente justificando os erros.",,retomar  a confiança que tinha no começo do projeto,nao,,,typeform 2025-26,historico_typeform.csv,Typeform NPS,wk6a6ajflc8gglawk6a6z6umzv0tbp1z,cadastro 2026-T2 (262 dias),cadastro 2026-T2
2025-Q3,Out/2025,2025-10-27 15:17,ERIVELTO LEAL DE OLIVEIRA,erivelto leal de oliveira,PHARUS,Pedro Goulart,5.0,Detrator,8.0,,,,,,Estagnado ou travado,Estou travado em alguma parte e preciso de ajuda,Ainda não considero que iniciei efetivamente,Aumentar contatos e iniciar investimentos concretos,,Resultados concretos,Precisamos iniciar o mais breve possível,,,typeform 2025-26,historico_typeform.csv,Typeform NPS,3fzb4pto1oumz5v9jw3fzb4houjngg1c,cadastro 2026-T2 (260 dias),cadastro 2026-T2
2025-Q3,Out/2025,2025-10-30 09:23,Rian Alarcão,rian alarcao,PHARUS,Samuel Araújo,6.0,Detrator,10.0,,,,,,Totalmente no caminho,Tenho clareza e estou executando com consistência,"A promessa de trabalho é boa, mas não vejo a construção de patrimônio do jeito que é pregado em 1 ano de consultoria… posso estar errado, mas é a visão que tenho nesses meses de contrato.","Equipe ativa na questão dos lances de consórcio, pós venda dos consórcios (acho MUITO fraca!). Veja bem, não estou falando do estrategista Samuel.. ele é top!",,Não sei responder,"Boa consultoria, mas pode melhorar a questão estratégica dos consórcios. Vejo que não tem auxílio do pós venda das cartas,",,,typeform 2025-26,historico_typeform.csv,Typeform NPS,3pg9s7rx5ki7mw3pg9rbs6lhj2iqpqh8,cadastro 2026-T2 (257 dias),cadastro 2026-T2
2025-Q3,Out/2025,2025-11-01 12:48,Pedro Rafael Carvalho de Lima,pedro rafael carvalho de lima,PHARUS,Willian Sobral,9.0,Promotor,10.0,,,,,,"Em progresso, mas com dúvidas","Entendi o método, mas ainda não implementei o suficiente",Profissionalismo,,Conhecimento dos profissionais,Ver os resultados,No momento não,,,typeform 2025-26,historico_typeform.csv,Typeform NPS,ziu50q4ihv8p4hvwlstziu50qy6ctxol,cadastro 2026-T2 (255 dias),cadastro 2026-T2
2025-Q4,Dez/2025,2025-12-11 12:47,Caique Pierre da Silva,caique pierre da silva,PHARUS,,9.0,Promotor,10.0,10.0,3.0,,"Sim, em grande parte",,,,,,Analise detalhada da situação financeira. Ótimas reuniões com bom esclarecimento,Ver resultados plausíveis,,,,nova jornada (backoffice/QV360),NPS_Q4_2025_ENVIADO_DEZEMBRO.xlsx,pharus,dnyhjkqj9uoaj4g0dn3e4ke1ph7mjo3m,aba PHARUS da planilha,
2025-Q4,Dez/2025,2025-12-11 13:03,Ricardo Costa Vieira da Silva,ricardo costa vieira da silva,PHARUS,Carlos Serafim,9.0,Promotor,9.0,8.0,4.0,,"Sim, totalmente",,,,,,,O valor da assessoria e quanto vou fazer de dinheiro adicional nesse período em função dos instrumentos propostos.,Não.,,,nova jornada (backoffice/QV360),NPS_Q4_2025_ENVIADO_DEZEMBRO.xlsx,pharus,bdgoukw5eqlpgbdgs278swircku60k7z,aba PHARUS da planilha,cadastro 2026-T2
2025-Q4,Dez/2025,2025-12-11 14:01,Iris Pricilla Ribeiro de Abreu,iris pricilla ribeiro de abreu,PHARUS,Gabriel Oliveira,9.0,Promotor,10.0,10.0,3.0,,"Sim, totalmente",,,,,,Atendimento e clareza da estrategia,,,,,nova jornada (backoffice/QV360),NPS_Q4_2025_ENVIADO_DEZEMBRO.xlsx,pharus,he2mrjh23r107vy8wgghe2mrjecdwngr,aba PHARUS da planilha,cadastro 2026-T2
2025-Q4,Dez/2025,2025-12-11 14:09,Arthur Silveira Neto,arthur silveira neto,PHARUS,Cleuber Anicesio,9.0,Promotor,10.0,10.0,4.0,,Mais ou menos,,,,,,"A atenção recebida por cada uma das pessoas com quem tive contato até o momento, todos foram bastante atenciosos",Se o custo de poder contar com vocês não fosse tão alto,Não,,,nova jornada (backoffice/QV360),NPS_Q4_2025_ENVIADO_DEZEMBRO.xlsx,pharus,rvcu8t5zfingba6oprvcgri4yvn8gwt4,aba PHARUS da planilha,cadastro 2026-T2
2025-Q4,Dez/2025,2025-12-11 14:18,Luis Kazuto Kobayashi,luis kazuto kobayashi,PHARUS,Hendrick Dorner,7.0,Neutro,9.0,9.0,3.0,,"Sim, em grande parte",,,,,O tempo irá dizer pois a confiança e credibilidade se conquista,,,,,,nova jornada (backoffice/QV360),NPS_Q4_2025_ENVIADO_DEZEMBRO.xlsx,pharus,3tgzf8t8rxam7a73az93tgzffsncqxs6,aba PHARUS da planilha,MARÇO
2025-Q4,Dez/2025,2025-12-11 14:39,Paulo Roberto Guidon,paulo roberto guidon,PHARUS,Junior Teixeira,10.0,Promotor,10.0,,4.0,,"Sim, totalmente",,,,,,Profissionalismo - clareza nas soluções,Continuidade dos serviços.,No momento não,,,nova jornada (backoffice/QV360),NPS_Q4_2025_ENVIADO_DEZEMBRO.xlsx,pharus,t7euq381dsck2l1my5pyuot7euq3813n,aba PHARUS da planilha,MARÇO
2025-Q4,Dez/2025,2025-12-11 14:46,Mateus De AraúJo Borges,mateus de araujo borges,PHARUS,Nícolas Alves,0.0,Detrator,7.0,7.0,,,Não,,,,,"Serem mais claros na hora de fechar os planos, prometem muito e entregam pouco",,"Não acho que vale a pena, vcs primeiro fecham e depois q fechei que não era o momento, pois eu não tenho nenhum motor para crescimento e me botaram em consórcio onde nem o grupo foi fechado, estou no terceiro mês de pharus e prometerem que em 12 meses eu mudaria",,,,nova jornada (backoffice/QV360),NPS_Q4_2025_ENVIADO_DEZEMBRO.xlsx,pharus,6sozwouwli9f37ofbxogha6sozwd7rha,aba PHARUS da planilha,MARÇO
2025-Q4,Dez/2025,2025-12-11 15:22,Renato Martinez Geraci,renato martinez geraci,PHARUS,,3.0,Detrator,5.0,3.0,1.0,,,,,,,Atenção mais aproximada e célere.,,Retorno financeiro. Investimento caro que até agora só se demonstrou sendo custo.,Melhorar a comunicação e respeitar mais as expectativas geradas nos clientes.,,,nova jornada (backoffice/QV360),NPS_Q4_2025_ENVIADO_DEZEMBRO.xlsx,pharus,a0t60xksml3p83xu7a0t60xccee07iny,aba PHARUS da planilha,
2025-Q4,Dez/2025,2025-12-11 15:24,Viviani Carla Cremasco Pinotti,viviani carla cremasco pinotti,PHARUS,,5.0,Detrator,8.0,8.0,1.0,,Mais ou menos,,,,,Sugerir estrategias praticas para colocar em ação. menos teoria e mais prática.,,Sugestões práticas para colocar em ação. Acesso a estrategias sólidas para aumento de patrimônio como leilões etc,NA,,,nova jornada (backoffice/QV360),NPS_Q4_2025_ENVIADO_DEZEMBRO.xlsx,pharus,q3s3iz87scqezq3s53tyq1w2veh3xmv7,aba PHARUS da planilha,
2025-Q4,Dez/2025,2025-12-11 15:46,Reinaldo de Souza Barcala,reinaldo de souza barcala,PHARUS,Nícolas Alves,8.0,Neutro,10.0,,5.0,,"Sim, em grande parte",,,,,Eu senti falta de um documento comprovando o que adquiri (investi) logo nos dias de investimento. Passei por golpe. Dá medo,,,Creio que seja muito cedo pra opinar com mais segurança,,,nova jornada (backoffice/QV360),NPS_Q4_2025_ENVIADO_DEZEMBRO.xlsx,pharus,xiuzll4psly17cm4n9xiuzlyx9q3m35w,aba PHARUS da planilha,base mecanismos
2025-Q4,Dez/2025,2025-12-11 15:47,Nagele de Sousa Lima,nagele de sousa lima,PHARUS,Nícolas Alves,10.0,Promotor,10.0,,5.0,,"Sim, totalmente",,,,,,,Metas atingidas,Nao,,,nova jornada (backoffice/QV360),NPS_Q4_2025_ENVIADO_DEZEMBRO.xlsx,pharus,iwy0z03eddcogohsiwy0zo56j4n0aj5b,aba PHARUS da planilha,cadastro 2026-T2
2025-Q4,Dez/2025,2025-12-11 15:52,Adriana Mostardeiro Salvany,adriana mostardeiro salvany,PHARUS,Samuel Araújo,8.0,Neutro,10.0,10.0,4.0,,"Sim, em grande parte",,,,,"Ainda não tenho resultados suficientes para avaliar as estratégias, precisaria de mais tempo para avaliar",,,"As estratégias são organizadas e fáceis de serem implementadas, porém ainda me sinto um pouco insegura em relação aos resultados futuros",,,nova jornada (backoffice/QV360),NPS_Q4_2025_ENVIADO_DEZEMBRO.xlsx,pharus,chdg7dz6k3cz08x62chbco7eqrk1do3b,aba PHARUS da planilha,base mecanismos
2025-Q4,Dez/2025,2025-12-11 16:07,Delano Carmo da Rocha,delano carmo da rocha,PHARUS,Gustavo Papeschi Mariano,10.0,Promotor,10.0,9.0,,,"Sim, totalmente",,,,,,"Atendimento personalizado, bons mecanismos, objetividade e clareza na matemática.",O resultado dos próximos 12 meses será a referência pra essa tomada de decisão e a ida para um novo patamar de mecanismos de investimento como o Davos,"Acho que precisamos ter algum encontro com o Adrian durante a caminhada para tratarmos de expectativas, atualizações dos programas, mecanismos e planejamento de curto e médio prazo.",,,nova jornada (backoffice/QV360),NPS_Q4_2025_ENVIADO_DEZEMBRO.xlsx,pharus,agt94vbyiw1xtf4yta9tagt94ddkh0wj,aba PHARUS da planilha,MARÇO
2025-Q4,Dez/2025,2025-12-11 16:12,Anderson Marcio da Silva,anderson marcio da silva,PHARUS,Nícolas Alves,10.0,Promotor,10.0,,3.0,,Mais ou menos,,,,,,A atenção dispensada.,Ajustar minhas dívidas primeiro,,,,nova jornada (backoffice/QV360),NPS_Q4_2025_ENVIADO_DEZEMBRO.xlsx,pharus,dv93cill28iixgcn1dv9wupznppgnej0,aba PHARUS da planilha,cadastro 2026-T2
2025-Q4,Dez/2025,2025-12-11 16:24,Henry Saar,henry saar,PHARUS,Cleuber Anicesio,10.0,Promotor,10.0,10.0,4.0,,"Sim, em grande parte",,,,,,"Estou confiante com o 4º Caminho. Tenho aprendido bastante com essa (Nova, pra mim!) forma de lidar com dinheiro.",Os resultados concretos alcançados.,"Por enquanto, eu bastante satisfeito.",,,nova jornada (backoffice/QV360),NPS_Q4_2025_ENVIADO_DEZEMBRO.xlsx,pharus,zy3yvimpmkwf8xkng5f9zy3yvimpcfgo,aba PHARUS da planilha,MARÇO
2025-Q4,Dez/2025,2025-12-11 16:28,Elias Elioenai da Luz da Silva,elias elioenai da luz da silva,PHARUS,,10.0,Promotor,10.0,10.0,3.0,,,,,,,,Confiabilidade e clareza,"Clareza da estratégia, resultados e tranquilidade no plano. Além da clareza sobre o CxB após implementação","Gostaria de criar meu case durante o programa para ajudar mais pessoas, tenho certeza que será de sucesso.",,,nova jornada (backoffice/QV360),NPS_Q4_2025_ENVIADO_DEZEMBRO.xlsx,pharus,u3dxnsnm4buwkjty0curu3dxm0mxdhma,aba PHARUS da planilha,
2025-Q4,Dez/2025,2025-12-11 16:43,Sergio de Rezende Sespede,sergio de rezende sespede,PHARUS,Gustavo Papeschi Mariano,10.0,Promotor,10.0,10.0,4.0,,"Sim, totalmente",,,,,,"Acesso aos consultores, clareza nas informações",Consolidação do plano traçado para os primeiros 12 meses,Não,,,nova jornada (backoffice/QV360),NPS_Q4_2025_ENVIADO_DEZEMBRO.xlsx,pharus,dpa6zxqzzahyabkgdpa6xmzeclaepfq8,aba PHARUS da planilha,MARÇO
2025-Q4,Dez/2025,2025-12-11 16:45,Marcio Hartz,marcio hartz,PHARUS,Gustavo Papeschi Mariano,10.0,Promotor,10.0,10.0,4.0,,"Sim, totalmente",,,,,,"A confiança e transparência foram pilares que levei em consideração, além claro do conhecimento do profissional que está me acompanhando.
Está sendo uma experiência incrível.","Preciso muito de vocês para realizar meu sonho que é diminuir o ritmo e curtir mais a minha família!
Eu que peço, não me abandonem rsrsrs","Estou tendo agora uma visibilidade que não tinha sobre como estou direcionando meus recursos, a QuartaVia está me ajudando muito com as estratégias e conselhos.
Muito obrigado por tudo até agora!",,,nova jornada (backoffice/QV360),NPS_Q4_2025_ENVIADO_DEZEMBRO.xlsx,pharus,8x4mveij6oee1q6g9mwz38x4jqcfxmc6,aba PHARUS da planilha,MARÇO
2025-Q4,Dez/2025,2025-12-11 16:46,Eduardo Alencar Thomaziello,eduardo alencar thomaziello,PHARUS,Gabriel Oliveira,10.0,Promotor,10.0,10.0,5.0,,"Sim, totalmente",,,,,,A orientação que recebo é muito efetiva para a formação do patrimônio que pretendo criar até minha aposentadoria daqui 8 anos,Eu escolhi ficar mais 3 anos sem hesitar. Com os resultados esperados alcançados daqui um ano eu não hesitarei ficar mais tempo,"Eu vi que há conteúdo novo que ainda não assisti, mas que estava aguardando. Creio que vai me clarear muito mais no caminho que estamos trilhando",,,nova jornada (backoffice/QV360),NPS_Q4_2025_ENVIADO_DEZEMBRO.xlsx,pharus,xzz23bnjlkxpmedypjvxzz2j1fg0jd1u,aba PHARUS da planilha,NPS (PHARUS)
2025-Q4,Dez/2025,2025-12-11 16:56,Sonia Estevam Merched,sonia estevam merched,PHARUS,,9.0,Promotor,10.0,10.0,4.0,,,,,,,,"Por enquanto, não tenho muito o que dizer, já recebi minha primeira reunião, e foi muito boa, a partir do momento que eu receber meu planejamento poderei dizer mais !!","Aprender da maneira mais inteligente, onde aplicar melhor o meu dinheiro, fazendo ativos que irão me garantir um futuro mais tranquilo",Por enquanto não,,,nova jornada (backoffice/QV360),NPS_Q4_2025_ENVIADO_DEZEMBRO.xlsx,pharus,tyxcs2e9wyoy514ytyxcszeiqk51sxe7,aba PHARUS da planilha,
2025-Q4,Dez/2025,2025-12-11 17:05,Victor Paes Fernandes,victor paes fernandes,PHARUS,Gustavo Papeschi Mariano,9.0,Promotor,9.0,9.0,4.0,,"Sim, em grande parte",,,,,,"Os mecanismos para alavancagem, atendimento personalizado",Consolidar na prática o que foi planejado e ver de fato o patrimônio evoluir,Deveria abrir opção de uso via app,,,nova jornada (backoffice/QV360),NPS_Q4_2025_ENVIADO_DEZEMBRO.xlsx,pharus,qqv1rqc0sv2vxmnqqbbu0j9a2m2u8hu9,aba PHARUS da planilha,MARÇO
2025-Q4,Dez/2025,2025-12-11 17:29,Luiz Carlos Boruck Junior,luiz carlos boruck junior,PHARUS,,7.0,Neutro,10.0,9.0,5.0,,"Sim, em grande parte",,,,,Suporte de tecnologia,,Resultado,Não,,,nova jornada (backoffice/QV360),NPS_Q4_2025_ENVIADO_DEZEMBRO.xlsx,pharus,xn7l11eu826xj8o2uvg9wlxn7l11eir7,aba PHARUS da planilha,
2025-Q4,Dez/2025,2025-12-11 17:34,Karoline Moreira Rios,karoline moreira rios,PHARUS,Gustavo Papeschi Mariano,8.0,Neutro,10.0,10.0,5.0,,"Sim, totalmente",,,,,Pouco tempo de experiência para melhor avaliação,,Retorno financeiro,"Nao, obrigado",,,nova jornada (backoffice/QV360),NPS_Q4_2025_ENVIADO_DEZEMBRO.xlsx,pharus,cptl7tuzn352zgqicptlq5nnkepgq8hj,aba PHARUS da planilha,cadastro 2026-T2
2025-Q4,Dez/2025,2025-12-11 18:01,Paulo Ricardo da Costa Silva,paulo ricardo da costa silva,PHARUS,Hendrick Dorner,8.0,Neutro,10.0,10.0,3.0,,"Sim, em grande parte",,,,,"Entendo que as estratégias são exclusivas, mas ainda não tive um retorno de liquidez palpável",,Obter retornos expressivos nos próximos 5 anos,ok,,,nova jornada (backoffice/QV360),NPS_Q4_2025_ENVIADO_DEZEMBRO.xlsx,pharus,04lvvw796pkr7x04lj5ucyxus38uy0b6,aba PHARUS da planilha,cadastro 2026-T2
2025-Q4,Dez/2025,2025-12-11 18:25,Michaël Vieira dos Santos,michael vieira dos santos,PHARUS,Nícolas Alves,5.0,Detrator,10.0,5.0,3.0,,"Sim, totalmente",,,,,Oferecer mais que o mercado já oferece.,,"Oferecer mais que o mercado oficial oferece.  0u seja 3 á 5,5 % ao mês. Aos clientes.",Não,,,nova jornada (backoffice/QV360),NPS_Q4_2025_ENVIADO_DEZEMBRO.xlsx,pharus,enhqu06ib2vebiaenh3skg4r2o91k7hj,aba PHARUS da planilha,cadastro 2026-T2
2025-Q4,Dez/2025,2025-12-11 18:35,Silvio Liberato de Moura Filho,silvio liberato de moura filho,PHARUS,,5.0,Detrator,10.0,9.0,3.0,,,,,,,Está muito cedo para eu sugerir algo. Seria irresponsável e o injusto,,Na minha visão Pergunta não cabe nesta etapa se eu nem vi o plano. Como eu poderia responder ?,Já o fiz nas respostas anteriores,,,nova jornada (backoffice/QV360),NPS_Q4_2025_ENVIADO_DEZEMBRO.xlsx,pharus,obo0giz8ehvdvch5obo0gi9r913ka37f,aba PHARUS da planilha,
2025-Q4,Dez/2025,2025-12-11 18:36,Rita Maria Brás Terêncio Gonçalves da Silva,rita maria bras terencio goncalves da silva,PHARUS,,9.0,Promotor,9.0,7.0,3.0,,,,,,,,Confiança,Se eu conseguir implementar um avanço financeiro sólido com o que for sugerido,"Seria interessante ter aulas sobre os produtos que são apresentados para que possamos ter mais clareza e também a disponibilização das gravações dos encontros com o estrategista, pois são muitas informações que acamos esquecendo dos detalhes.",,,nova jornada (backoffice/QV360),NPS_Q4_2025_ENVIADO_DEZEMBRO.xlsx,pharus,2ej7do88pfcqi8d12ej7d80y8l9cn9mz,aba PHARUS da planilha,
2025-Q4,Dez/2025,2025-12-11 19:01,Ana Elisa Campos Diaféria,ana elisa campos diaferia,PHARUS,Julio Cienkonog,7.0,Neutro,10.0,8.0,2.0,,,,,,,O sistema ainda é muito instável e com informações inconsistentes. A AI não fez a leitura correta dos arquivos importados. Essa instabilidade gera preocupação quanto a segurança das informações.,,Se os resultados esperados forem alcançados,"Tenho gostado muito do atendimento e metodologia, mas não gostei do sistema. Achei que fosse ser mais prático e não fosse demandar tanto tempo e correções.",,,nova jornada (backoffice/QV360),NPS_Q4_2025_ENVIADO_DEZEMBRO.xlsx,pharus,66nspez6q31zfbhawejv66nspbyeuaq2,aba PHARUS da planilha,cadastro 2026-T2
2025-Q4,Dez/2025,2025-12-11 19:04,Marisol Perdomo Rodriguez,marisol perdomo rodriguez,PHARUS,Nícolas Alves,10.0,Promotor,10.0,10.0,5.0,,"Sim, em grande parte",,,,,,Rápida implementação das estratégias a fim de otimizar e acelerar mais a construção do patrimônio,"Resultado dos mecanismos favoráveis . Bons retornos inclusive no primer ano ,com ganhos que já consigam minimizar os custos .Manter  boa comunicação com estrategista ,explicações esclarecimentos de dúvidas que possam surgir ao longo do processo. Poder conforme passem os anos adquirir a tão sonhada liberdade financeira .",Experiência favorável . Explicações  no momento oportuno .,,,nova jornada (backoffice/QV360),NPS_Q4_2025_ENVIADO_DEZEMBRO.xlsx,pharus,82pcnslf85o4hgu1i21882p76z59fwo9,aba PHARUS da planilha,base mecanismos
2025-Q4,Dez/2025,2025-12-11 20:03,Ricardo Alexandre de Deus Domingues,ricardo alexandre de deus domingues,PHARUS,Eduardo Peroni,5.0,Detrator,6.0,6.0,3.0,,Mais ou menos,,,,,Mais agilidade no retorno às perguntas,,Resultado,Estou a pouco tempo na plataforma . Mas tenho conhecimento do mercado financeiro . Só não tenho tempo . Ainda não está muito claro onde irei alocar meus recursos mensais,,,nova jornada (backoffice/QV360),NPS_Q4_2025_ENVIADO_DEZEMBRO.xlsx,pharus,kshbropxj9d4jkshbf1yg5fhqbwuoh21,aba PHARUS da planilha,MARÇO
2025-Q4,Dez/2025,2025-12-11 20:47,Alessandra Girotto,alessandra girotto,PHARUS,Gustavo Papeschi Mariano,9.0,Promotor,10.0,10.0,4.0,,,,,,,,Acompanhamento e paciência,Resultado concreto,Nao,,,nova jornada (backoffice/QV360),NPS_Q4_2025_ENVIADO_DEZEMBRO.xlsx,pharus,mknvrb6dfzzja2yxmknv9okpm1ezu05i,aba PHARUS da planilha,base mecanismos
2025-Q4,Dez/2025,2025-12-11 20:57,Valdomiro Simoneti,valdomiro simoneti,PHARUS,Willian Sobral,9.0,Promotor,9.0,9.0,4.0,,"Sim, em grande parte",,,,,,Conhecimento e transparência,Ainda não porque não tenho nenhum resultada  ainda . Necessito de mais tempo e resultados para continuar.,Ainda não.,,,nova jornada (backoffice/QV360),NPS_Q4_2025_ENVIADO_DEZEMBRO.xlsx,pharus,oos8uw7c0sn3hsuccwoos8yn3rq0x8da,aba PHARUS da planilha,MARÇO
2025-Q4,Dez/2025,2025-12-12 03:55,Thiago Carvalho Escarião da Nóbrega,thiago carvalho escariao da nobrega,PHARUS,,5.0,Detrator,9.0,9.0,3.0,,Não,,,,,"Antes da venda do produto, fazer uma apresentação individual com cada pessoa que tenha interesse, para ver se enquadra no perfil.",,O plano não é para mim. O que foi apresentado para mim não está me ajudando em nada.,Não me ajudou em nada.,,,nova jornada (backoffice/QV360),NPS_Q4_2025_ENVIADO_DEZEMBRO.xlsx,pharus,ljqr4bjpb1tworka5fnmljqr4bjfu5k3,aba PHARUS da planilha,
2025-Q4,Dez/2025,2025-12-12 06:30,Lucélia Pitombeira Barreto,lucelia pitombeira barreto,PHARUS,Cleuber Anicesio,10.0,Promotor,10.0,10.0,3.0,,"Sim, totalmente",,,,,,Conselhos e ensinamentos valiosos,Resultados nos 5 anos,"Por enquanto, não",,,nova jornada (backoffice/QV360),NPS_Q4_2025_ENVIADO_DEZEMBRO.xlsx,pharus,iza4xdmmyy5omsx31gbqiza4xdmyf2rg,aba PHARUS da planilha,base mecanismos
2025-Q4,Dez/2025,2025-12-12 08:24,Jean Louis Silveira,jean louis silveira,PHARUS,Hendrick Dorner,7.0,Neutro,9.0,7.0,4.0,,"Sim, em grande parte",,,,,Existem coisas que estão CENTRALIZADAS nos sócios majoritários e isso é ruim para a celeridade do processo!,,"Acredito que a renda passiva deveria ser escalonável , assim, traria mais credibilidade e confiança no processo!","Não, no momento.",,,nova jornada (backoffice/QV360),NPS_Q4_2025_ENVIADO_DEZEMBRO.xlsx,pharus,tlx64cxagqgk80stlxit7g749t28ckn8,aba PHARUS da planilha,cadastro 2026-T2
2025-Q4,Dez/2025,2025-12-12 09:19,Juliana Nascimento Santos,juliana nascimento santos,PHARUS,Carlos Serafim,1.0,Detrator,8.0,7.0,3.0,,Não,,,,,"Eu acho que as condições de cancelamento podem ser melhoradas, ou então serem feitos contratos menores, de modo que a pessoa tenha escolha, possa contratar o serviço mensalmente, por exemplo",,"Estou passando por um momento pessoal muito difícil, fui pega por um turbilhão assim que contratei o serviço de vocês. Não consigo avaliar agora.",Gostaria de uma condição para cancelamento mais razoável.,,,nova jornada (backoffice/QV360),NPS_Q4_2025_ENVIADO_DEZEMBRO.xlsx,pharus,rxp6s9t35px0xw8bazrxp6sylr1ms2yi,aba PHARUS da planilha,MARÇO
2025-Q4,Dez/2025,2025-12-12 11:18,André Luiz Alves Santana,andre luiz alves santana,PHARUS,,6.0,Detrator,7.0,8.0,5.0,,"Sim, em grande parte",,,,,"A minha experiência ainda está muito no início, por este motivo não é possível realizar uma avaliação assertiva. Como sugestão, penso que seria interessante o assessorado poder trazer ideias de investimentos e que estas fossem avaliadas pelo assessor em caráter de urgência.",,"Resultado, ou seja, quero ter rendimentos compatíveis com aquilo que foi dito que era possível pelo grupo. Neste caso, ficarei até o......",Tenho uma boa expectativa com relação ao grupo e desejo muito que tudo dê certo.,,,nova jornada (backoffice/QV360),NPS_Q4_2025_ENVIADO_DEZEMBRO.xlsx,pharus,34kqq8d7174qhdvvdm834kq2ls2moh7b,aba PHARUS da planilha,
2025-Q4,Dez/2025,2025-12-12 13:43,Fabrício Figueiredo de Alencar,fabricio figueiredo de alencar,PHARUS,Cleuber Anicesio,10.0,Promotor,10.0,10.0,5.0,,,,,,,,Estratégias,Resultados e planejamento efetivo,"Minha experiência só não tem sido melhor por motivos pessoais, questões que estão se resolvendo e que no devido momento algumas outras estratégias serão implementadas. Só a agradecer",,,nova jornada (backoffice/QV360),NPS_Q4_2025_ENVIADO_DEZEMBRO.xlsx,pharus,m74gdiek9jgvi3m74gdo03mby4styld0,aba PHARUS da planilha,MARÇO
2025-Q4,Dez/2025,2025-12-12 16:27,Andre Colombo Bermudez,andre colombo bermudez,PHARUS,Tiago Junior,10.0,Promotor,10.0,10.0,3.0,,"Sim, em grande parte",,,,,,Estao me ajudando a entender de maneira bem direcionada e customizada para minha realidade e pontecial para direcionar da maneira correta e conseguir de fato um aumento de patrimonio e que antes sequer sabia dessas possibilidades compartilhadas pela Quarta Via,Começar a observar em resultados reais e um salto no ganho de patrimonio,Não,,,nova jornada (backoffice/QV360),NPS_Q4_2025_ENVIADO_DEZEMBRO.xlsx,pharus,jezw3xv8bqr8dlqujezw3g46qzpep22f,aba PHARUS da planilha,MARÇO
2025-Q4,Dez/2025,2025-12-12 16:50,André Noronha,andre noronha,PHARUS,Tales Salinas Rozo,8.0,Neutro,9.0,9.0,4.0,,,,,,,"Estou no início, tivemos apenas  uma reunião, todavia todos são muito atenciosos!",,Ter um plano bem definido e saber o que fazer de fato para encurtar o tempo a meu favor!,Não!,,,nova jornada (backoffice/QV360),NPS_Q4_2025_ENVIADO_DEZEMBRO.xlsx,pharus,5pvav0j3yp6jmr2y25pvav9pnd647q4a,aba PHARUS da planilha,cadastro 2026-T2
2025-Q4,Dez/2025,2025-12-12 17:49,Mirian Cristina Vieira Otoni,mirian cristina vieira otoni,PHARUS,Carlos Serafim,7.0,Neutro,8.0,5.0,2.0,,Mais ou menos,,,,,"Facilitar a forma de registro de fluxo financeiro e investimentos, reduzir a morosidade do processo, colocar o assessor com mais tempo disponível para avaliar com profundidade as particularidades, retorno e acompanhamento do plano de ação.  Espera-se neste nível de investimento ter um assessor mais presente do que por exemplo um do Personalite.",,Melhor entendimento de como as coisas serão feitas na prática dado todas as estratégias e objetivos de curto prazo que foram passadas. Não tive esta clareza e tbm um  suporte e acompanhamento mais presente.,"A percepção no momento é que o assessor está com agenda lotada de clientes e com pouco tempo disponível para realizar as análises, dar suporte, realizar acompanhamento mais de perto e de curto prazo.",,,nova jornada (backoffice/QV360),NPS_Q4_2025_ENVIADO_DEZEMBRO.xlsx,pharus,1rtty90cjw8fgeqjdieg61rttdimthd3,aba PHARUS da planilha,MARÇO
2025-Q4,Dez/2025,2025-12-12 18:22,Marcos Eduardo Garcia,marcos eduardo garcia,PHARUS,Hendrick Dorner,6.0,Detrator,6.0,7.0,3.0,,,,,,,"Mais e melhor atenção.
Tô meio perdido nas planilhas.",,"Um atendimento mais focado, para conseguir evoluir com o plano de negócios.",Tô meio perdido..,,,nova jornada (backoffice/QV360),NPS_Q4_2025_ENVIADO_DEZEMBRO.xlsx,pharus,clajasd9rtynbx23to4clajas6jflpmn,aba PHARUS da planilha,cadastro 2026-T2
2025-Q4,Dez/2025,2025-12-12 18:59,Vanessa Cristine Marcondes Espindola,vanessa cristine marcondes espindola,PHARUS,João Aliceda,10.0,Promotor,10.0,10.0,4.0,,,,,,,,Atenciosos e dominam o assunto que se propõe,Usar os recursos que já tenho e conseguir de lucro no mínimo o que paguei na consultoria,"Sem mais, estou satisfeita até o momento",,,nova jornada (backoffice/QV360),NPS_Q4_2025_ENVIADO_DEZEMBRO.xlsx,pharus,zzjg1qfyrw9hpnzzjg1qbahys125sjr3,aba PHARUS da planilha,cadastro 2026-T2
2025-Q4,Dez/2025,2025-12-12 23:08,Thiago Franklin Boy de Sousa,thiago franklin boy de sousa,PHARUS,Abner Braga,10.0,Promotor,10.0,10.0,5.0,,,,,,,,"Respeito com nossos objetivos, sonhos e metas, permitindo que saibamos caminhar da melhor maneira possível para atingir o que almejamos",Alcançar as minhas metas de médio prazo e construir meu patrimônio de forma exponencial.,Sem mais no momento.,,,nova jornada (backoffice/QV360),NPS_Q4_2025_ENVIADO_DEZEMBRO.xlsx,pharus,aj5hv8039c5yy4n693p14aj5hvftlag1,aba PHARUS da planilha,cadastro 2026-T2
2025-Q4,Dez/2025,2025-12-13 08:01,Manoel Nilton da Costa Filho,manoel nilton da costa filho,PHARUS,João Aliceda,8.0,Neutro,9.0,9.0,3.0,,"Sim, em grande parte",,,,,Reduzir o tempo de retorno e eliminar redundâncias de cadastros,,Ter resultados,Preciso de ajuda para vender meu consórcio do BB,,,nova jornada (backoffice/QV360),NPS_Q4_2025_ENVIADO_DEZEMBRO.xlsx,pharus,4olfa74fvemurjuxmxc4olftk01u0gvz,aba PHARUS da planilha,cadastro 2026-T2
2025-Q4,Dez/2025,2025-12-13 12:15,Adriano Freitas de Assis,adriano freitas de assis,PHARUS,João Aliceda,9.0,Promotor,10.0,10.0,5.0,,Mais ou menos,,,,,,Ainda estou no começo do processo.,Com a construção de patrimônio sendo realizada e de forma segura.,"Ainda estou no começo do processo, ainda não deu tempo de avaliar adequadamente a minha experiência.",,,nova jornada (backoffice/QV360),NPS_Q4_2025_ENVIADO_DEZEMBRO.xlsx,pharus,vkzlylcxs7jc8iruvkzlrzcg8bxj3d2f,aba PHARUS da planilha,cadastro 2026-T2
2025-Q4,Dez/2025,2025-12-13 21:07,Lucas Munute Marques,lucas munute marques,PHARUS,João Aliceda,10.0,Promotor,10.0,10.0,4.0,,"Sim, totalmente",,,,,,"Orientação, conhecimento de novas oportunidades",Irei continuar,Nao,,,nova jornada (backoffice/QV360),NPS_Q4_2025_ENVIADO_DEZEMBRO.xlsx,pharus,7rruw5t7d2b4fc7rrtyrk59nbb1abjqt,aba PHARUS da planilha,MARÇO
2025-Q4,Dez/2025,2025-12-14 09:18,Carlos d G de Magalhães,carlos d g de magalhaes,PHARUS,Rodrigo Lunardi,5.0,Detrator,9.0,9.0,4.0,,,,,,,"Está no começo, atualmente é minha confiança no processo, ainda não tenho um opinião para indicar para alguém.",,"Neste primeiro  ano começar a ter resultados acima de investimentos do mercado tradicional, sem ter que ficar procurando investimentos e estudando, e tendo resultado 1/7 de 25.000,00 meta para 7 anos de renda.",No momento não.,,,nova jornada (backoffice/QV360),NPS_Q4_2025_ENVIADO_DEZEMBRO.xlsx,pharus,vh7ny6vj5g8uqmpfrvhhwfggpsufvfiy,aba PHARUS da planilha,base mecanismos
2025-Q4,Dez/2025,2025-12-14 09:35,Diana Ferreira de Queiroz,diana ferreira de queiroz,PHARUS,Cleuber Anicesio,0.0,Detrator,0.0,10.0,3.0,,Não,,,,,"Foi designado a mim um estrategista com pouca bagagem e experiência, porém já entrei em contato com o suporte e me foi designado um novo estrategista. Então estou ainda no aguardo do início.",,Um bom estrategista,"Gostaria de entender qual a função das outras pessoas do grupo, malmente se apresentaram",,,nova jornada (backoffice/QV360),NPS_Q4_2025_ENVIADO_DEZEMBRO.xlsx,pharus,fg0l95hkd1d8phzfcsfg0l9eew9a5mrc,aba PHARUS da planilha,MARÇO
2025-Q4,Dez/2025,2025-12-14 13:44,Renan Luiz Bernardello Morassi,renan luiz bernardello morassi,PHARUS,Pedro Goulart,8.0,Neutro,8.0,9.0,2.0,,"Sim, em grande parte",,,,,Maior agilidade da comunicação e na instalação das estratégias,,Ver o retorno do investimento na prática,Não,,,nova jornada (backoffice/QV360),NPS_Q4_2025_ENVIADO_DEZEMBRO.xlsx,pharus,5i3at9h1q0nenxd5i3uapj0ki5kktelc,aba PHARUS da planilha,cadastro 2026-T2
2025-Q4,Dez/2025,2025-12-14 21:57,José Duarte Tavares,jose duarte tavares,PHARUS,Rodrigo Lunardi,7.0,Neutro,10.0,10.0,5.0,,"Sim, em grande parte",,,,,"Estou no início de minha jornada, implementando os primeiros mecanismos de renda sintética e leilão serial. Com certeza a simples obtenção dos resultados esperados nesses 12 meses já me  tornará confortável para oferecer nota 9 ou 10.",,"Que os resultados definidos no plano sejam atingidos, comprovando-se realmente superiores a outras alternativas existentes de ganho de capital para construção de patrimônio, visando o valor almejado de renda passiva.","Não, no momento.",,,nova jornada (backoffice/QV360),NPS_Q4_2025_ENVIADO_DEZEMBRO.xlsx,pharus,wumahqfqqduzirk2xt4wumahn024bkbw,aba PHARUS da planilha,MARÇO
2025-Q4,Dez/2025,2025-12-15 07:51,Glaucia Taborda Martins Francisco,glaucia taborda martins francisco,PHARUS,João Aliceda,9.0,Promotor,9.0,9.0,4.0,,"Sim, em grande parte",,,,,,"O suporte oferecido, sempre com explicações detalhadas",Ver bons resultados do que está sendo feito agora,"Até o momento tem sido bastante satisfatório o atendimento prestado, com transparência e esclarecimentos sempre que solicito",,,nova jornada (backoffice/QV360),NPS_Q4_2025_ENVIADO_DEZEMBRO.xlsx,pharus,ifeinct5xb1r3t7nn5eifeimsim6qchj,aba PHARUS da planilha,cadastro 2026-T2
2025-Q4,Dez/2025,2025-12-15 11:51,Paulo Roberto Rui Arantes,paulo roberto rui arantes,PHARUS,Gabriel Oliveira,8.0,Neutro,10.0,9.0,2.0,,"Sim, em grande parte",,,,,"Minha experiência está sendo muito boa ultimamente. Minha nota se deve ao contexto geral onde nos primeiros meses senti que não consegui abstrair o máximo do programa, parte disso por minha culpa. Meu assessor está sempre disponível e me assessora muito bem. A plataforma nova da quarta via, na minha opinião poderia ser aprimorada já que tive dificuldades usá-la. No geral está sendo muito boa a experiência",,"Sendo bem prático, faria uma conta simples do valor a investir no programa e a previsão concreta do retorno que teria usando as estratégias e facilidades oferecidas pela 4via e chegando a um resultado positivo",já falado nas perguntas anteriores,,,nova jornada (backoffice/QV360),NPS_Q4_2025_ENVIADO_DEZEMBRO.xlsx,pharus,yqkiurpadjnp3n57oi6bxqeusyqkiurp,aba PHARUS da planilha,MARÇO
2025-Q4,Dez/2025,2025-12-15 14:43,Edvaldo da Costa Oliveira,edvaldo da costa oliveira,PHARUS,Cleuber Anicesio,5.0,Detrator,9.0,9.0,3.0,,Mais ou menos,,,,,"ENTENDI O PROPÓSITO, MAS PARA INICIAR TEM MUITAS ESTRATÉGIAS AO MESMO TEMPO E FIQUEI CONFUSO",,O PLANO DAR CERTO,MUITA INFORMAÇÃO AO MESMO TEMPO,,,nova jornada (backoffice/QV360),NPS_Q4_2025_ENVIADO_DEZEMBRO.xlsx,pharus,18k9jujz75ct42g7d18k9julgkvedmcz,aba PHARUS da planilha,MARÇO
2025-Q4,Dez/2025,2025-12-15 15:43,Janice Lima Silveira,janice lima silveira,PHARUS,Samuel Araújo,9.0,Promotor,10.0,10.0,4.0,,"Sim, em grande parte",,,,,,Assistência integral com respostas rápidas e soluções efetivas,Resultados efetivos,Não,,,nova jornada (backoffice/QV360),NPS_Q4_2025_ENVIADO_DEZEMBRO.xlsx,pharus,oed0v3r5j6j5cprejoed0v3k7j5zt1jw,aba PHARUS da planilha,cadastro 2026-T2
2025-Q4,Dez/2025,2025-12-15 20:49,Karise Correia de Lima Crivelli,karise correia de lima crivelli,PHARUS,Tales Salinas Rozo,2.0,Detrator,6.0,0.0,1.0,,Não,,,,,Resolver os problemas com agilidade,,"No ramo de vcs erro tem que ser quase zero, e mesmo se a estatistica for bqixq no geral, tem que ter em mente que com algum cliente foi 100% em algum ponto",No meu caso a única estratégia que adotamos após 3 meses de contrato se arrasta com problema que classifico como crasso.,,,nova jornada (backoffice/QV360),NPS_Q4_2025_ENVIADO_DEZEMBRO.xlsx,pharus,oe8zli9jn8bfco5jtoe8zjpw1utfnwzt,aba PHARUS da planilha,cadastro 2026-T2
2025-Q4,Dez/2025,2025-12-15 21:11,Marcio Simião da Conceição,marcio simiao da conceicao,PHARUS,,8.0,Neutro,10.0,5.0,2.0,,,,,,,"Por conta da minha agenda, não tive muitos encontros com a equipe, mas isso se dá mais s minha atual situação do que a agenda de vocês.",,Resultado e proposta clara,Nesse momento não.,,,nova jornada (backoffice/QV360),NPS_Q4_2025_ENVIADO_DEZEMBRO.xlsx,pharus,7nmfldr6iukywwbd7nmfldqkdjxlmubh,aba PHARUS da planilha,
2025-Q4,Dez/2025,2025-12-16 09:31,Rodrigo Afonso Goelzer,rodrigo afonso goelzer,PHARUS,João Aliceda,10.0,Promotor,10.0,,,,,,Totalmente no caminho,Tenho clareza e estou executando com consistência,,,,Tenho confiança no programa. Isso pra mim já basta.,Obrigado por pensarem por mim!,,,legado,NPS_Q4_2025_ENVIADO_DEZEMBRO.xlsx,pharus 2,7iyswx9b6aomxyjhbo7itxzq75wbudhy,aba PHARUS da planilha,cadastro 2026-T2
2025-Q4,Dez/2025,2025-12-16 09:35,Wagner Ferreira Nunes,wagner ferreira nunes,PHARUS,Gabriel Oliveira,8.0,Neutro,9.0,,,,,,,"Entendi o método, mas ainda não implementei o suficiente",,,,"Pretendo continuar seguindo as estratégias, o desafio neste início é a disciplina para manter o orçamento familiar em dia e começar a criar reservas para capacidade de investimento.","Talvez, promoverem eventos, onde pudéssemos estreitar o relacionamento entre associados e equipe do quarta via aqui em
SP, isso traria maior engajamento, motivação e promoveria o benchmark além do networking, inclusive poderíamos indicar leads.",,,legado,NPS_Q4_2025_ENVIADO_DEZEMBRO.xlsx,pharus 2,xe3gri55ox6xzqvqjgxe3gnb3d5aqgbj,aba PHARUS da planilha,cadastro 2026-T2
2025-Q4,Dez/2025,2025-12-16 09:47,Jomar Britto de Oliveira,jomar britto de oliveira,PHARUS,,7.0,Neutro,9.0,,,,,,Estagnado ou travado,,,,,Medir os resultados aplicados de forma personalizada as minhas possibilidades.,Espero analisar as opções de investimento e geração de riqueza o quanto antes.,,,legado,NPS_Q4_2025_ENVIADO_DEZEMBRO.xlsx,pharus 2,f1cgk7e3ktmit7cbmaf1cgk76h30gqzt,aba PHARUS da planilha,
2025-Q4,Dez/2025,2025-12-16 09:50,Rafael Martorano De Santis,rafael martorano de santis,PHARUS,,4.0,Detrator,6.0,,,,,,"Em progresso, mas com dúvidas",,,,,Confiança e resultados entregues,Não,,,legado,NPS_Q4_2025_ENVIADO_DEZEMBRO.xlsx,pharus 2,0ea0y48t12r2mckddd20ea0yics7jk9x,aba PHARUS da planilha,
2025-Q4,Dez/2025,2025-12-16 09:51,Glysse De Moura Sousa,glysse de moura sousa,PHARUS,Tales Salinas Rozo,10.0,Promotor,10.0,,,,,,Totalmente no caminho,"Entendi o método, mas ainda não implementei o suficiente",,,Depois de vocês percebi que é um passo de cada vez e estou dando os primeiros passos,"Na minha cabeça, já é um fato, talvez precise até de mais tempo, visto situação financeira atual engatinhando",Não me abandonem kkkkk,,,legado,NPS_Q4_2025_ENVIADO_DEZEMBRO.xlsx,pharus 2,dx7t9uwklpl0tuxkwddx7t9uz6p0lvb8,aba PHARUS da planilha,cadastro 2026-T2
2025-Q4,Dez/2025,2025-12-16 09:54,Renato Augusto Soares Oliveira de Alcantara,renato augusto soares oliveira de alcantara,PHARUS,,2.0,Detrator,3.0,,,,,,Desacreditei do método,Perdi o vínculo com o projeto e preciso retomar,,,,"Estou no quarto mês e ainda sem uma avaliação boa da minha situação patrimonial, todas as ferramentas que foram comentadas no início, nenhuma foi utilizada. Agora apliquei para o leilão serial, e estou aguardando para ver como será o resultado.
A experiencia tem sido frustrante dado o investimento que faço mensalmente, não sinto como se minha renda estivesse sendo analisada e estudada pelo estrategista, tenho que ficar repassando informações que ele já deveria saber tais como meus bens e meu aporte mensal, se eu soubesse que seria assim não participaria.
Entrei visando uma solução de problemas, alguém que é pago para que eu não analise muito as situações e só faça tome a decisão final tal qual conversado.
Não acho que o programa tem me ajudado.","Sigo aguardando com paciência o projeto.
Não acredito que eu vá alcançar a TIR prometida e não sei se faz sentido continuar na Quartavia.",,,legado,NPS_Q4_2025_ENVIADO_DEZEMBRO.xlsx,pharus 2,9odj20bsmf06ygzr9odjt0l968fmiy16,aba PHARUS da planilha,
2025-Q4,Dez/2025,2025-12-16 09:58,Jorge Eliandro Bezerra,jorge eliandro bezerra,PHARUS,Rodrigo Lunardi,10.0,Promotor,10.0,,,,,,Estagnado ou travado,,,,Busca de soluções,Ter resultados,,,,legado,NPS_Q4_2025_ENVIADO_DEZEMBRO.xlsx,pharus 2,eh3xr07g8ebjk6674loeh3xr0n2cxtzw,aba PHARUS da planilha,cadastro 2026-T2
2025-Q4,Dez/2025,2025-12-16 10:04,Maria Augusta Rosa Kussaba,maria augusta rosa kussaba,PHARUS,,10.0,Promotor,10.0,,,,,,"Em progresso, mas com dúvidas",,,,O direcionamento financeiro,Aumento da renda,,,,legado,NPS_Q4_2025_ENVIADO_DEZEMBRO.xlsx,pharus 2,rmhx1lks3cxbq2ep97rmhx1lw8rouca0,aba PHARUS da planilha,
2025-Q4,Dez/2025,2025-12-16 10:08,Elisson Antonio Francelino dos Santos,elisson antonio francelino dos santos,PHARUS,Rodrigo Lunardi,10.0,Promotor,10.0,,,,,,,Tenho clareza e estou executando com consistência,,,Contato pessoal e compromisso com o cliente,,,,,legado,NPS_Q4_2025_ENVIADO_DEZEMBRO.xlsx,pharus 2,4ndpnox5vc9cca4nneo7vljh8e1m4004,aba PHARUS da planilha,MARÇO
2025-Q4,Dez/2025,2025-12-16 10:14,Maria Fernanda Cunha de Figueiredo Torres,maria fernanda cunha de figueiredo torres,PHARUS,Rodrigo Lunardi,10.0,Promotor,10.0,,,,,,,Tenho clareza e estou executando com consistência,,,"Facilidade em contatar meu consultor em caso de dúvida, clareza nas informações, além do estímulo frequente e otimismo.","A visualização de que as metas propostas estão sendo realizadas, com evidência dos resultados","Devido a vida corrida ainda demoro para efetuar as propostas mas acabo realizando devido presença e estímulo do meu estrategista, apesar de ainda me sentir insegura em alguns momentos pois as transações são muito diferente do que estou acostumada.",,,legado,NPS_Q4_2025_ENVIADO_DEZEMBRO.xlsx,pharus 2,38icu9mi7k35sxonjved38icu9lvvoyd,aba PHARUS da planilha,MARÇO
2025-Q4,Dez/2025,2025-12-16 10:27,Fernando Fernandes e Vivian Lima Fernandes,fernando fernandes,PHARUS,Rodrigo Lunardi,10.0,Promotor,10.0,,,,,,,Tenho clareza e estou executando com consistência,,,Toda a assistência prestada,Ver que as estratégias estão funcionando,,,,legado,NPS_Q4_2025_ENVIADO_DEZEMBRO.xlsx,pharus 2,86rsnxkzlcsgfp9tydcia86rsnxky3pt,aba PHARUS da planilha,base mecanismos
2025-Q4,Dez/2025,2025-12-16 10:33,Eliane Mara Gadelha,eliane mara gadelha,PHARUS,,1.0,Detrator,4.0,,,,,,,Estou travado em alguma parte e preciso de ajuda,,,,,Arrependida,,,legado,NPS_Q4_2025_ENVIADO_DEZEMBRO.xlsx,pharus 2,xspzjh0hxk73u8hxspzsad2y5l4nbz4n,aba PHARUS da planilha,
2025-Q4,Dez/2025,2025-12-16 10:49,Josmeiry Reis Pimenta Carréri,josmeiry reis pimenta carreri,PHARUS,,10.0,Promotor,10.0,,,,,,"Em progresso, mas com dúvidas",,,,A orientação,O progresso,,,,legado,NPS_Q4_2025_ENVIADO_DEZEMBRO.xlsx,pharus 2,sgsmd7akca4b3u95gzsgsmd1q04d0ywy,aba PHARUS da planilha,
2025-Q4,Dez/2025,2025-12-16 10:50,Camila De Mattos Gonçalves,camila de mattos goncalves,PHARUS,,10.0,Promotor,10.0,,,,,,,"Entendi o método, mas ainda não implementei o suficiente",,,Aprender a controlar meus gastos,,"Sinto que estou travada na reserve de emergência, e dessa forma não estou no momento certo para continuar sendo cliente da quarta via",,,legado,NPS_Q4_2025_ENVIADO_DEZEMBRO.xlsx,pharus 2,n6m1027lwfh8z4sxn2fn6m102ibbq475,aba PHARUS da planilha,
2025-Q4,Dez/2025,2025-12-16 11:15,Alberto Tiziano Dal Ben,alberto tiziano dal ben,PHARUS,Tales Salinas Rozo,8.0,Neutro,9.0,,,,,,"Em progresso, mas com dúvidas",Tenho clareza e estou executando com consistência,,"Alinhar expectativas e dar um retorno financeiro rápido . Mas também
 Sei que depende da pessoa",,Retorno do investimento,"Mas feliz em ter o suporte , e paciência",,,legado,NPS_Q4_2025_ENVIADO_DEZEMBRO.xlsx,pharus 2,4xxg85mjbu5s9mc3luiie4xxg85mj1p7,aba PHARUS da planilha,cadastro 2026-T2
2025-Q4,Dez/2025,2025-12-16 11:28,Pablo Resende Saa,pablo resende saa,PHARUS,Tiago Junior,0.0,Detrator,5.0,,,,,,,Perdi o vínculo com o projeto e preciso retomar,,,,Não voltaria a fazer negócio com vocês,Só ofereceram produtos ruins,,,legado,NPS_Q4_2025_ENVIADO_DEZEMBRO.xlsx,pharus 2,l3lc0x3rc9zbdfawr9mxal3lc0b0w7u9,aba PHARUS da planilha,MARÇO
2025-Q4,Dez/2025,2025-12-16 11:30,Johnny De Geus Junior,johnny de geus junior,PHARUS,Tales Salinas Rozo,10.0,Promotor,10.0,,,,,,,Tenho clareza e estou executando com consistência,,,,,Espero q tudo isso q estamos fazendo realmente funcione e traga resultados,,,legado,NPS_Q4_2025_ENVIADO_DEZEMBRO.xlsx,pharus 2,sss29u3c8myuh67gsss2syl81ge5pnhf,aba PHARUS da planilha,NPS (PATRIMONIUM)
2025-Q4,Dez/2025,2025-12-16 11:40,David Pessoa Morano,david pessoa morano,PHARUS,,0.0,Detrator,9.0,,,,,,Desacreditei do método,,,,,Melhorar os valores. Existem produtos que foram adquirido sob orientação de vocês que são caros e pagos mensalmente e não sei oq fazer com eles. Sinceramente.,Melhorem. O Ticket é alto. A entrega é baixa.,,,legado,NPS_Q4_2025_ENVIADO_DEZEMBRO.xlsx,pharus 2,yfo4v96qtkql74d0rl1yfo4vyj2j1ggp,aba PHARUS da planilha,
2025-Q4,Dez/2025,2025-12-16 11:56,Rafael de Montier Pompeu Barroso,rafael de montier pompeu barroso,PHARUS,João Aliceda,7.0,Neutro,8.0,,,,,,,Tenho clareza e estou executando com consistência,,,,,,,,legado,NPS_Q4_2025_ENVIADO_DEZEMBRO.xlsx,pharus 2,ftzujtff9jct9n2xqftzuukouuy9qnas,aba PHARUS da planilha,MARÇO
2025-Q4,Dez/2025,2025-12-16 12:06,Eduardo Luiz Bittencourt,eduardo luiz bittencourt,PHARUS,Cleuber Anicesio,7.0,Neutro,10.0,,,,,,,Tenho clareza e estou executando com consistência,,,,,,,,legado,NPS_Q4_2025_ENVIADO_DEZEMBRO.xlsx,pharus 2,igte06h48519hfwicrigte06h4n0plfw,aba PHARUS da planilha,NPS (PHARUS)
2025-Q4,Dez/2025,2025-12-16 12:08,João Alfredo Kehl Spier,joao alfredo kehl spier,PHARUS,Gabriel Oliveira,10.0,Promotor,10.0,,,,,,,"Entendi o método, mas ainda não implementei o suficiente",,,Clareza nas estratégias,Resultados,Satisfeito,,,legado,NPS_Q4_2025_ENVIADO_DEZEMBRO.xlsx,pharus 2,geb3gs6slpe3u81c3geb3gsoqy86yu9b,aba PHARUS da planilha,cadastro 2026-T2
2025-Q4,Dez/2025,2025-12-16 12:08,Felipe Santos Carmo,felipe santos carmo,PHARUS,Lucas Barrientos,9.0,Promotor,9.0,,,,,,"Em progresso, mas com dúvidas","Entendi o método, mas ainda não implementei o suficiente",,,A explicação do que sera posto em pratica,Resultados acima da selic com a mesma segurança de uma renda fixa,"Gosto muito da ideia do quarto caminho, com excelentes explicações a respeito do metodo, porem existe uma demora nas repostas do que sera implementado. A terceirizacao do pessoal do consorcio tambem deixou muito a desejar. No todo estou satisfeito.",,,legado,NPS_Q4_2025_ENVIADO_DEZEMBRO.xlsx,pharus 2,lal5sdb8mg3akmofaeplal5sdb74jeku,aba PHARUS da planilha,MARÇO
2025-Q4,Dez/2025,2025-12-16 12:12,Rodrigo Zabaglia,rodrigo zabaglia,PHARUS,,8.0,Neutro,10.0,,,,,,Estagnado ou travado,"Entendi o método, mas ainda não implementei o suficiente",,Melhorar o relacionamento.,,Resultado,Não,,,legado,NPS_Q4_2025_ENVIADO_DEZEMBRO.xlsx,pharus 2,91elwh7xmr2h9qtwhnpif91elwhiv4q0,aba PHARUS da planilha,
2025-Q4,Dez/2025,2025-12-16 12:30,Danilo Miguel de Mendonça,danilo miguel de mendonca,PHARUS,,10.0,Promotor,10.0,,,,,,"Em progresso, mas com dúvidas","Entendi o método, mas ainda não implementei o suficiente",,,Relacionamento com time estrategistas,Ter mais dinheiro para investir rs,Deviria dividir em 2 grupos: controle de dividas / investimentos,,,legado,NPS_Q4_2025_ENVIADO_DEZEMBRO.xlsx,pharus 2,3ws13zaf0m09kwpw3wsws1arnq3eaqbj,aba PHARUS da planilha,
2025-Q4,Dez/2025,2025-12-16 12:42,Douglas Covre,douglas covre,PHARUS,João Aliceda,8.0,Neutro,7.0,,,,,,"Em progresso, mas com dúvidas","Entendi o método, mas ainda não implementei o suficiente",,"Reuniões periódicas quinzenais conforme vendido no momento da compra não são feitas. Algumas estratégias não foram implementadas após o início, como os consórcios.",,"Resultados após o primeiro ano, implementar o que foi prometido no início.",Definir melhor o cronograma anual com o cliente,,,legado,NPS_Q4_2025_ENVIADO_DEZEMBRO.xlsx,pharus 2,8p1typpmq8xwr1i66b8p1tydn9gbm88o,aba PHARUS da planilha,MARÇO
2025-Q4,Dez/2025,2025-12-16 13:05,William Leite Leme Júnior,william leite leme junior,PHARUS,,9.0,Promotor,9.0,,,,,,"Em progresso, mas com dúvidas","Entendi o método, mas ainda não implementei o suficiente",,,As orientações fornecidas para tomada de decisão.,Isenção na renovação,Não,,,legado,NPS_Q4_2025_ENVIADO_DEZEMBRO.xlsx,pharus 2,mzrid96z3fi3kodo151mzrid928yfa1g,aba PHARUS da planilha,
2025-Q4,Dez/2025,2025-12-16 13:11,Victor Alfredo Mirol,victor alfredo mirol,PHARUS,Abner Braga,9.0,Promotor,9.0,,,,,,"Em progresso, mas com dúvidas",,,,Esquema de pensamento financeiro,A experiência diária...,Inmpressiona como uma instituição séria,,,legado,NPS_Q4_2025_ENVIADO_DEZEMBRO.xlsx,pharus 2,zlni84vscl7gv9t6h11zlni84v4strkg,aba PHARUS da planilha,MARÇO
2025-Q4,Dez/2025,2025-12-16 13:12,Cely Melo Vasconcelos,cely melo vasconcelos,PHARUS,João Aliceda,9.0,Promotor,10.0,,,,,,Totalmente no caminho,"Entendi o método, mas ainda não implementei o suficiente",,,,Conseguir acertar financeiramente para não depender da aposentadoria,,,,legado,NPS_Q4_2025_ENVIADO_DEZEMBRO.xlsx,pharus 2,gt8gsar8jke0evxnp9gt8gsr34hayx26,aba PHARUS da planilha,NPS (PATRIMONIUM)
2025-Q4,Dez/2025,2025-12-16 13:12,Daniel Yoshio Kawahara,daniel yoshio kawahara,PHARUS,Abner Braga,5.0,Detrator,10.0,,,,,,,"Entendi o método, mas ainda não implementei o suficiente",,A minha experiência não foi boa devido a minha falta de fluxo de caixa.,,,,,,legado,NPS_Q4_2025_ENVIADO_DEZEMBRO.xlsx,pharus 2,od76m7jualp1f0y466gwzl9od76m73wn,aba PHARUS da planilha,NPS (PATRIMONIUM)
2025-Q4,Dez/2025,2025-12-16 13:18,Marcelo Fernandes Lima,marcelo fernandes lima,PHARUS,,0.0,Detrator,4.0,,,,,,Desacreditei do método,Perdi o vínculo com o projeto e preciso retomar,,Não sei nem por onde começar,,,Não,,,legado,NPS_Q4_2025_ENVIADO_DEZEMBRO.xlsx,pharus 2,26nifmvy6g2d05926nifxvzwylv21775,aba PHARUS da planilha,
2025-Q4,Dez/2025,2025-12-16 13:32,Mônica Vargas Abrucese Miranda,monica vargas abrucese miranda,PHARUS,Rodrigo Lunardi,10.0,Promotor,10.0,,,,,,"Em progresso, mas com dúvidas",,,,,A expectativa de retorno e gerar renda passiva que melhore a qualidade de vida. O nosso consultor é excelente,Excelentes expectativas para o futuro,,,legado,NPS_Q4_2025_ENVIADO_DEZEMBRO.xlsx,pharus 2,1lq3x6ln9noim23b2f1lq3wwqb8ab6vr,aba PHARUS da planilha,NPS (PATRIMONIUM)
2025-Q4,Dez/2025,2025-12-16 13:43,Sheila Vieira Lage,sheila vieira lage,PHARUS,João Aliceda,10.0,Promotor,10.0,,,,,,"Em progresso, mas com dúvidas",Tenho clareza e estou executando com consistência,,,,Diminuição da anuidade,Não,,,legado,NPS_Q4_2025_ENVIADO_DEZEMBRO.xlsx,pharus 2,enliaz2uony5xsvenlbl63r2v920bjeo,aba PHARUS da planilha,MARÇO
2025-Q4,Dez/2025,2025-12-16 13:52,Saulo Lourenço Siqueira,saulo lourenco siqueira,PHARUS,Tales Salinas Rozo,9.0,Promotor,10.0,,,,,,"Em progresso, mas com dúvidas",Tenho clareza e estou executando com consistência,,,"Gosto muito das sugestões, de fato elas fazem muito sentido, porém acho que para investidores novos, principalmente, pouco familiarizados com investimentos no mercado real, a gente fica ainda muito inseguro durante a implementação das estratégias. Talvez maiores informações sobre as empresas que funcionam como mediadoras da implementação, histórico, reputação, confiança. Algo nesse sentido nos deixaria mais seguros",Começar a ver resultado a partir desse segundo ano de implementação,"Gosto muito do acompanhamento mas meu nível de insegurança está desconfortavelmente alto. Estou inseguro com a estratégia de autoconstrucao pois o grupo é muito grande e não consigo ver como lances fixos podem me dar o retorno estatístico conforme previsto uma vez que o grupo está bastante agressivo. Também estou inseguro com a renda sintética pois fiz o aporte há 14 dias e ainda não tenho a confirmação oficial da liquidação. Estou inseguro pois confio em vocês, mas por tabela preciso confiar nas empresas indicadas (Servopa, mova, vitacon) e são dadas poucas informações de confiabilidade dessas empresas o que gera insegurança na implementação das estratégias",,,legado,NPS_Q4_2025_ENVIADO_DEZEMBRO.xlsx,pharus 2,qvs29nh50v8toag0dfk3qvs29njtuu1x,aba PHARUS da planilha,MARÇO
2025-Q4,Dez/2025,2025-12-16 14:12,Flávia Iracema Gimenes,flavia iracema gimenes,PHARUS,Samuel Araújo,5.0,Detrator,10.0,9.0,1.0,,Não,,,,,"estou sendo muito bem atendida, mas até o momento ainda não temos soluções para o acréscimo patrimonial",,Avanço patrimonial real,"até o momento minha experiência não tem demonstrado avanços e seguindo neste linha para os meses subsequentes, a proposta da quartavia perde totalmente o sentido",,,nova jornada (backoffice/QV360),NPS_Q4_2025_ENVIADO_DEZEMBRO.xlsx,pharus,ebmx3k0b22mowxwebmx3krs634xh5jmj,aba PHARUS da planilha,cadastro 2026-T2
2025-Q4,Dez/2025,2025-12-16 14:15,Lauren Cristina Fialho Nether,lauren cristina fialho nether,PHARUS,Rodrigo Lunardi,10.0,Promotor,10.0,,,,,,,Tenho clareza e estou executando com consistência,,,,,,,,legado,NPS_Q4_2025_ENVIADO_DEZEMBRO.xlsx,pharus 2,3r8smy8rafwmo96p5d3r8sm7bed2u0cf,aba PHARUS da planilha,MARÇO
2025-Q4,Dez/2025,2025-12-16 14:38,Denylson Sanches Fernandes,denylson sanches fernandes,PHARUS,João Aliceda,9.0,Promotor,10.0,,,,,,"Em progresso, mas com dúvidas",,,,Ampliar o leque,Maiores retornos,Excelente,,,legado,NPS_Q4_2025_ENVIADO_DEZEMBRO.xlsx,pharus 2,ftwekwcugx1mol97ecknoftwek91yrge,aba PHARUS da planilha,MARÇO
2025-Q4,Dez/2025,2025-12-16 15:11,Heitor Parenti Junior,heitor parenti junior,PHARUS,,9.0,Promotor,9.0,,,,,,"Em progresso, mas com dúvidas",Tenho clareza e estou executando com consistência,,,,"Se eu não tiver o retorno minimamente do investido no programa Pharus esse ano, minha tendência é não continuar com o programa. Para continuar, o custo do programa teria que se pagar anualmente + a geracao de retorno acima do que é praticado no mercado comum. A curva do 4o caminho tem que se materializar, considerando o custo do programa também.","A assessora Camila da Avant (suporte a consórcio Porto) deixou muito a desejar em todas as interações…  respostas sempre com atraso, vagas e suporte moroso.

O Tiago estrategista é excelente e estou satisfeito com a rapidez e suporte customizado!! Gostaria de tê-lo como assessor para direcionar a  carteira de investimentos (mercado financeiro XP) sem viés da assessora atual da XP.",,,legado,NPS_Q4_2025_ENVIADO_DEZEMBRO.xlsx,pharus 2,rjjv8dkwm6dev1krjps3bwjccymhluln,aba PHARUS da planilha,
2025-Q4,Dez/2025,2025-12-16 15:19,André Augusto Lemos Vidal De Negreiros,andre augusto lemos vidal de negreiros,PHARUS,Samuel Araújo,10.0,Promotor,10.0,,,,,,Totalmente no caminho,"Entendi o método, mas ainda não implementei o suficiente",,,Proximidade com o cliente e clareza nas informações.,,,,,legado,NPS_Q4_2025_ENVIADO_DEZEMBRO.xlsx,pharus 2,1ksaisysw521ksiwgj6e495osjnpiiwg,aba PHARUS da planilha,cadastro 2026-T2
2025-Q4,Dez/2025,2025-12-16 15:24,Valquiria Alves Miguéis Campos Cordeiro,valquiria alves migueis campos cordeiro,PHARUS,,9.0,Promotor,10.0,,,,,,"Em progresso, mas com dúvidas","Entendi o método, mas ainda não implementei o suficiente",,,,Eu conquistar os meus objetivos,Não,,,legado,NPS_Q4_2025_ENVIADO_DEZEMBRO.xlsx,pharus 2,sjfia8qp2wvevzijissjfiawod93b5xd,aba PHARUS da planilha,
2025-Q4,Dez/2025,2025-12-16 15:33,Webert Brugiolo Debortoli,webert brugiolo debortoli,PHARUS,Rodrigo Lunardi,10.0,Promotor,10.0,,,,,,Totalmente no caminho,Tenho clareza e estou executando com consistência,,,,,,,,legado,NPS_Q4_2025_ENVIADO_DEZEMBRO.xlsx,pharus 2,qal51fro78yq6qalwsttzfaxa0zij1th,aba PHARUS da planilha,cadastro 2026-T2
2025-Q4,Dez/2025,2025-12-16 15:47,Adriano José da silva,adriano jose da silva,PHARUS,,9.0,Promotor,10.0,,,,,,"Em progresso, mas com dúvidas","Entendi o método, mas ainda não implementei o suficiente",,,Atenção,,Nao,,,legado,NPS_Q4_2025_ENVIADO_DEZEMBRO.xlsx,pharus 2,3p6cu2y0jv9lzdscto688p13p6cu2q0e,aba PHARUS da planilha,
2025-Q4,Dez/2025,2025-12-16 15:49,Larissa de Aguiar Mesquita Xavier,larissa de aguiar mesquita xavier,PHARUS,,9.0,Promotor,10.0,,,,,,"Em progresso, mas com dúvidas","Entendi o método, mas ainda não implementei o suficiente",,,"No meu círculo familiar atualmente não existem clientes considerados em potencial. O que mais me agradou é a maneira consciente como as coisas são conduzidas, pé no chão. Contudo, sinto falta de entrar em mais programas de alavancagem(crescimento em geral) ainda no primeiro ano(achei lento).",Participar de mais Aplicações (simultâneas). Foram mais de 6 meses até aparecer a 1ª oportunidade.,"Apenas isso que foquei: entenda, se tiver uma previsão de aplicação em 12 meses, eu vou abrir mão de outras coisas e focar nas aplicações. Ex: no 1º, no PHARUS, você pode aplicar de R$0,00 até ""limite definido pela equipe estratégica"", isso nos dá um norte. Quantos clientes vocês tem que ganham muito, gastam muito e tem patrimônio incompatível? Vocês não precisam determinar, mas ao menos bimestral (não sei), ofertar aplicações que possam fazer sentido (levando em conta a reserva mas também o perfil do seu cliente). Vou deixar melhor explicado com meu estrategista.",,,legado,NPS_Q4_2025_ENVIADO_DEZEMBRO.xlsx,pharus 2,raevkcdkala259e914fv9zt0tifraevk,aba PHARUS da planilha,
2025-Q4,Dez/2025,2025-12-16 16:28,Rafael Furquim Siqueira,rafael furquim siqueira,PHARUS,Tiago Rodrigues,7.0,Neutro,8.0,,,,,,,Tenho clareza e estou executando com consistência,,,,,,,,legado,NPS_Q4_2025_ENVIADO_DEZEMBRO.xlsx,pharus 2,kssm96zhkx8gkss4gz40ainjwodcq14g,aba PHARUS da planilha,NPS (PHARUS)
2025-Q4,Dez/2025,2025-12-16 17:06,Carlos Alberto Nunes Lopes,carlos alberto nunes lopes,PHARUS,,5.0,Detrator,5.0,,,,,,Desacreditei do método,,,,,"O diagnóstico de entrada foi totalmente equivocado.  O apoio que precisava não existia no programa.  Para além do recurso financeiro investido , o tempo e expectativa se perderam.",,,,legado,NPS_Q4_2025_ENVIADO_DEZEMBRO.xlsx,pharus 2,pqmrky9zn2e9kh9ny4r5pqmrkoexvccg,aba PHARUS da planilha,
2025-Q4,Dez/2025,2025-12-16 17:24,Marco Antônio Lia,marco antonio lia,PHARUS,Abner Braga,10.0,Promotor,10.0,,,,,,"Em progresso, mas com dúvidas",Tenho clareza e estou executando com consistência,,,,Se tiver  dinheiro para continuar investindo,Nao,,,legado,NPS_Q4_2025_ENVIADO_DEZEMBRO.xlsx,pharus 2,pm3cyfa4phfgzddpm3czmgfeb5b7f6wd,aba PHARUS da planilha,MARÇO
2025-Q4,Dez/2025,2025-12-16 17:52,Valmir Cezar Tottoli da Silva*,valmir cezar tottoli da silva*,PHARUS,,8.0,Neutro,8.0,,,,,,Totalmente no caminho,Tenho clareza e estou executando com consistência,,Pouca divulgação de resultados  de participantes,,Melhorar a forma de ver os investimentos tipo um aplicativo (planilha excell não é ideal),Divulgação de resultado de participantes,,,legado,NPS_Q4_2025_ENVIADO_DEZEMBRO.xlsx,pharus 2,d5wc9kdppkbk95jxnd5wbmtr15flvraf,aba PHARUS da planilha,
2025-Q4,Dez/2025,2025-12-16 18:11,Daniel Lin Santos,daniel lin santos,PHARUS,Cleuber Anicesio,10.0,Promotor,10.0,,,,,,"Em progresso, mas com dúvidas",Tenho clareza e estou executando com consistência,,,Praticidade na execução das estratégias,,No aguardo dos resultados,,,legado,NPS_Q4_2025_ENVIADO_DEZEMBRO.xlsx,pharus 2,m9vt9d4fa637olvum9vthnjvwhkrki7o,aba PHARUS da planilha,MARÇO
2025-Q4,Dez/2025,2025-12-16 18:23,Daniel Borges Marras,daniel borges marras,PHARUS,,10.0,Promotor,10.0,,,,,,,Tenho clareza e estou executando com consistência,,,,No momento não saberia dizer .,Por agora não,,,legado,NPS_Q4_2025_ENVIADO_DEZEMBRO.xlsx,pharus 2,8ieq9yjrg2l3l7u1j8ieqf03ycy51bi0,aba PHARUS da planilha,
2025-Q4,Dez/2025,2025-12-16 18:24,Thiago Lara Vasques,thiago lara vasques,PHARUS,Cleuber Anicesio,9.0,Promotor,10.0,,,,,,Totalmente no caminho,Tenho clareza e estou executando com consistência,,,"Confiabilidade transmitida, caráter conservador dos investimentos recomendados e pluridade da carta de investimentos.","Continuar com a confiança que o ecossistema me propõe, visualizar os resultados de modo mais claro e ter um atendimento cada vez mais personalizado.",Recomendo.,,,legado,NPS_Q4_2025_ENVIADO_DEZEMBRO.xlsx,pharus 2,5qv4g3bmwf16cximf5qv4gd6gdrqn6sb,aba PHARUS da planilha,MARÇO
2025-Q4,Dez/2025,2025-12-16 19:33,Enio Eduardo Lage,enio eduardo lage,PHARUS,,9.0,Promotor,10.0,,,,,,"Em progresso, mas com dúvidas",Tenho clareza e estou executando com consistência,,,Possibilidade de novos negocios,Manter plano,No momento não.,,,legado,NPS_Q4_2025_ENVIADO_DEZEMBRO.xlsx,pharus 2,5210lp4cocjax0101u5210lzq322m0fu,aba PHARUS da planilha,
2025-Q4,Dez/2025,2025-12-16 19:45,Juliana Matos Da Silva,juliana matos da silva,PHARUS,Samuel Araújo,10.0,Promotor,10.0,,,,,,,Tenho clareza e estou executando com consistência,,,,,"Samuel é um excelente estrategista. Sempre disponível para tirar dúvidas de forma clara e objetiva, presente e ajustando as estratégias conforme necessário. Está de parabéns!",,,legado,NPS_Q4_2025_ENVIADO_DEZEMBRO.xlsx,pharus 2,dzzk83yqm6y4j35dzzkkced2mia5jyt3,aba PHARUS da planilha,MARÇO
2025-Q4,Dez/2025,2025-12-16 19:54,Fernando Armani Picetti,fernando armani picetti,PHARUS,Hendrick Dorner,9.0,Promotor,10.0,,,,,,,"Entendi o método, mas ainda não implementei o suficiente",,,,,,,,legado,NPS_Q4_2025_ENVIADO_DEZEMBRO.xlsx,pharus 2,prsqzhxttfy5kaisq1prsqm10t41euhr,aba PHARUS da planilha,MARÇO
2025-Q4,Dez/2025,2025-12-16 20:07,Pedro Crocamo,pedro crocamo,PHARUS,,10.0,Promotor,9.0,,,,,,"Em progresso, mas com dúvidas",Perdi o vínculo com o projeto e preciso retomar,,,Por hora ainda não utilizei tudo mas achei muito visionário e didatico,Resultado,Por hora não! Apenas ser grato pela oportunidade,,,legado,NPS_Q4_2025_ENVIADO_DEZEMBRO.xlsx,pharus 2,6tb6mojnwy99acrs75sd6tb6mojnnoz6,aba PHARUS da planilha,
2025-Q4,Dez/2025,2025-12-16 20:14,Diane Furtado dos Santos,diane furtado dos santos,PHARUS,,10.0,Promotor,9.0,,,,,,Totalmente no caminho,,,,Expertise e personalização,,,,,legado,NPS_Q4_2025_ENVIADO_DEZEMBRO.xlsx,pharus 2,ulg4ciwzormfiq7u7oskdjeulg4ci41q,aba PHARUS da planilha,
2025-Q4,Dez/2025,2025-12-16 21:38,luciano cardoso de souza,luciano cardoso de souza,PHARUS,,8.0,Neutro,10.0,,,,,,Totalmente no caminho,"Entendi o método, mas ainda não implementei o suficiente",,Já estão fazendo.. ampliando opções de investimento,,Continuidade da evolução das oportunidades e do acompanhamento próximo,,,,legado,NPS_Q4_2025_ENVIADO_DEZEMBRO.xlsx,pharus 2,b9cz1w0n16lyzug06b9czd2pdtxx5yuz,aba PHARUS da planilha,
2025-Q4,Dez/2025,2025-12-16 22:58,Marcos Hernani Silva Santos,marcos hernani silva santos,PHARUS,Nelson Marques,4.0,Detrator,7.0,,,,,,,"Entendi o método, mas ainda não implementei o suficiente",,"Poderia deixar mais claro quais estratégias seriam usadas no acompanhamento. Eu por exemplo gostaria de aprender e eu mesmo por em prática, ja tem pessoas que não gostam de se preocupar com essa parte.",,"Resultados, clareza, segurança e transparência.","Foi muito proveitoso porém acredito que ficou faltando algo, parecia que o evento foi para quem quisesse apenas entrar na davos, faltou escalonamento. De renda e objetivos.",,,legado,NPS_Q4_2025_ENVIADO_DEZEMBRO.xlsx,pharus 2,lea534v8rkmt60tbafhqlea534kqnktx,aba PHARUS da planilha,cadastro 2026-T2
2025-Q4,Dez/2025,2025-12-17 06:13,Fernando Antônio Fernandes,fernando antonio fernandes,PHARUS,Tales Salinas Rozo,10.0,Promotor,10.0,,,,,,,Tenho clareza e estou executando com consistência,,,,"Eu pretendo continuar os 5 anos, só não farei isso se ocorrer alguma tragedia financeira que estrague meus motores.",Não,,,legado,NPS_Q4_2025_ENVIADO_DEZEMBRO.xlsx,pharus 2,31zoz1yjt73cjf31zozf7fsro6pxuh9g,aba PHARUS da planilha,NPS (PATRIMONIUM)
2025-Q4,Dez/2025,2025-12-17 11:47,Luiz Leonardo Póvoa Lobo,luiz leonardo povoa lobo,PHARUS,João Gonçalves,9.0,Promotor,10.0,,,,,,"Em progresso, mas com dúvidas",Perdi o vínculo com o projeto e preciso retomar,,,"Estávamos perdidos de como investir. Ainda sentimos perdidos, mas com algum rumo",Ter grana para isso. Sentir que vale mais a pena ainda. Tenho pouquíssimo tempo para pensar em investimento e dificuldade para entender tudo e portanto preciso mesmo de quase uma babá financeira.,,,,legado,NPS_Q4_2025_ENVIADO_DEZEMBRO.xlsx,pharus 2,c29idmtkempc0bs5l9fc29idmtroivsg,aba PHARUS da planilha,MARÇO
2025-Q4,Dez/2025,2025-12-17 15:35,Djin Augusto Caetano Rebouças,djin augusto caetano reboucas,PHARUS,,5.0,Detrator,9.0,,,,,,Estagnado ou travado,,,Orientar e indicar ações a serem realizadas. Para que nesse formato o cliente detenha  segurança sobre seus valores aplicados. E não pegar os recursos do cliente para administrar. Isso traz ensegurança,Djin Augusto Caetano Rebouças,Não tenho mais interesse,Não,,,legado,NPS_Q4_2025_ENVIADO_DEZEMBRO.xlsx,pharus 2,jvl92eqy5vwcbzsjvl92ej4r1ixw0lr6,aba PHARUS da planilha,
2025-Q4,Dez/2025,2025-12-17 15:46,João Batista Oliveira Leal,joao batista oliveira leal,PHARUS,Abner Braga,10.0,Promotor,10.0,,,,,,Totalmente no caminho,Tenho clareza e estou executando com consistência,,,,A confiança que tenho na equipe me dá um conforto bastante satisfatório para continuar.,"Estou no início, mas acreditando  que o futuro é promissor.",,,legado,NPS_Q4_2025_ENVIADO_DEZEMBRO.xlsx,pharus 2,9rder3egcqqw30itwb9rders8vb0zyhy,aba PHARUS da planilha,MARÇO
2025-Q4,Dez/2025,2025-12-17 15:50,Daniel Felice Guerreiro Nascimento,daniel felice guerreiro nascimento,PHARUS,,9.0,Promotor,10.0,,,,,,"Em progresso, mas com dúvidas",,,,,Somente apos conseguir estabilizar minha reserva de emergencia,,,,legado,NPS_Q4_2025_ENVIADO_DEZEMBRO.xlsx,pharus 2,xtogt0h3tvnw63atjhvdkuxtogt0h08a,aba PHARUS da planilha,
2025-Q4,Dez/2025,2025-12-17 16:18,Fernando Silva Santos,fernando silva santos,PHARUS,,8.0,Neutro,8.0,,,,,,"Em progresso, mas com dúvidas",,,,,Resultado,Nao,,,legado,NPS_Q4_2025_ENVIADO_DEZEMBRO.xlsx,pharus 2,dvsd1wnx5bsizolsedvlnybccyjyvbk7,aba PHARUS da planilha,
2025-Q4,Dez/2025,2025-12-17 22:42,Leandro Antônio De Oliveira Correia,leandro antonio de oliveira correia,PHARUS,Gabriel Oliveira,10.0,Promotor,10.0,,,,,,Totalmente no caminho,Tenho clareza e estou executando com consistência,,,"Experiência própria com o serviço prestado, consultor que nos atende e evolução patrimonial / adequação financeira que estamos vivenciando.","Impacto positivo direto em minha família devido à construção de independência financeira, proporcionando qualidade de vida, educação, saúde, moradia de excelência, aquisição de novos patamares tais como DAVOS. A tranquilidade de ter uma vida mais leve onde o dinheiro trabalha para nós e não o contrário.",E esta experiência está sendo muito transformadora e grandiosa.,,,legado,NPS_Q4_2025_ENVIADO_DEZEMBRO.xlsx,pharus 2,irsm22ptpy2nuld7irsm213xzm5rpf0d,aba PHARUS da planilha,cadastro 2026-T2
2025-Q4,Dez/2025,2025-12-18 16:26,Thelma Medeiros Da Cunha,thelma medeiros da cunha,PHARUS,Samuel Araújo,10.0,Promotor,10.0,,,,,,,Tenho clareza e estou executando com consistência,,,,Metas alcançadas.,"Me sinto segura com as orientações, clareza nas orientações e segurança da equipe",,,legado,NPS_Q4_2025_ENVIADO_DEZEMBRO.xlsx,pharus 2,nkmh8tjruucqy5ad0m8p8nkmh8tj1vnh,aba PHARUS da planilha,MARÇO
2025-Q4,Dez/2025,2025-12-18 16:37,Marielly Machado,marielly machado,PHARUS,,10.0,Promotor,10.0,,,,,,"Em progresso, mas com dúvidas",,,,Estratégia,Alavancar de verdade,,,,legado,NPS_Q4_2025_ENVIADO_DEZEMBRO.xlsx,pharus 2,s0pgp9lect83m6ghceq0dms0pgp9lezb,aba PHARUS da planilha,
2025-Q4,Dez/2025,2025-12-18 17:05,Renato Ponte Portela Aguiar,renato ponte portela aguiar,PHARUS,,8.0,Neutro,8.0,,,,,,,Tenho clareza e estou executando com consistência,,,,,,,,legado,NPS_Q4_2025_ENVIADO_DEZEMBRO.xlsx,pharus 2,cppq0endrd3eylnn46trhtcppq0enkwq,aba PHARUS da planilha,
2025-Q4,Dez/2025,2025-12-18 18:20,Bruno Matias,bruno matias,PHARUS,,0.0,Detrator,1.0,,,,,,Desacreditei do método,Perdi o vínculo com o projeto e preciso retomar,,Melhorar a comunicação e focar nos objetivos do cliente e não apenas em vender consórcios e outros produtos.,,No momento nada,,,,legado,NPS_Q4_2025_ENVIADO_DEZEMBRO.xlsx,pharus 2,9yuv2tccrfaxv4eadc9yuv2tdmo5xykt,aba PHARUS da planilha,
2025-Q4,Dez/2025,2025-12-18 18:29,Márcio Watermann,marcio watermann,PHARUS,Willian Sobral,10.0,Promotor,10.0,,,,,,Totalmente no caminho,Tenho clareza e estou executando com consistência,,,A metodologia,À continuidade dos resultados,Excelente,,,legado,NPS_Q4_2025_ENVIADO_DEZEMBRO.xlsx,pharus 2,269141v5vpfaefn8120iw21269141vcr,aba PHARUS da planilha,MARÇO
2025-Q4,Dez/2025,2025-12-18 18:50,Nadjaneyre Linhares,nadjaneyre linhares,PHARUS,Hendrick Dorner,7.0,Neutro,10.0,,,,,,Estagnado ou travado,,,O valor da mentoria é alto para quem precisa economizar.,,Se eu fosse mais barato. Pois o q gasto já daria para começar a investir.,,,,legado,NPS_Q4_2025_ENVIADO_DEZEMBRO.xlsx,pharus 2,wu53a3u9esfmrswu53hwsq1wrrg3plyr,aba PHARUS da planilha,cadastro 2026-T2
2025-Q4,Dez/2025,2025-12-18 19:55,Fabiano Gradela Leone,fabiano gradela leone,PHARUS,Julio Cienkonog,9.0,Promotor,9.0,,,,,,,Tenho clareza e estou executando com consistência,,,,,,,,legado,NPS_Q4_2025_ENVIADO_DEZEMBRO.xlsx,pharus 2,fgvfqfbvp1lbzeun97fgvfqfbfvmxwa4,aba PHARUS da planilha,cadastro 2026-T2
2025-Q4,Dez/2025,2025-12-18 20:25,Pollyana Cristina,pollyana cristina,PHARUS,Tales Salinas Rozo,10.0,Promotor,10.0,,,,,,,"Entendi o método, mas ainda não implementei o suficiente",,,Seriedade e eficiência.,Resultado,Não,,,legado,NPS_Q4_2025_ENVIADO_DEZEMBRO.xlsx,pharus 2,77rnqs6qb0a4jzv77rn1v75aqkv9m99t,aba PHARUS da planilha,MARÇO
2025-Q4,Dez/2025,2025-12-18 21:03,Concetta Esposito,concetta esposito,PHARUS,Samuel Araújo,10.0,Promotor,10.0,,,,,,,Tenho clareza e estou executando com consistência,,,,,"Apesar de tudo andando, ainda sou bastante inexperiente e pouco arrojada, espero com o tempo, otimizar ainda mais os investimentos",,,legado,NPS_Q4_2025_ENVIADO_DEZEMBRO.xlsx,pharus 2,ewqxz5dbwvcq3u3gcbewqvs4p5zsse02,aba PHARUS da planilha,NPS (PATRIMONIUM)
2025-Q4,Dez/2025,2025-12-18 21:39,Rodrigo Andrade,rodrigo andrade,PHARUS,,8.0,Neutro,10.0,,,,,,,Estou travado em alguma parte e preciso de ajuda,,Melhorar a assessoria quanto à organização financeira/controle de gastos.,,Melhorar minha organização financeira e passar a ter reserva de emergência. Passar a ter resultados consistentes de acúmulo de patrimônio.,Gostaria de ter feedbacks mais organizados quanto à minha evolução em organização financeira. Sinto fala de um aplicativo próprio de gestão financeira pessoal (tenho buscado fora).,,,legado,NPS_Q4_2025_ENVIADO_DEZEMBRO.xlsx,pharus 2,nsvu0xpzwef5u9zinsvuy1r0345m4hai,aba PHARUS da planilha,
2025-Q4,Dez/2025,2025-12-18 21:58,Gustavo Henrique Nunes Damiati,gustavo henrique nunes damiati,PHARUS,,10.0,Promotor,10.0,,,,,,,"Entendi o método, mas ainda não implementei o suficiente",,,Atenção,Paciência,,,,legado,NPS_Q4_2025_ENVIADO_DEZEMBRO.xlsx,pharus 2,dny2srbzpb8tvjufh8hdny2sr3913sow,aba PHARUS da planilha,
2025-Q4,Dez/2025,2025-12-18 22:02,Andre Luiz Cattiste Filho,andre luiz cattiste filho,PHARUS,Hendrick Dorner,8.0,Neutro,8.0,,,,,,,"Entendi o método, mas ainda não implementei o suficiente",,,,"Ainda nao vi retorno,  mas entendo que resultados acontecem entre 3 e 5 anos",Materiais de apoio para auxílio nas decisões (por exemplo como fazer análise de viabilidade pra compra imoveis na planta),,,legado,NPS_Q4_2025_ENVIADO_DEZEMBRO.xlsx,pharus 2,7dhucklgqh25y6n42o7dhucky3rxdmj2,aba PHARUS da planilha,cadastro 2026-T2
2025-Q4,Dez/2025,2025-12-18 22:57,Poliana Cristina Souto Maior Da Silva,poliana cristina souto maior da silva,PHARUS,Gabriel Oliveira,9.0,Promotor,10.0,,,,,,"Em progresso, mas com dúvidas","Entendi o método, mas ainda não implementei o suficiente",,,A orientação ampliada de como ter rendas passivas e alavancar meu patrimônio.,Necessito de mais tempo para aplicar 100% o método e organizar meus processos.,,,,legado,NPS_Q4_2025_ENVIADO_DEZEMBRO.xlsx,pharus 2,bbepstt6wnyu7vbaycqjbbepsyqvd0tw,aba PHARUS da planilha,MARÇO
2025-Q4,Dez/2025,2025-12-19 06:15,Tatiana Hammerschmitt Utzig,tatiana hammerschmitt utzig,PHARUS,Hendrick Dorner,10.0,Promotor,10.0,,,,,,Totalmente no caminho,,,,As oportunidades,A transparência e seriedade de cada oportunidade apresentada,,,,legado,NPS_Q4_2025_ENVIADO_DEZEMBRO.xlsx,pharus 2,hvatj9zhpp82axsihvatxrn65pe7brs9,aba PHARUS da planilha,MARÇO
2025-Q4,Dez/2025,2025-12-19 06:37,Alessandra S. Duarte,alessandra s. duarte,PHARUS,Hendrick Dorner,10.0,Promotor,10.0,,,,,,"Em progresso, mas com dúvidas","Entendi o método, mas ainda não implementei o suficiente",,,Estou gostando do processo de análise no caso individual e da assessoria.,Rentabilidade dos investimentos acontecendo da forma como vcs prometem,"Para quem não conseguia guardar nada, vou finalizar o ano, com 30.000,00 investidos.",,,legado,NPS_Q4_2025_ENVIADO_DEZEMBRO.xlsx,pharus 2,i2ebi7k5guulg6zxst1vi2ebi7shk3p3,aba PHARUS da planilha,cadastro 2026-T2
2025-Q4,Dez/2025,2025-12-19 11:45,José Antonio Matiello Filho,jose antonio matiello filho,PHARUS,Ana Ávalos,7.0,Neutro,9.0,,,,,,,"Entendi o método, mas ainda não implementei o suficiente",,O OPERADOR USADO:  MOVA não tem atendimento. Não consigo acompanhar o caminho dos investimentos.,,,,,,legado,NPS_Q4_2025_ENVIADO_DEZEMBRO.xlsx,pharus 2,3hau2eehpdri1xcq09vm5h3hau23ndqd,aba PHARUS da planilha,cadastro 2026-T2
2025-Q4,Dez/2025,2025-12-19 12:09,João Pimenta,joao pimenta,PHARUS,,3.0,Detrator,9.0,,,,,,Estagnado ou travado,Tenho clareza e estou executando com consistência,,,,Fazer o investimento valer a pena,,,,legado,NPS_Q4_2025_ENVIADO_DEZEMBRO.xlsx,pharus 2,tt51b0b24drgumawktt51b0akny5e9ow,aba PHARUS da planilha,
2025-Q4,Dez/2025,2025-12-19 12:13,Claudio de Lima Vidal,claudio de lima vidal,PHARUS,,10.0,Promotor,10.0,,,,,,"Em progresso, mas com dúvidas","Entendi o método, mas ainda não implementei o suficiente",,,,Vamos viver esse primeiro ano.  Eu não tenho claro qual a resposta que deveria dar para essa pergunta.,,,,legado,NPS_Q4_2025_ENVIADO_DEZEMBRO.xlsx,pharus 2,1hqp10a3wr1cv1hprd6oq1tezxd31bs9,aba PHARUS da planilha,
2025-Q4,Dez/2025,2025-12-19 12:16,Naiana Roriz E Silva,naiana roriz e silva,PHARUS,,8.0,Neutro,10.0,,,,,,"Em progresso, mas com dúvidas",Perdi o vínculo com o projeto e preciso retomar,,Gosto do trabalho,,Disciplina da minha parte,,,,legado,NPS_Q4_2025_ENVIADO_DEZEMBRO.xlsx,pharus 2,lcuwagewj7y6aebt684lcuwageytkmfn,aba PHARUS da planilha,
2025-Q4,Dez/2025,2025-12-19 12:28,Rosângela Pereira Gomes,rosangela pereira gomes,PHARUS,Samuel Araújo,5.0,Detrator,8.0,,,,,,,Estou travado em alguma parte e preciso de ajuda,,,,Ter resultado,"> A mentoria trouxe alguns insights interessantes, porém senti falta de mais direcionamento prático e acompanhamento na execução. Reconheço que minha dedicação poderia ter sido maior em alguns momentos, mas também percebi que projetos que poderiam estar em andamento não avançaram por falta de condução mais ativa. Acredito que encontros mais objetivos, com planos claros e acompanhamento, fariam grande diferença nos resultados.",,,legado,NPS_Q4_2025_ENVIADO_DEZEMBRO.xlsx,pharus 2,3fjth7ps709rhd7p3fjtk3xf2vwc8nnl,aba PHARUS da planilha,cadastro 2026-T2
2025-Q4,Dez/2025,2025-12-19 12:40,Frederico fonseca schuabb,frederico fonseca schuabb,PHARUS,Junior Teixeira,10.0,Promotor,10.0,,,,,,,Tenho clareza e estou executando com consistência,,,,,,,,legado,NPS_Q4_2025_ENVIADO_DEZEMBRO.xlsx,pharus 2,7kxtcoqyr3ipgt3f1el7kxtco34ecl0i,aba PHARUS da planilha,cadastro 2026-T2
2025-Q4,Dez/2025,2025-12-19 13:13,Cícero João de Carvalho Júnior,cicero joao de carvalho junior,PHARUS,Carlos Serafim,9.0,Promotor,9.0,,,,,,"Em progresso, mas com dúvidas",Tenho clareza e estou executando com consistência,,,Clareza e objetividade nas conversas,Resultado positivo,,,,legado,NPS_Q4_2025_ENVIADO_DEZEMBRO.xlsx,pharus 2,7eohkoemxyi8bt9k5xtt63k7eohkoedn,aba PHARUS da planilha,cadastro 2026-T2
2025-Q4,Dez/2025,2025-12-19 21:07,Rodrigo César Jarochinski e Santos,rodrigo cesar jarochinski e santos,PHARUS,,9.0,Promotor,10.0,,,,,,Totalmente no caminho,Tenho clareza e estou executando com consistência,,,Atrás da quarta via consegui estruturar minhas Finanças e gravar um plano de investimentos com metas e resultados.,Ganhos financeiros acima do mercado,,,,legado,NPS_Q4_2025_ENVIADO_DEZEMBRO.xlsx,pharus 2,di42rddxsa8d03fzuazedi42rcl7f50z,aba PHARUS da planilha,
2025-Q4,Dez/2025,2025-12-20 11:29,Jamile Condi Breviglieri,jamile condi breviglieri,PHARUS,Carlos Serafim,10.0,Promotor,10.0,,,,,,Totalmente no caminho,Tenho clareza e estou executando com consistência,,,Comprometimento com o atendimento oferecido.,Sentir o comprometimento do grupo com o meu projeto de vida.,,,,legado,NPS_Q4_2025_ENVIADO_DEZEMBRO.xlsx,pharus 2,jl8hd7te4j7k849jl8hdzu45q1123ldj,aba PHARUS da planilha,MARÇO
2025-Q4,Dez/2025,2025-12-20 13:09,Janete de Queiroz Costa Pinheiro,janete de queiroz costa pinheiro,PHARUS,,10.0,Promotor,10.0,,,,,,Totalmente no caminho,"Entendi o método, mas ainda não implementei o suficiente",,,,"Vendo o resultado das estratégias  e, sentindo o aumento  do capital investido .","Sinto que estou no caminho certo , o que me dá uma certa tranquilidade .",,,legado,NPS_Q4_2025_ENVIADO_DEZEMBRO.xlsx,pharus 2,9f08org43jivmq59f08or1419vndqkgh,aba PHARUS da planilha,
2025-Q4,Dez/2025,2025-12-20 17:32,DEUSIENE DE BRITO MENDES,deusiene de brito mendes,PHARUS,,8.0,Neutro,10.0,,,,,,"Em progresso, mas com dúvidas","Entendi o método, mas ainda não implementei o suficiente",,"Acredito que otimizar mais o tempo, diminuindo o intervalo das reuniões, preparando um plano objetivo, desde de 1 encontro, de acordo com enquadramento de renda disponibilizada do cliente, tipo se tem 300 reais, fundo imobiliario? Se tem mais, 60 mil? Casa de leilão? E vai mudando o investimento. Acho que no 1 encontro teria que começar,  independente do plano financeiro que ficaria sendo desenvolvido paralelamente.Acho que motivaria e faria a diferença no final.",,Ter resultado nais rápido  e perceber que poderia ter muito mais.,"Acredito que precisa dinamizar, acompanhar mais de perto, como disponibilizar aula ou video, cobrar tarefa, treinar, algo do tipo.",,,legado,NPS_Q4_2025_ENVIADO_DEZEMBRO.xlsx,pharus 2,9ooq0fmtq847nrdoduu9ooq8op55feyd,aba PHARUS da planilha,
2025-Q4,Dez/2025,2025-12-21 23:36,Elcia Maria Da Silva Silva,elcia maria da silva silva,PHARUS,,10.0,Promotor,10.0,,,,,,,"Entendi o método, mas ainda não implementei o suficiente",,,"Conhecimento dos
Profissionais",Aplicação de todos os motores,,,,legado,NPS_Q4_2025_ENVIADO_DEZEMBRO.xlsx,pharus 2,i0ecjlu93i3pji91i0ec3e9gvi0v1bvs,aba PHARUS da planilha,
2025-Q4,Dez/2025,2025-12-22 17:48,Valdecir Augusto Ribeiro Ferreira,valdecir augusto ribeiro ferreira,PHARUS,Hendrick Ramos,8.0,Neutro,8.0,,,,,,,,,,,Acesso aos leilões,,,,legado,NPS_Q4_2025_ENVIADO_DEZEMBRO.xlsx,pharus 2,255djyqhz0q1kmfb255djhudplyw6804,aba PHARUS da planilha,NPS (PHARUS)
2025-Q4,Dez/2025,2025-12-22 18:01,Eizo Yabusame Matsumoto,eizo yabusame matsumoto,PHARUS,Nícolas Alves,0.0,Detrator,8.0,8.0,3.0,,Não,,,,,"ter recomendações de investimentos que descolem da selic, e que realmente me gerem altos rendimentos.",,me apresentassem ativos fora da renda fixa.,"Minha experiência até o momento não tem sido satisfatória. Sinceramente a sensação que tenho até o momento é que perdi R$22mil. Estou extremamente frustrado com a contratação da consultoria. precisei contratar uma acessoria externa para realizar minhas alocações em mercado financeiro, pois o que vcs me passaram foi apenas investimentos em renda fixa, coisa que eu mesmo poderia ter feito. 

Meu intuito ao fechar com vcs era ter acesso a investimentos que realmente iriam me gerar retornos bem acima da selic. O que na prática, não houve. 

Apresentaram outros ativos, mas que no final tem limitação de investimentos e que não rende muito acima da selic.

Enfim, do jeito que está, estou completamente decepcionado.",,,nova jornada (backoffice/QV360),NPS_Q4_2025_ENVIADO_DEZEMBRO.xlsx,pharus,rd15c4mcw65r53o1zqrd15c45uqynnbp,aba PHARUS da planilha,cadastro 2026-T2
2025-Q4,Dez/2025,2025-12-25 21:37,Flavia Vieira Brandão de Oliveira,flavia vieira brandao de oliveira,PHARUS,Abner Braga,10.0,Promotor,10.0,,,,,,Estagnado ou travado,,,,Disponibilidade e assistência,A assistência e disponibilidade,"Está excelente, por falta de dedicação minha que não estou conseguindo avançar",,,legado,NPS_Q4_2025_ENVIADO_DEZEMBRO.xlsx,pharus 2,lnr6s2auabcb7soolnr6s1i0oj24e58i,aba PHARUS da planilha,NPS (PATRIMONIUM)
2025-Q4,Dez/2025,2025-12-26 10:11,Karine Koller,karine koller,PHARUS,,5.0,Detrator,9.0,10.0,3.0,,Mais ou menos,,,,,Ajustar expectativas com situação individual,,Ver pelo menos uma parte dos resultados projetados se concretizar,"Estou bastante esperançosa, entendo que é necessário tempo para organizar as estratégias",,,nova jornada (backoffice/QV360),NPS_Q4_2025_ENVIADO_DEZEMBRO.xlsx,pharus,p75mlg6bchx7y62n80948768p75mlg6b,aba PHARUS da planilha,
2025-Q4,Dez/2025,2025-12-26 10:35,Bruno Tubino Noronha,bruno tubino noronha,PHARUS,,2.0,Detrator,4.0,,,,,,,"Entendi o método, mas ainda não implementei o suficiente",,,,,"Após 1 ano, farei uso da promotida garantia de satisfação e solicitarei o reembolso. Entrei principalmente pela promessa de uso do FGTS em consórcio que não se cumpriu. Depois descobri que as estratégias dependiam de terceiros com determinadas condições, os quais não consegui em meu círculo. Após, fiquei esperando uma carta de consórcio que não apareceu. Tive 3 estrategistas em trocas repentinas sem explicação. Insatisfação total!",,,legado,NPS_Q4_2025_ENVIADO_DEZEMBRO.xlsx,pharus 2,q7ni1zg6kjkqoek0i1q7ni1zgw7bhy45,aba PHARUS da planilha,
2025-Q4,Dez/2025,2025-12-27 08:42,Juliana Neumeister Dalcin,juliana neumeister dalcin,PHARUS,Abner Braga,7.0,Neutro,10.0,,,,,,,"Entendi o método, mas ainda não implementei o suficiente",,Dicas,,Resultado,Não,,,legado,NPS_Q4_2025_ENVIADO_DEZEMBRO.xlsx,pharus 2,tlcycotg552sax05tlcycoahzapymcck,aba PHARUS da planilha,MARÇO
2025-Q4,Dez/2025,2025-12-28 12:06,Ana Carolina Deserto,ana carolina deserto,PHARUS,,10.0,Promotor,10.0,,,,,,,Tenho clareza e estou executando com consistência,,,,,Tenho clareza das acoes que estamos implementando. Apenas uma queda em minha renda (redicao da capacidade de aporte ) esta me preocupando muito. Temo atrapalhar o projeto.,,,legado,NPS_Q4_2025_ENVIADO_DEZEMBRO.xlsx,pharus 2,odwijcvzse80xcypkzodwiriqf4kd9gp,aba PHARUS da planilha,
2025-Q4,Dez/2025,2025-12-29 07:27,Daniele Cristina De Sant’anna Muniz Pimenta,daniele cristina de santanna muniz pimenta,PHARUS,Samuel Araújo,10.0,Promotor,10.0,,,,,,Totalmente no caminho,,,,Aprender a organizar a vida financeira,Resultados positivos,"Tenho muito a percorrer nessa caminhada da liberdade financeira , mas sinto que estou em progresso.",,,legado,NPS_Q4_2025_ENVIADO_DEZEMBRO.xlsx,pharus 2,rj2t3fcuytimg9ekm6f2o9rj2t3fktot,aba PHARUS da planilha,cadastro 2026-T2
2025-Q4,Dez/2025,2025-12-29 16:47,Felipe Dias Martins,felipe dias martins,PHARUS,Abner Braga,6.0,Detrator,10.0,,,,,,"Em progresso, mas com dúvidas","Entendi o método, mas ainda não implementei o suficiente",,Eu acho q a seleção tem que ser de pessoas que já tenho um patrimônio inicial para aderir as oportunidades. A alavancagem de consórcio eu não tive sorte né nos sorteios nem nos lances. Então não tive o pico de liquidez que foi oque me atraiu na apresentação inicial do Adrian. Achei que fosse ser mais fácil,,Um resultado que pague o valor investido,,,,legado,NPS_Q4_2025_ENVIADO_DEZEMBRO.xlsx,pharus 2,uzf9991quk8feuz87oozym36lwlgdl87,aba PHARUS da planilha,MARÇO
2025-Q4,Dez/2025,2025-12-29 18:27,Evelin R E Jiménez,evelin r e jimenez,PHARUS,Gabriel Oliveira,10.0,Promotor,10.0,,,,,,Totalmente no caminho,,,,,Os resultados eficientes,"Parabenizar, quando se tem as pessoas certas te orientando se chega mais rápido na meta.",,,legado,NPS_Q4_2025_ENVIADO_DEZEMBRO.xlsx,pharus 2,8q4lqfy0uhded8d1krc8q4lqfy41l9m0,aba PHARUS da planilha,MARÇO
2025-Q4,Dez/2025,2025-12-30 17:27,Nelbia Pricilla De Aguiar Dambroz,nelbia pricilla de aguiar dambroz,PHARUS,Gabriel Oliveira,0.0,Detrator,10.0,,,,,,Desacreditei do método,Tenho clareza e estou executando com consistência,,O valor é muito agregado para uma estratégia simples.,,"Estratégias diferenciais, que realmente faça jus a promessa da quarta via, que em 7 anos traga um fonte de renda passiva. Recentemente apresentaram a estrategia da compra por leilão, achei interessante, porém, temos pouco tempo de contrato, para usufruir melhor dessa estrategia.","Sim, no inicio foi nos prometido acesso as aulas, para que continuassemos no aprendizagem do motor de renda passiva, mas não foi nos apresentado nenhuma outro meio de aprendizado. 
O ecossistema de vocês é bastante interessante, pelo fato de todos estarem buscando o mesmo objetivo, ou seja, muita gente contemplando carta e muita gente vendendo, porém é pouquissimas vezes ofertados a nós.
Sinto que investi numa estratégia, que ja era o caminho que estava trilhando, então tenho aproveitado menos, por isso, acredito que tem que ter diferentes metodos para perfis diferentes.",,,legado,NPS_Q4_2025_ENVIADO_DEZEMBRO.xlsx,pharus 2,0gax46h951woy30gaff9zd3bdathuimf,aba PHARUS da planilha,NPS (PHARUS)
2025-Q4,Dez/2025,2026-01-03 08:27,Fernanda Reis Gomes,fernanda reis gomes,PHARUS,João Aliceda,8.0,Neutro,9.0,,,,,,,Estou travado em alguma parte e preciso de ajuda,,"Na verdade o que faltou foi um pouco mais de tempo da nossa parte para se aprofundar no processo, e também organização de nossas financas. Passamos por um período complicado com a saúde das crianças e que influenciou também.",,,Nao,,,legado,NPS_Q4_2025_ENVIADO_DEZEMBRO.xlsx,pharus 2,97ae1p1k81daap82d3c97ae1pkn2hhde,aba PHARUS da planilha,cadastro 2026-T2
2025-Q4,Dez/2025,2026-01-03 09:24,Thayene Thamara Rangel,thayene thamara rangel,PHARUS,João Aliceda,8.0,Neutro,9.0,,,,,,"Em progresso, mas com dúvidas","Entendi o método, mas ainda não implementei o suficiente",,Explicações uma pouco mais detalhadas sobre os investimentos e pontos de contrato,,,Não,,,legado,NPS_Q4_2025_ENVIADO_DEZEMBRO.xlsx,pharus 2,wkmwuwa0fr7ap69wkmwiv6wclvwcl30n,aba PHARUS da planilha,cadastro 2026-T2
2025-Q4,Dez/2025,2026-01-04 09:40,Lenuir Kniss,lenuir kniss,PHARUS,Cleuber Anicesio,8.0,Neutro,9.0,,,,,,Totalmente no caminho,Tenho clareza e estou executando com consistência,,"Estamos no inicio da jornada, isso será construído ao longo do percurso.",,Termos resultados esperados em cada etapa do processo.,,,,legado,NPS_Q4_2025_ENVIADO_DEZEMBRO.xlsx,pharus 2,7qz9xswg7i4buqfpu3xq17qz9xs5w4ie,aba PHARUS da planilha,MARÇO
2025-Q4,Dez/2025,2026-01-04 14:54,Mateus Klein,mateus klein,PHARUS,Pedro Goulart,7.0,Neutro,9.0,,,,,,Estagnado ou travado,Estou travado em alguma parte e preciso de ajuda,,Examinar melhor as alternativas e as oportunidades.,,"Atingir os resultados, mais clareza sobre o que fazer.",Melhorar o acompanhamento.,,,legado,NPS_Q4_2025_ENVIADO_DEZEMBRO.xlsx,pharus 2,qk07d3rapnh4wpr5zvyfqk07dcmklyes,aba PHARUS da planilha,cadastro 2026-T2
2025-Q4,Dez/2025,2026-01-07 09:35,Antônio Campanile Neto,antonio campanile neto,PHARUS,Carlos Serafim,8.0,Neutro,9.0,,,,,,,Tenho clareza e estou executando com consistência,,Indicadores financeiros auditaveis,,Rentabilidade,,,,legado,NPS_Q4_2025_ENVIADO_DEZEMBRO.xlsx,pharus 2,kym8qo2opywhhfkch95kym8qss9ps72i,aba PHARUS da planilha,MARÇO
2025-Q4,Dez/2025,2026-01-07 09:48,Gisele Perroud,gisele perroud,PHARUS,,10.0,Promotor,10.0,,,,,,"Em progresso, mas com dúvidas","Entendi o método, mas ainda não implementei o suficiente",,,,Resultado positivo,Espero atendimento com cortesia e atenção,,,legado,NPS_Q4_2025_ENVIADO_DEZEMBRO.xlsx,pharus 2,fco3q8c98dm9ifh0ha8fco3q8ctk1kzw,aba PHARUS da planilha,
2025-Q4,Dez/2025,2026-01-07 10:14,Lenon Mazetto,lenon mazetto,PHARUS,,4.0,Detrator,5.0,,,,,,Estagnado ou travado,Estou travado em alguma parte e preciso de ajuda,,"Estive pensando, mas o anúncio de vocês seria para que um médico que ganhasse R$ 7.000,00 por mês chegaria a ter um rendimento de R$ 7.000,00 por mês após 7 anos, claro, implementando as orientações de vocês. Certo? Mas como isso seria possível tendo que pagar mensalmente para vocês cerca de R$ 2.500,00 e ainda arcar com o custo de vida dele? Eu não tenho visto, nem de perto, uma estratégia dessas sendo aplicada a mim. Daí o meu descontentamento.",,Perceber progressões e ter esclarecimentos das dúvidas apresentadas na minha resposta anterior.,"Por enquanto, apenas ao fato de o investimento em crédito verde oferecido por vocês não estar creditando os rendimentos mensais em minha conta.",,,legado,NPS_Q4_2025_ENVIADO_DEZEMBRO.xlsx,pharus 2,5cu7zd8kudexihj5cu7zd2pr1pj8nszk,aba PHARUS da planilha,
2025-Q4,Dez/2025,2026-01-07 12:27,Ana Claudia Silveira Camargo,ana claudia silveira camargo,PHARUS,Carlos Serafim,8.0,Neutro,9.0,,,,,,Estagnado ou travado,,,"Tem várias promessas na venda do curso que não foram entregues de fato. O que foi entregue é uma organização das contas, o que para mim não teve um grande impacto pq já tinha um nível de controle bastante grande.",,Perceber que há progresso na alavancagem patrimonial,,,,legado,NPS_Q4_2025_ENVIADO_DEZEMBRO.xlsx,pharus 2,ts8vsyifxqjuvvcts8vsynpvkpvg26f1,aba PHARUS da planilha,base mecanismos
2025-Q4,Dez/2025,2026-01-08 18:20,Milton Reinert,milton reinert,PHARUS,Willian Oliveira Schimidt,10.0,Promotor,8.0,,,,,,,"Entendi o método, mas ainda não implementei o suficiente",,,,Resultados,Faltou comunicação quando da mudança de extrategista. Foi grave isto.,,,legado,NPS_Q4_2025_ENVIADO_DEZEMBRO.xlsx,pharus 2,2aykknstsdbe0ap2aykkpxeh0h3nvpaw,aba PHARUS da planilha,base mecanismos
2025-Q4,Dez/2025,2026-01-10 08:43,Leopoldo Alves Neto,leopoldo alves neto,PHARUS,,9.0,Promotor,9.0,,,,,,Estagnado ou travado,"Entendi o método, mas ainda não implementei o suficiente",,,Existem várias opções de investimentos,Um acompanhamento mais próximo. Metas mais claras a serem feitas mes a mes,Nao,,,legado,NPS_Q4_2025_ENVIADO_DEZEMBRO.xlsx,pharus 2,yia24jm8dzloip0xyia2jv7m07c0fmi7,aba PHARUS da planilha,
2025-Q4,Dez/2025,2026-01-13 12:58,Jander Freitas Silva,jander freitas silva,PHARUS,Willian Oliveira Schimidt,9.0,Promotor,9.0,,,,,,"Em progresso, mas com dúvidas",Estou travado em alguma parte e preciso de ajuda,,,,Se alcançar o objetivo de 1 ano,Não,,,legado,NPS_Q4_2025_ENVIADO_DEZEMBRO.xlsx,pharus 2,rkshyq3b4thwew69o9j8vrkshyigpih7,aba PHARUS da planilha,MARÇO
2025-Q4,Dez/2025,2026-01-14 22:05,Gustavo Meneses de Barros,gustavo meneses de barros,PHARUS,,5.0,Detrator,7.0,,,,,,Desacreditei do método,Perdi o vínculo com o projeto e preciso retomar,,,,Retorno financeiro muito acima dos gastos em consultorias,"Sempre fui muito bem atendido nas reuniões online. Contudo a coisa se dispersa e não há organização e “tesão” dos consultores em nos fazer realmente estarmos bem financeiramente. Muita aula, muito papo, pouco eficiência na prática. Um certo sentimento de decepção pelo que esperava do Adrian e equipe.",,,legado,NPS_Q4_2025_ENVIADO_DEZEMBRO.xlsx,pharus 2,5vgvhyswtj25vllzzxbzlwnzjldbzzll,aba PHARUS da planilha,
2025-Q4,Dez/2025,2026-01-22 21:28,Ralph Caires Rudolph,ralph caires rudolph,PHARUS,Willian Oliveira Schimidt,10.0,Promotor,10.0,,,,,,Totalmente no caminho,,,,Performance,Alinhamento de clareza e conduta,Não no momento,,,legado,NPS_Q4_2025_ENVIADO_DEZEMBRO.xlsx,pharus 2,grti6jzx0w7xsgar17x5ggrti6jzjeeq,aba PHARUS da planilha,cadastro 2026-T2
2026-Q1,Mar/2026,2026-03-17 09:08,Teste [teste],teste [teste],PHARUS,,10.0,Promotor,10.0,10.0,5.0,,"Sim, totalmente",,,,,,teste,teste,teste,,,nova jornada (backoffice/QV360),NPS_Q1_2026_ENVIADO_MARCO.xlsx,pharus 2,,aba PHARUS da planilha,
2026-Q1,Mar/2026,2026-03-18 11:02,Paulo Roberto Guidon,paulo roberto guidon,PHARUS,Junior Teixeira,10.0,Promotor,10.0,10.0,4.0,,"Sim, totalmente",Sim,,,,,Experiência do grupo,A manutenção nos moldes atuais,Não,,01/2026,nova jornada (backoffice/QV360),NPS_Q1_2026_ENVIADO_MARCO.xlsx,pharus 2,,aba PHARUS da planilha,MARÇO
2026-Q1,Mar/2026,2026-03-18 11:47,Diogo da Silveira Menegaz,diogo da silveira menegaz,PHARUS,Ariel Phelipe Zocoli,8.0,Neutro,9.0,9.0,3.0,,"Sim, em grande parte",Sim,,,,Acho que as reuniões podem ser mais frequentes do que uma mensal pelo valor investido ou sob demanda do cliente .,,Concretizar os resultados,Até agora estamos indo bem,,01/2026,nova jornada (backoffice/QV360),NPS_Q1_2026_ENVIADO_MARCO.xlsx,pharus 2,,aba PHARUS da planilha,MARÇO
2026-Q1,Mar/2026,2026-03-18 12:16,Luiz Eduardo Fonteles Ritt,luiz eduardo fonteles ritt,PHARUS,Nícolas Alves,10.0,Promotor,10.0,10.0,4.0,,"Sim, totalmente",Sim,,,,,"Segurança, profissionalismo",Ajuda na evolução das metas e das oportunidades,Estou satisfeito com o projeto,,01/2026,nova jornada (backoffice/QV360),NPS_Q1_2026_ENVIADO_MARCO.xlsx,pharus 2,,aba PHARUS da planilha,MARÇO
2026-Q1,Mar/2026,2026-03-18 12:19,Dave Roberson Pinto Viana,dave roberson pinto viana,PHARUS,Leonardo Palaver Pereira,5.0,Detrator,7.0,7.0,4.0,,Mais ou menos,Sim,,,,"A agilidade sobre os procedimentos, metodologia confusa",,"Agilidade e transparência sobre o projeto, estou no programa a 4 meses e ainda não saímos do zero",.,,12/2025,nova jornada (backoffice/QV360),NPS_Q1_2026_ENVIADO_MARCO.xlsx,pharus 2,,aba PHARUS da planilha,MARÇO
2026-Q1,Mar/2026,2026-03-18 13:09,Samy José Nogueira Zenun Messias,samy jose nogueira zenun messias,PHARUS,Gustavo Papeschi Mariano,10.0,Promotor,10.0,10.0,5.0,,"Sim, em grande parte",Sim,,,,,"Primeiramente qualidade técnica da atual equipe. Depois a gentileza, interesse em ajudar e resolver os eventuais problemas e educação no trato. Ainda estou no início do processo, porém se tudo continuar como está indo, a parceria terá vida longa.","Resultado. Se isso vier, ficarei muito mais que 5 anos. Pois, até pela minha profissão, entendo perfeitamente a importância de ter especialistas para me orientar.","Até o momento, muito satisfeito.",,11/2025,nova jornada (backoffice/QV360),NPS_Q1_2026_ENVIADO_MARCO.xlsx,pharus 2,,aba PHARUS da planilha,MARÇO
2026-Q1,Mar/2026,2026-03-18 13:17,Claudinei Tome Gerhardt,claudinei tome gerhardt,PHARUS,Carlos Serafim,9.0,Promotor,9.0,9.0,5.0,,"Sim, em grande parte",,,,,,Acessos,Resultados,Não,,,nova jornada (backoffice/QV360),NPS_Q1_2026_ENVIADO_MARCO.xlsx,pharus 2,,aba PHARUS da planilha,MARÇO
2026-Q1,Mar/2026,2026-03-18 13:58,Ana Paula Guillera Pereira,ana paula guillera pereira,PHARUS,Ariel Phelipe Zocoli,10.0,Promotor,10.0,5.0,1.0,,"Sim, totalmente",Sim,,,,,"Segurança técnica ao esclarecer dúvidas específicas de quem já estudava o assunto, confirmando o melhor caminho a seguir.",A facilidade na execução das metas e o suporte estratégico que remove obstáculos para realizar meus planos.,"Tenho profunda admiração por jovens visionários, técnicos, destemidos e altruístas, que compartilham conhecimento com o propósito de alavancar o crescimento de outros. Parabéns!",,01/2026,nova jornada (backoffice/QV360),NPS_Q1_2026_ENVIADO_MARCO.xlsx,pharus 2,,aba PHARUS da planilha,MARÇO
2026-Q1,Mar/2026,2026-03-18 14:10,Patricia Perigolo Bevilaqua,patricia perigolo bevilaqua,PHARUS,Willian Sobral,4.0,Detrator,8.0,1.0,1.0,,Não,Sim,,,,"A começar da plataforma Mova, que nunca funcionou pra mim, e é fundamental eu poder ter visão dos meus investimentos. Isso está me causando insegurança de realizar novos investimentos, e pesnando até em desistir do plano!",,Que resolvessem meu problema com o Mova de uma vez por todas!,Estou muito inseguro em continuar no plano!,,10/2025,nova jornada (backoffice/QV360),NPS_Q1_2026_ENVIADO_MARCO.xlsx,pharus 2,,aba PHARUS da planilha,MARÇO
2026-Q1,Mar/2026,2026-03-18 14:45,Yuri Duretti Pinho,yuri duretti pinho,PHARUS,Nícolas Alves,8.0,Neutro,9.0,7.0,4.0,,Mais ou menos,Sim,,,,Mais clareza do programa com a situaçaõ e contexto Brasil,,Horizonte mais claro em relação ao contexto Brasil,NA,,01/2026,nova jornada (backoffice/QV360),NPS_Q1_2026_ENVIADO_MARCO.xlsx,pharus 2,,aba PHARUS da planilha,MARÇO
2026-Q1,Mar/2026,2026-03-18 15:34,David Dotoli da Silva,david dotoli da silva,PHARUS,Gustavo Papeschi Mariano,10.0,Promotor,10.0,10.0,5.0,,"Sim, em grande parte",Sim,,,,,A FORMA DA CONDUÇÃO NOS INVESTIMENTOS,SE OS PLANOS SE CONCRETIZAREM,Não,,10/2025,nova jornada (backoffice/QV360),NPS_Q1_2026_ENVIADO_MARCO.xlsx,pharus 2,,aba PHARUS da planilha,MARÇO
2026-Q1,Mar/2026,2026-03-18 17:43,Victor Paes Fernandes,victor paes fernandes,PHARUS,Gustavo Papeschi Mariano,9.0,Promotor,10.0,9.0,3.0,,"Sim, em grande parte",Sim,,,,,Assessoria diferenciada e chances de entrar em investimentos solidos,"Como tenho pouco tempo com a empresa o que me faria continuar seria ver num futuro proximo a ""alavancagem patrimonial "" acontecer, conforme as metas forem atingidas mais certeza terei em continuar","Gostaria que voces pudesse evoluir e dar mais praticidade a plataforma QV, um exemplo seria acesso via app.",,11/2025,nova jornada (backoffice/QV360),NPS_Q1_2026_ENVIADO_MARCO.xlsx,pharus 2,,aba PHARUS da planilha,MARÇO
2026-Q1,Mar/2026,2026-03-19 07:38,Fabiano Mendes Rocha Pelloso,fabiano mendes rocha pelloso,PHARUS,Leonardo Palaver Pereira,2.0,Detrator,2.0,6.0,1.0,,Não,Sim,,,,Trazer uma serviço verdadeiramente individualizado.,,"Como disse, te um atendimento verdadeiramente personalizado.",Não,,01/2026,nova jornada (backoffice/QV360),NPS_Q1_2026_ENVIADO_MARCO.xlsx,pharus 2,,aba PHARUS da planilha,MARÇO
2026-Q1,Mar/2026,2026-03-19 11:29,Danilo Sampaio de Almeida,danilo sampaio de almeida,PHARUS,Carlos Serafim,10.0,Promotor,10.0,9.0,3.0,,"Sim, totalmente",Sim,,,,,Presteza e simpatia do meu Acessor,Constância,Nao,,10/2025,nova jornada (backoffice/QV360),NPS_Q1_2026_ENVIADO_MARCO.xlsx,pharus 2,,aba PHARUS da planilha,MARÇO
2026-Q1,Mar/2026,2026-03-19 16:55,Luis Kazuto Kobayashi,luis kazuto kobayashi,PHARUS,Hendrick Dorner,7.0,Neutro,10.0,9.0,3.0,,Mais ou menos,Sim,,,,O projeto precisa evoluir mais para sentir e entender a solidez,,Qq projeto até o momento estamos investindo 50k então qdo estou com capacidade financeira menor perco oportunidades,Não,,10/2025,nova jornada (backoffice/QV360),NPS_Q1_2026_ENVIADO_MARCO.xlsx,pharus 2,,aba PHARUS da planilha,MARÇO
2026-Q1,Mar/2026,2026-03-19 17:02,Henrique Moura Leite Bottura,henrique moura leite bottura,PHARUS,João Aliceda,0.0,Detrator,9.0,9.0,2.0,,Não,Sim,,,,"MUITAS COISAS, 
ME OFERECERAM O Outro plano qué o além do Pharus por duas vezes a reuniao nao foi realizada me deram cano. Esperava um plano para absorver a minha capacidade de investimento atè agora somente fiz um aporte em um leilão sigo fazendo aportes mensais em outros investimentos pois pouco foi oferecido o que ofereceram era mais deslocando a minja reserva do que a capacidade de pagamento. Assim hoje com 4 meses passados me questiono sobre a vantagem de estar no grupo.",,Ver que de fato existe um plano e que estou inserido no plano.,Atè o momento meu sentimento é que paguei 20 k para entrar em um pool de investimentos  que não há um olhar continuo e nem um.plano claro para o membro.,,10/2025,nova jornada (backoffice/QV360),NPS_Q1_2026_ENVIADO_MARCO.xlsx,pharus 2,,aba PHARUS da planilha,MARÇO
2026-Q1,Mar/2026,2026-03-19 17:06,Emerson Emerick Tannus Cheim,emerson emerick tannus cheim,PHARUS,João Aliceda,9.0,Promotor,10.0,8.0,3.0,,,Não,,,,,Profissionalismo e atenção,Resultados positivos,Estou com grande expectativa,,02/2026,nova jornada (backoffice/QV360),NPS_Q1_2026_ENVIADO_MARCO.xlsx,pharus 2,,aba PHARUS da planilha,MARÇO
2026-Q1,Mar/2026,2026-03-19 17:56,Francisco Antonio Cerqueira Amaral,francisco antonio cerqueira amaral,PHARUS,Leonardo Palaver Pereira,0.0,Detrator,2.0,3.0,4.0,,Não,Sim,,,,Tudo muito vago e sem nenhuma ação concreta. A tão propagada estratégia não foi efetivada. Dificuldade em ter retorno do assessor.,,Concretização de estratégias que tragam os resultados ofertados,Ou o meu assessor está fora do padrão de atuação da Quartavia ou a Quartavia é só mais uma propaganda enganosa,,11/2025,nova jornada (backoffice/QV360),NPS_Q1_2026_ENVIADO_MARCO.xlsx,pharus 2,,aba PHARUS da planilha,MARÇO
2026-Q1,Mar/2026,2026-03-19 18:41,Bárbara Miroski De Oliveira Pinto,barbara miroski de oliveira pinto,PHARUS,Willian Sobral,9.0,Promotor,10.0,,,,,,,Tenho clareza e estou executando com consistência,,,,,Me ajuda a ter mais consciência dos meus gastos e rotina de investimento,,,legado,NPS_Q1_2026_ENVIADO_MARCO.xlsx,pharus,,aba PHARUS da planilha,MARÇO
2026-Q1,Mar/2026,2026-03-19 19:06,Valdomiro Simoneti,valdomiro simoneti,PHARUS,Willian Sobral,9.0,Promotor,10.0,9.0,4.0,,"Sim, em grande parte",Sim,,,,,"Ainda preciso de melhores
Resultados",Ainda  é cedo para esta decisao,Acrescentando aprendizado,,09/2025,nova jornada (backoffice/QV360),NPS_Q1_2026_ENVIADO_MARCO.xlsx,pharus 2,,aba PHARUS da planilha,MARÇO
2026-Q1,Mar/2026,2026-03-19 19:07,Maurício Pelegrini,mauricio pelegrini,PHARUS,Gustavo Papeschi Mariano,10.0,Promotor,10.0,10.0,5.0,,"Sim, em grande parte",Sim,,,,,Meu acessor Gustavo,Meus Resultados,Ainda não tive resultado nenhum,,11/2025,nova jornada (backoffice/QV360),NPS_Q1_2026_ENVIADO_MARCO.xlsx,pharus 2,,aba PHARUS da planilha,MARÇO
2026-Q1,Mar/2026,2026-03-19 20:57,Matheus Palaro Canhete,matheus palaro canhete,PHARUS,Gabriel Oliveira,7.0,Neutro,10.0,10.0,3.0,,"Sim, em grande parte",Sim,,,,Apenas aguardar mais alguns meses para eu avaliar melhor o sistema.,,Avaliar meu retorno frente ao investido nos próximos meses.,Interessante.,,10/2025,nova jornada (backoffice/QV360),NPS_Q1_2026_ENVIADO_MARCO.xlsx,pharus 2,,aba PHARUS da planilha,MARÇO
2026-Q1,Mar/2026,2026-03-19 22:25,Nelson Amado da Costa Pinto,nelson amado da costa pinto,PHARUS,Gabriel Oliveira,10.0,Promotor,10.0,10.0,3.0,,"Sim, totalmente",Sim,,,,,"O nível de conhecimento dos consultores, as opções de investimento oferecidas e a dedicação/preocupação comigo, tendo a percepção do que realmente fará a diferença",A percepção que este atendimento diferencial terá continuidade,Não,,10/2025,nova jornada (backoffice/QV360),NPS_Q1_2026_ENVIADO_MARCO.xlsx,pharus 2,,aba PHARUS da planilha,MARÇO
2026-Q1,Mar/2026,2026-03-20 08:11,Lucas Munute Marques,lucas munute marques,PHARUS,João Aliceda,8.0,Neutro,9.0,9.0,4.0,,Mais ou menos,Sim,,,,So dei 8 porque ainda estou conhecendo a empresa.,,ver algum resultado. Comecei recentemente. ainda nao obtive nenhum.,nao,,10/2025,nova jornada (backoffice/QV360),NPS_Q1_2026_ENVIADO_MARCO.xlsx,pharus 2,,aba PHARUS da planilha,MARÇO
2026-Q1,Mar/2026,2026-03-20 10:59,Mateus De AraúJo Borges,mateus de araujo borges,PHARUS,Nícolas Alves,0.0,Detrator,5.0,5.0,1.0,,Não,Sim,,,,"Ter clareza no projeto, me senti enganado e não é o que me venderam",,Não,"Entendo que tem uma grande distancia no que apresentam e o q é a prática, no meu caso o valor de investimento foi caro e só consegui encaixar o consórcio que só paguei e não fui contemplado em um plano que qualquer faria",2.0,10/2025,nova jornada (backoffice/QV360),NPS_Q1_2026_ENVIADO_MARCO.xlsx,pharus 2,,aba PHARUS da planilha,MARÇO
2026-Q1,Mar/2026,2026-03-20 11:25,Paulo Roberto Rui Arantes,paulo roberto rui arantes,PHARUS,Gabriel Oliveira,9.0,Promotor,10.0,9.0,3.0,,"Sim, em grande parte",Sim,,,,,Gabriel está sempre disponível para esclarecer as dúvidas. Tem conhecimento e ne passa  as melhores oportunidades de acordo com meu perfil.,Ainda estou no começo da segunda jornada. A primeira foi de 1 ano e agira de 3. Cedo ainda para opinar,App apresentou falhas no começo e isso dificultou que eu usasse de maneira mais efetiva.,6.0,10/2025,nova jornada (backoffice/QV360),NPS_Q1_2026_ENVIADO_MARCO.xlsx,pharus 2,,aba PHARUS da planilha,MARÇO
2026-Q1,Mar/2026,2026-03-20 12:01,Wanderson Mário Cavalcante Olímpio,wanderson mario cavalcante olimpio,PHARUS,Tales Salinas Rozo,7.0,Neutro,9.0,9.0,3.0,,Mais ou menos,Sim,,,,"Estou há apenas 6 meses, estou aguardando uma janela maior de tempo para ter uma melhor avaliação",,Começar a ver resultados concretos dos investimentos,Não,4.0,09/2025,nova jornada (backoffice/QV360),NPS_Q1_2026_ENVIADO_MARCO.xlsx,pharus 2,,aba PHARUS da planilha,MARÇO
2026-Q1,Mar/2026,2026-03-20 12:18,Gerlane Oliveira do Espírito Santo,gerlane oliveira do espirito santo,PHARUS,Willian Oliveira Schimidt,8.0,Neutro,10.0,10.0,4.0,,Mais ou menos,Sim,,,,"No meu caso, que já tinha um controle financeiro em ordem, ir direto ao ponto de opções de investimento",,"Não tenho essa resposta no momento. São excelentes estratégias, que já utilizo e considero as melhores realmente. Acho que estão no caminho certo. Cada vez melhor. Não tenho a resposta a essa pergunta em razão dos investimentos que já faço de forma individual e particular que superaram muito os que apliquei na QV, Mas me considero disciplinada.",No momento não. Ainda acompanhando.,3.0,09/2025,nova jornada (backoffice/QV360),NPS_Q1_2026_ENVIADO_MARCO.xlsx,pharus 2,,aba PHARUS da planilha,MARÇO
2026-Q1,Mar/2026,2026-03-20 12:57,Jamile Condi Breviglieri,jamile condi breviglieri,PHARUS,Carlos Serafim,10.0,Promotor,10.0,10.0,3.0,,"Sim, totalmente",Sim,,,,,O planejamento e atendimento do meu estrategista.,"A manutenção do atendimento personalizado, suporte é remanejamento para o Davos, visando à melhoria dos rendimentos.","Eu adoro meu estrategista. Com certeza, ele é parte crucial em me manter firme e focada no meu projeto.",8.0,01/2026,nova jornada (backoffice/QV360),NPS_Q1_2026_ENVIADO_MARCO.xlsx,pharus 2,,aba PHARUS da planilha,MARÇO
2026-Q1,Mar/2026,2026-03-20 13:37,Anna Carla de Oliveira Dini,anna carla de oliveira dini,PHARUS,Gustavo Papeschi Mariano,10.0,Promotor,10.0,10.0,5.0,,,Não,,,,,"Tenho aprendido a lidar com o meu patrimônio, dando um valor real a ele com mais objetividade.",Dar continuidade ao meu aprendizado e começar a transformar meu patrimônio em uma renda pra mim.,"Cheguei muitp leiga à Quarta Via, e foram necessários muitos encontros para organizar minha vida financeira. Estamos entrando  agora no planejamento para médio prazo. Sem o Gustavo, eu perderia meu patrimônio em poucos anos.",4.0,10/2025,nova jornada (backoffice/QV360),NPS_Q1_2026_ENVIADO_MARCO.xlsx,pharus 2,,aba PHARUS da planilha,MARÇO
2026-Q1,Mar/2026,2026-03-20 14:00,Marvin Ueniton Mendes Nunes,marvin ueniton mendes nunes,PHARUS,Thiago Henrique Trova,10.0,Promotor,10.0,10.0,5.0,,"Sim, totalmente",Sim,,,,,Consegui fazer tudo corretamente e a empresa tem me passado confiança,A medida que eu ver meu dinheiro aumentando. Maior liberdade financeira . Eu sempre estarei com vcs,Estão de parabéns. Inclusive as lives estão muito boas,4.0,01/2026,nova jornada (backoffice/QV360),NPS_Q1_2026_ENVIADO_MARCO.xlsx,pharus 2,,aba PHARUS da planilha,MARÇO
2026-Q1,Mar/2026,2026-03-20 14:01,Ricardo Fonseca,ricardo fonseca,PHARUS,Junior Teixeira,3.0,Detrator,9.0,,,,,,Estagnado ou travado,,,"Transformar a proposta em realidade, oferecendo estratégias reais para a construção patrimonial.",,Ter algum sucesso no primeiro ano. Porém acho que não conseguirei nem cobrir o investimento,,,,legado,NPS_Q1_2026_ENVIADO_MARCO.xlsx,pharus,,aba PHARUS da planilha,MARÇO
2026-Q1,Mar/2026,2026-03-20 14:06,Silvio tosta dias,silvio tosta dias,PHARUS,Carlos Serafim,10.0,Promotor,10.0,,,,,,"Em progresso, mas com dúvidas",Tenho clareza e estou executando com consistência,,,,Progresso,Não,,,legado,NPS_Q1_2026_ENVIADO_MARCO.xlsx,pharus,,aba PHARUS da planilha,MARÇO
2026-Q1,Mar/2026,2026-03-20 14:23,Rodrigo Augusto de Aguiar Guedes,rodrigo augusto de aguiar guedes,PHARUS,Junior Teixeira,7.0,Neutro,9.0,7.0,2.0,,Mais ou menos,Sim,,,,"São muitas ideias, mas a resolução acaba sendo um pouco lenta…
Estamos já no quinto mês e só agora estamos instituindo a segunda estratégia",,Ver o investimento retornar não creio que haverá retorno neste primeiro ano,No momento,3.0,10/2025,nova jornada (backoffice/QV360),NPS_Q1_2026_ENVIADO_MARCO.xlsx,pharus 2,,aba PHARUS da planilha,MARÇO
2026-Q1,Mar/2026,2026-03-20 14:26,Matheus Alves do Nascimento,matheus alves do nascimento,PHARUS,Thiago Henrique Trova,9.0,Promotor,10.0,10.0,3.0,,"Sim, totalmente",Sim,,,,,"Praticidade, clareza nas informações e na montagem da estrutura de investimentos.","Crescimento patrimonial, geração consistente de recebiveis, maior liberdade para lazer com família.","Por hora, só agradecer.",4.0,01/2026,nova jornada (backoffice/QV360),NPS_Q1_2026_ENVIADO_MARCO.xlsx,pharus 2,,aba PHARUS da planilha,MARÇO
2026-Q1,Mar/2026,2026-03-20 14:47,Delano Carmo da Rocha,delano carmo da rocha,PHARUS,Gustavo Papeschi Mariano,10.0,Promotor,10.0,10.0,3.0,,"Sim, em grande parte",Sim,,,,,"Relacionamento com meu estrategista, assertividade dos conselhos, orientações pertinentes nas lives, oferta de produtos interessantes, dentre outros pontos positivos",A possibilidade de ter opções com TIR superiores ao que estamos vendo no Pharus sobretudo quando falamos de ganho de capital,"Tenho notado poucas opções de mecanismos de ganhos de capital, sobretudo o que é relacionado à Consórcio.",5.0,10/2025,nova jornada (backoffice/QV360),NPS_Q1_2026_ENVIADO_MARCO.xlsx,pharus 2,,aba PHARUS da planilha,MARÇO
2026-Q1,Mar/2026,2026-03-20 14:49,Leandro Vilanova Coelho,leandro vilanova coelho,PHARUS,Willian Oliveira Schimidt,10.0,Promotor,10.0,10.0,4.0,,"Sim, em grande parte",Sim,,,,,"Atenção e orientação oferecida pelos meus orientadores, assim como a robustez das estratégias","Eu ainda não iniciei de fato as estratégias, mas devido a uma falha minha mesmo. Estou tentando ainda uma organização financeira e inclusive discuti uma estratégia alternativa com o William, enquanto não finalizo essa organização. Creio que continuarei por anos com vcs, pois vejo muita lógica no que é apresentado e acredito que terei resultados.",Somente o que foi respondido na pergunta 9. Obrigado!,1.0,09/2025,nova jornada (backoffice/QV360),NPS_Q1_2026_ENVIADO_MARCO.xlsx,pharus 2,,aba PHARUS da planilha,MARÇO
2026-Q1,Mar/2026,2026-03-20 15:17,Poliana Cristina Souto Maior da Silva,poliana cristina souto maior da silva,PHARUS,Gabriel Oliveira,10.0,Promotor,10.0,10.0,5.0,,"Sim, totalmente",Sim,,,,,Atendimento,Acompanhamento constante e estratégias boas.,Não,4.0,08/2025,nova jornada (backoffice/QV360),NPS_Q1_2026_ENVIADO_MARCO.xlsx,pharus 2,,aba PHARUS da planilha,MARÇO
2026-Q1,Mar/2026,2026-03-20 15:29,Gilberto da Silva Arbia,gilberto da silva arbia,PHARUS,Gustavo Papeschi Mariano,8.0,Neutro,10.0,8.0,3.0,,Mais ou menos,Sim,,,,Acompanhamento mais próximo,,Sucesso nos resultados,Nao,5.0,10/2025,nova jornada (backoffice/QV360),NPS_Q1_2026_ENVIADO_MARCO.xlsx,pharus 2,,aba PHARUS da planilha,MARÇO
2026-Q1,Mar/2026,2026-03-20 16:56,Sergio de Rezende Sespede,sergio de rezende sespede,PHARUS,Gustavo Papeschi Mariano,10.0,Promotor,10.0,10.0,5.0,,"Sim, totalmente",Sim,,,,,"Implantação ágil, fácil dos motores de construção da estratégia",Os resultados sólidos do que foi implantado,No momento não,6.0,10/2025,nova jornada (backoffice/QV360),NPS_Q1_2026_ENVIADO_MARCO.xlsx,pharus 2,,aba PHARUS da planilha,MARÇO
2026-Q1,Mar/2026,2026-03-20 16:58,Marcus Freitas de la Pena,marcus freitas de la pena,PHARUS,Junior Teixeira,10.0,Promotor,10.0,,,,,,"Em progresso, mas com dúvidas",Tenho clareza e estou executando com consistência,,,Atendimento,Ter alguns retornos esperados,,,,legado,NPS_Q1_2026_ENVIADO_MARCO.xlsx,pharus,,aba PHARUS da planilha,MARÇO
2026-Q1,Mar/2026,2026-03-20 17:17,Ricardo Maldonado Niffinegger,ricardo maldonado niffinegger,PHARUS,Gabriel Oliveira,10.0,Promotor,10.0,10.0,4.0,,"Sim, em grande parte",Sim,,,,,Postura profissional e individualização da experiência,Alcançar os resultados de forma concreta,Não,4.0,07/2025,nova jornada (backoffice/QV360),NPS_Q1_2026_ENVIADO_MARCO.xlsx,pharus 2,,aba PHARUS da planilha,MARÇO
2026-Q1,Mar/2026,2026-03-20 17:25,Tayanni de Sousa Oliveira,tayanni de sousa oliveira,PHARUS,Nícolas Alves,9.0,Promotor,10.0,10.0,3.0,,,Não,,,,,"Otima assistência, planejamento, orientações",Ver que o investimento esta tendo o retorno financeiro esperado,Nao,2.0,10/2025,nova jornada (backoffice/QV360),NPS_Q1_2026_ENVIADO_MARCO.xlsx,pharus 2,,aba PHARUS da planilha,MARÇO
2026-Q1,Mar/2026,2026-03-20 17:32,Lívia Silva Hall,livia silva hall,PHARUS,Gustavo Papeschi Mariano,10.0,Promotor,10.0,10.0,3.0,,"Sim, em grande parte",Sim,,,,,A disponibilidade em ajudar e tirar qualquer dúvida,Resultados surpreendentes,Nao,5.0,10/2025,nova jornada (backoffice/QV360),NPS_Q1_2026_ENVIADO_MARCO.xlsx,pharus 2,,aba PHARUS da planilha,MARÇO
2026-Q1,Mar/2026,2026-03-20 17:39,Clebioneide Sabino Ferreira,clebioneide sabino ferreira,PHARUS,Ariel Phelipe Zocoli,8.0,Neutro,9.0,9.0,3.0,,,Não,,,,Ainda está muito recente para opinar com mais relevância . Visto que não cheguei na fase de definir e aplicar as abordagens para meu processo.,,Que meu plano rodasse atingindo os alvos pré definidos,.,3.0,02/2026,nova jornada (backoffice/QV360),NPS_Q1_2026_ENVIADO_MARCO.xlsx,pharus 2,,aba PHARUS da planilha,MARÇO
2026-Q1,Mar/2026,2026-03-20 18:17,Gastão von Muhlen,gastao von muhlen,PHARUS,Thiago Henrique Trova,8.0,Neutro,8.0,8.0,3.0,,,Não,,,,Ainda falta avaliar na prática as coisas realmente acontecendo,,Resultado e novas perspectivas,Não por enquanto,2.0,02/2026,nova jornada (backoffice/QV360),NPS_Q1_2026_ENVIADO_MARCO.xlsx,pharus 2,,aba PHARUS da planilha,MARÇO
2026-Q1,Mar/2026,2026-03-20 18:19,Henry Saar,henry saar,PHARUS,Cleuber Anicesio,10.0,Promotor,10.0,10.0,4.0,,"Sim, em grande parte",Sim,,,,,"Metodologia Clara, Assessoria Competente",Os resultados alcançados durante o período e a relação com o custo necessário.,Estou animado com as oportunidades que estão surgindo.,12.0,10/2025,nova jornada (backoffice/QV360),NPS_Q1_2026_ENVIADO_MARCO.xlsx,pharus 2,,aba PHARUS da planilha,MARÇO
2026-Q1,Mar/2026,2026-03-20 18:19,Josmeiry Reis Pimentas Carréri,josmeiry reis pimentas carreri,PHARUS,Tales Salinas Rozo,10.0,Promotor,10.0,,,,,,Totalmente no caminho,"Entendi o método, mas ainda não implementei o suficiente",,,"Clareza e bom trabalho, com renda para todos",Bons resultados crença cada vez maior no método!,Gostei muito do QVRA 11 !!,,,legado,NPS_Q1_2026_ENVIADO_MARCO.xlsx,pharus,,aba PHARUS da planilha,MARÇO
2026-Q1,Mar/2026,2026-03-20 18:34,Alisson Nunes Freire,alisson nunes freire,PHARUS,Rodrigo Lunardi,8.0,Neutro,10.0,9.0,3.0,,"Sim, totalmente",Sim,,,,"Estou bem no início do projeto,tenho uma longa caminhada ,eu gosto muito indicar o que eu já tive resultado",,Resultado ja no primeiro ano .,"Sinto a necessidade que o Qv360,pudesse separar o financeiro pj e o PF.",5.0,11/2025,nova jornada (backoffice/QV360),NPS_Q1_2026_ENVIADO_MARCO.xlsx,pharus 2,,aba PHARUS da planilha,MARÇO
2026-Q1,Mar/2026,2026-03-20 18:55,Marcio Hartz,marcio hartz,PHARUS,Gustavo Papeschi Mariano,10.0,Promotor,10.0,10.0,5.0,,"Sim, totalmente",Sim,,,,,"Clareza, orientação e parceria para construção de uma renda vitalícia","Nem pensem em me abandonar!! Quero estar com vcs de forma vitalícia!
Tenho a meta de ser aceito para fazer parte do programa Davos!  Breve poderão contar comigo para parcerias duradouras !!",Só agradecer!,5.0,10/2025,nova jornada (backoffice/QV360),NPS_Q1_2026_ENVIADO_MARCO.xlsx,pharus 2,,aba PHARUS da planilha,MARÇO
2026-Q1,Mar/2026,2026-03-20 19:16,Lucieide de Fátima Pereira,lucieide de fatima pereira,PHARUS,Willian Oliveira Schimidt,5.0,Detrator,10.0,8.0,3.0,,Mais ou menos,Sim,,,,Muita demora para retorno. Estou a meses aguardando evolução,,Mais opções a curto prazo. Acho que está demorando muito o retorno,"Já pensei em desistir várias vezes, só não desiste porque o investimento é muito alto: entrei para ganhar não para perder.",2.0,10/2025,nova jornada (backoffice/QV360),NPS_Q1_2026_ENVIADO_MARCO.xlsx,pharus 2,,aba PHARUS da planilha,MARÇO
2026-Q1,Mar/2026,2026-03-20 19:38,Saulo Lourenço Siqueira,saulo lourenco siqueira,PHARUS,Tales Salinas Rozo,10.0,Promotor,10.0,,,,,,Totalmente no caminho,"Entendi o método, mas ainda não implementei o suficiente",,,O acompanhamento é a clareza do plano,Começar a ver resultado ao final do ano,Nao,,,legado,NPS_Q1_2026_ENVIADO_MARCO.xlsx,pharus,,aba PHARUS da planilha,MARÇO
2026-Q1,Mar/2026,2026-03-20 19:48,Raquel Rodrigues Carvalho,raquel rodrigues carvalho,PHARUS,João Gonçalves,7.0,Neutro,9.0,9.0,3.0,,Mais ou menos,Sim,,,,"Pode ser cedo, mas ainda não vejo resultados.",,"Espero ver lucros para isso, trata de um investimento alto.","Como eu já comentei anteriormente, eu tenho um tempo muito restrito, então não esperava ocupar mais ainda o meu tempo pra ter um retorno. É apenas a questão de otimização de tempo mesmo.",2.0,02/2026,nova jornada (backoffice/QV360),NPS_Q1_2026_ENVIADO_MARCO.xlsx,pharus 2,,aba PHARUS da planilha,MARÇO
2026-Q1,Mar/2026,2026-03-20 19:49,Pedro Chandelier Haeser,pedro chandelier haeser,PHARUS,Leonardo Palaver Pereira,6.0,Detrator,7.0,10.0,4.0,,Mais ou menos,Sim,,,,"No geral acho que os produtos, a intençao e a missao de voces é nota 10. 

Porem a impressao que tive é que voces absorveram muitos clientes e está dificil de atender todos ao mesmo tempo. 

Achei bem complicado de começar o projeto (levou umas 2 semanas pra marcar a reuniao de kickoff) e algumas duvidas pontuais que ficam das reunioes eu preciso ficar fazendo follow up.

Me sinto um pouco frustrado por ter entrado no programa no final de janeiro e quase 2 meses depois ainda nao ter o plano patrimonial completo",,"O primeiro passo é ver o Plano, ter a visao clara e detalhada do passo a passo, das opçoes que eu tenho e entender como cada uma delas vai me levar ao meu objetivo final. Outra coisa que seria interessante é mais material educativo que se aprofunde no metodo, nos pilares, em como cada estrategia contribui com a outra para fazer a “roda girar”",Nao,3.0,02/2026,nova jornada (backoffice/QV360),NPS_Q1_2026_ENVIADO_MARCO.xlsx,pharus 2,,aba PHARUS da planilha,MARÇO
2026-Q1,Mar/2026,2026-03-20 19:58,Tatiane Bortolin Marmentini,tatiane bortolin marmentini,PHARUS,Samuel Araújo,8.0,Neutro,9.0,,,,,,,"Entendi o método, mas ainda não implementei o suficiente",,,,,,,,legado,NPS_Q1_2026_ENVIADO_MARCO.xlsx,pharus,,aba PHARUS da planilha,MARÇO
2026-Q1,Mar/2026,2026-03-20 21:07,Jane Cronst,jane cronst,PHARUS,Ariel Phelipe Zocoli,10.0,Promotor,10.0,10.0,4.0,,"Sim, em grande parte",Sim,,,,,Confiança no método,Conseguir atingir as metas definidas e entender como se alcança os resultados. Disponibilidade da equipe.,"Gostaria que a disponibilidade de horários para as reuniões fosse até mais tarde da noite, pois antes das 20h tenho muito pouca disponibilidade.",3.0,01/2026,nova jornada (backoffice/QV360),NPS_Q1_2026_ENVIADO_MARCO.xlsx,pharus 2,,aba PHARUS da planilha,MARÇO
2026-Q1,Mar/2026,2026-03-20 21:43,Claudia Maria de Medeiros Câmara,claudia maria de medeiros camara,PHARUS,Willian Sobral,10.0,Promotor,10.0,,,,,,Totalmente no caminho,"Entendi o método, mas ainda não implementei o suficiente",,,"O suporte , combinado inicialmente , acontece de fato . No meu caso com o Willian , está sempre pronto a responder meus questionamentos . É tudo muito organizado e você percebe todos “ falando a mesma língua “ o que dá credibilidade ao que é proposto .",,"Bem , com as estratégias e orientações , mesmo que eu esteja fazendo pequenas melhorias ao longo do tempo , mas com a QuartaVia é a primeira vez que vislumbro a possibilidade de ter de fato o controle financeiro da minha vida . E confiante que , dentro de alguns anos , conseguirei minha tão sonhada renda passiva .",,,legado,NPS_Q1_2026_ENVIADO_MARCO.xlsx,pharus,,aba PHARUS da planilha,MARÇO
2026-Q1,Mar/2026,2026-03-20 23:01,Paulo Henrique Miguel Medeiros,paulo henrique miguel medeiros,PHARUS,Abner Braga,3.0,Detrator,3.0,5.0,2.0,,Não,Sim,,,,"Ter mais resultados financeiros de curto prazo, até hoje investimento mensal na estrategia Patrimonial, porem sem estratégia bem desenhada e não vejo retorno do investimento até o momento.",,Retorno claro de objetivo,Esperava mais atraves de todos conteudo apresentado atraves das redes sociais.,4.0,10/2025,nova jornada (backoffice/QV360),NPS_Q1_2026_ENVIADO_MARCO.xlsx,pharus 2,,aba PHARUS da planilha,MARÇO
2026-Q1,Mar/2026,2026-03-20 23:34,Cristian Amaral Pereira,cristian amaral pereira,PHARUS,Rodrigo Lunardi,8.0,Neutro,9.0,8.0,2.0,,"Sim, em grande parte",Sim,,,,"Acredito que o tempo mostrará os retornos. Estou no programa há poucos meses. E o primeiro ponto é ter um o retorno do investimento no programa, ou seja, o programa tem que ser pagar dentro de um ano, isso ainda não aconteceu.",,"1° Ter no mínimo crescimento anual acima do investimento no programa. O programa precisa no mínimo se pagar dentro de um ano com retorno de investimentos, não levando em consideração aportes puramente.
2° Sentir que meu patrimônio está realmente mais sólido, estruturado, seguro, crescendo e com perspectiva de crescimento exponencial a longo do tempo.",No momento não.,7.0,09/2025,nova jornada (backoffice/QV360),NPS_Q1_2026_ENVIADO_MARCO.xlsx,pharus 2,,aba PHARUS da planilha,MARÇO
2026-Q1,Mar/2026,2026-03-21 13:07,José Duarte Tavares,jose duarte tavares,PHARUS,Rodrigo Lunardi,8.0,Neutro,10.0,8.0,4.0,,"Sim, em grande parte",Sim,,,,"Melhor seleção e acompanhamento da performance dos parceiros, como MOVA, no tratamento de excessões de processos.",,A evidência de maior concretude na realização do plano traçado (ações disparadas + acompanhamento de resultados + forecast),"Em particular, me sinto insatisfeito na minha experiência e interação com a MOVA em tratamentos de exceção.",6.0,11/2025,nova jornada (backoffice/QV360),NPS_Q1_2026_ENVIADO_MARCO.xlsx,pharus 2,,aba PHARUS da planilha,MARÇO
2026-Q1,Mar/2026,2026-03-21 13:55,Márcio Watermann,marcio watermann,PHARUS,Willian Sobral,10.0,Promotor,10.0,,,,,,Totalmente no caminho,Tenho clareza e estou executando com consistência,,,Dinâmica na implementação,O resultado da implementação,A velocidade em que as estratégias são implementadas me surpreendeu.,,,legado,NPS_Q1_2026_ENVIADO_MARCO.xlsx,pharus,,aba PHARUS da planilha,MARÇO
2026-Q1,Mar/2026,2026-03-23 10:08,Camilo de Souza Ferreira,camilo de souza ferreira,PHARUS,Gabriel Oliveira,10.0,Promotor,10.0,,,,,,"Em progresso, mas com dúvidas","Entendi o método, mas ainda não implementei o suficiente",,,Tudo,Condição Financeira,Não,,,legado,NPS_Q1_2026_ENVIADO_MARCO.xlsx,pharus,,aba PHARUS da planilha,MARÇO
2026-Q1,Mar/2026,2026-03-23 11:43,Victor Alfredo Mirol,victor alfredo mirol,PHARUS,Abner Braga,9.0,Promotor,10.0,,,,,,"Em progresso, mas com dúvidas",,,,,"Sem hesitar Não existe nada na vida. A própria Quartavia é fruto do pensamento critico e do tempo de observação e analise. Mas, sem tirarmos o de 'sem hesitar', me sinto inclinado, claro, a acompanhar vossas propostas e filosofia.",Apassionantemente convincente.,,,legado,NPS_Q1_2026_ENVIADO_MARCO.xlsx,pharus,,aba PHARUS da planilha,MARÇO
2026-Q1,Mar/2026,2026-03-23 12:38,Fernando Armani Picetti,fernando armani picetti,PHARUS,Hendrick Dorner,10.0,Promotor,10.0,,,,,,Totalmente no caminho,,,,,Resultados concretizados.,,,,legado,NPS_Q1_2026_ENVIADO_MARCO.xlsx,pharus,,aba PHARUS da planilha,MARÇO
2026-Q1,Mar/2026,2026-03-23 12:52,Joao Wilkson Sena Taleires,joao wilkson sena taleires,PHARUS,Hendrick Dorner,10.0,Promotor,10.0,,,,,,"Em progresso, mas com dúvidas",Tenho clareza e estou executando com consistência,,,Resultados,Desconto expressivo na anuidade,Não,,,legado,NPS_Q1_2026_ENVIADO_MARCO.xlsx,pharus,,aba PHARUS da planilha,MARÇO
2026-Q1,Mar/2026,2026-03-23 13:00,Moises Gambin,moises gambin,PHARUS,Abner Braga,8.0,Neutro,9.0,,,,,,"Em progresso, mas com dúvidas",Perdi o vínculo com o projeto e preciso retomar,,"Informações mais objetivas sobre os programas!  Os retornos só vão acontecer provavelmente de
Forma efetiva no final do
Programa só que ainda não sabemos
Como será a renda vitalícia!",,A promessa feita pela empresa no inicio é o suficiente pois estou cumprindo acima do solicitado os meus aportes financeiros!,Preocupação com o Ir sobre os produtos que geram receita,,,legado,NPS_Q1_2026_ENVIADO_MARCO.xlsx,pharus,,aba PHARUS da planilha,MARÇO
2026-Q1,Mar/2026,2026-03-23 13:10,Thelma Medeiros Da Cunha,thelma medeiros da cunha,PHARUS,Samuel Araújo,10.0,Promotor,10.0,,,,,,,Tenho clareza e estou executando com consistência,,,"Segurança e conhecimento da equipe, orientações claras,  seguimento regular e resposta das ações.",Manter a mesma resposta das implementações que venho fazendo e que a equipe continue tão afiada como está.,Até o momento estou me sentindo muito segura com as condutas. Confio na equipe.,,,legado,NPS_Q1_2026_ENVIADO_MARCO.xlsx,pharus,,aba PHARUS da planilha,MARÇO
2026-Q1,Mar/2026,2026-03-23 13:21,Gabriel Terra,gabriel terra,PHARUS,Abner Braga,10.0,Promotor,10.0,,,,,,,Tenho clareza e estou executando com consistência,,,,,N,,,legado,NPS_Q1_2026_ENVIADO_MARCO.xlsx,pharus,,aba PHARUS da planilha,MARÇO
2026-Q1,Mar/2026,2026-03-23 13:33,Tatiana Hammerschmitt Utzig,tatiana hammerschmitt utzig,PHARUS,Hendrick Dorner,10.0,Promotor,10.0,,,,,,Totalmente no caminho,,,,Era sempre o que procurei de orientação para dar direção no financeiro pensando em futuro,Meu objetivo,,,,legado,NPS_Q1_2026_ENVIADO_MARCO.xlsx,pharus,,aba PHARUS da planilha,MARÇO
2026-Q1,Mar/2026,2026-03-23 13:55,Eduardo Luiz da Silveira Micheletti,eduardo luiz da silveira micheletti,PHARUS,Ariel Phelipe Zocoli,8.0,Neutro,10.0,10.0,4.0,,"Sim, em grande parte",Sim,,,,"A plataforma digital ainda apresenta bugs e não é acessível pelo celular. Quanto ao programa de acompanhamento patrimonial, ainda não tive a oportunidade para aplicar pois me inscrevi para me recuperar financeiramente",,Recuperar financeiramente e começar a aplicar o plano para crescimento,Até o momento não,4.0,01/2026,nova jornada (backoffice/QV360),NPS_Q1_2026_ENVIADO_MARCO.xlsx,pharus 2,,aba PHARUS da planilha,MARÇO
2026-Q1,Mar/2026,2026-03-23 13:55,Elisson Antonio Francelino dos Santos,elisson antonio francelino dos santos,PHARUS,Rodrigo Lunardi,10.0,Promotor,10.0,,,,,,Totalmente no caminho,,,,Cuidado personalizado e prontidão.,Resultados,,,,legado,NPS_Q1_2026_ENVIADO_MARCO.xlsx,pharus,,aba PHARUS da planilha,MARÇO
2026-Q1,Mar/2026,2026-03-23 14:02,Arthur de Lemos Ferreira Rocha,arthur de lemos ferreira rocha,PHARUS,Ariel Phelipe Zocoli,10.0,Promotor,10.0,10.0,4.0,,"Sim, totalmente",Sim,,,,,Aderência aos serviços que foram ofertados e dedicação do time,Entrega de resultados,Não,4.0,01/2026,nova jornada (backoffice/QV360),NPS_Q1_2026_ENVIADO_MARCO.xlsx,pharus 2,,aba PHARUS da planilha,MARÇO
2026-Q1,Mar/2026,2026-03-23 14:28,João Batista Oliveira Leal,joao batista oliveira leal,PHARUS,Abner Braga,10.0,Promotor,10.0,,,,,,,Tenho clareza e estou executando com consistência,,,A transparência com que os membros da equipe trabalham e a confiança que nos passa acho fundamental,Confiança,Fico feliz em participar desse grupo,,,legado,NPS_Q1_2026_ENVIADO_MARCO.xlsx,pharus,,aba PHARUS da planilha,MARÇO
2026-Q1,Mar/2026,2026-03-23 14:54,Dâmaris Castelo De Luca Affini,damaris castelo de luca affini,PHARUS,Abner Braga,10.0,Promotor,10.0,,,,,,Totalmente no caminho,Perdi o vínculo com o projeto e preciso retomar,,,,"Ter um apoio maior , devido a minha falta de tempo.",Preciso dar o ponta pé iniciar. Depende de mim.,,,legado,NPS_Q1_2026_ENVIADO_MARCO.xlsx,pharus,,aba PHARUS da planilha,MARÇO
2026-Q1,Mar/2026,2026-03-23 14:58,Elisabete dos Reis Carneiro,elisabete dos reis carneiro,PHARUS,Abner Braga,10.0,Promotor,10.0,,,,,,Totalmente no caminho,,,,,Valor acessível,Não,,,legado,NPS_Q1_2026_ENVIADO_MARCO.xlsx,pharus,,aba PHARUS da planilha,MARÇO
2026-Q1,Mar/2026,2026-03-23 15:04,Hugo Mendes Alencar Furtado,hugo mendes alencar furtado,PHARUS,Carlos Serafim,0.0,Detrator,9.0,5.0,1.0,,Não,Sim,,,,.,,.,.,2.0,09/2025,nova jornada (backoffice/QV360),NPS_Q1_2026_ENVIADO_MARCO.xlsx,pharus 2,,aba PHARUS da planilha,MARÇO
2026-Q1,Mar/2026,2026-03-23 15:32,Wilson Brandão Ribeiro Gonçalves,wilson brandao ribeiro goncalves,PHARUS,Abner Braga,10.0,Promotor,10.0,,,,,,,"Entendi o método, mas ainda não implementei o suficiente",,,A metodologia aplicada. A certeza que os resultados são alcançáveis.,Alcançar a sonhada renda passiva nos proximos três anos.,"Os caminhos podem ser tortuosos.., mas o destino, é infalível.",,,legado,NPS_Q1_2026_ENVIADO_MARCO.xlsx,pharus,,aba PHARUS da planilha,MARÇO
2026-Q1,Mar/2026,2026-03-23 15:45,Adelia Zina Rosauro de Almeida,adelia zina rosauro de almeida,PHARUS,Samuel Araújo,5.0,Detrator,9.0,,,,,,Desacreditei do método,Estou travado em alguma parte e preciso de ajuda,,Expectativa X realidade,,"Implementar 100% no q oferecem. Talvez pelo Numero de pessoas não consigam um olhar detalhado p cada.
Vários  erros. Mas a ideia de vcs é muito boa",Tem tudo p ser u sucesso.,,,legado,NPS_Q1_2026_ENVIADO_MARCO.xlsx,pharus,,aba PHARUS da planilha,MARÇO
2026-Q1,Mar/2026,2026-03-23 15:55,Juliana Nascimento Santos,juliana nascimento santos,PHARUS,Carlos Serafim,0.0,Detrator,0.0,0.0,1.0,,Não,Sim,,,,não sei,,Não tenho interesse,Gostaria que vocês cancelassem a minha inscrição e os pagamentos das parcelas futuras. Foi dinheiro jogado fora.,3.0,10/2025,nova jornada (backoffice/QV360),NPS_Q1_2026_ENVIADO_MARCO.xlsx,pharus 2,,aba PHARUS da planilha,MARÇO
2026-Q1,Mar/2026,2026-03-23 15:56,Valquíria Miwa Hanai Yoshida,valquiria miwa hanai yoshida,PHARUS,Ariel Phelipe Zocoli,7.0,Neutro,10.0,7.0,5.0,,"Sim, em grande parte",Sim,,,,"A nota não traduz insatisfação, ela representa a minha experiência negativa fazer indicações.",,Começar a colecionar ativos reais.,"Como estou iniciando, não tenho nada a acrescentar.",3.0,02/2026,nova jornada (backoffice/QV360),NPS_Q1_2026_ENVIADO_MARCO.xlsx,pharus 2,,aba PHARUS da planilha,MARÇO
2026-Q1,Mar/2026,2026-03-23 15:56,Douglas Covre,douglas covre,PHARUS,João Aliceda,9.0,Promotor,8.0,,,,,,"Em progresso, mas com dúvidas",Estou travado em alguma parte e preciso de ajuda,,,"Ganhos acima do mercado, focado em construção do capital e planejamento de aposentaria em médio prazo",Acredito que o valor da mensalidade não cobre os ganhos pra quem começa com pouco capital. Talvez uma mensalidade menor pra quem tá começando faça mais sentido,,,,legado,NPS_Q1_2026_ENVIADO_MARCO.xlsx,pharus,,aba PHARUS da planilha,MARÇO
2026-Q1,Mar/2026,2026-03-23 16:14,José Walter de Araújo Neto,jose walter de araujo neto,PHARUS,Willian Oliveira Schimidt,9.0,Promotor,,,,,,,"Em progresso, mas com dúvidas","Entendi o método, mas ainda não implementei o suficiente",,,,A confiança na equipe é o metodo,"Estou gostando do método, apesar de algumas dúvidas pois na propaganda fala de imóvel quitado mas ainda não apliquei e nem entendi",,,legado,NPS_Q1_2026_ENVIADO_MARCO.xlsx,pharus,,aba PHARUS da planilha,MARÇO
2026-Q1,Mar/2026,2026-03-23 16:16,Daniel Augusto Gazzolo Durand,daniel augusto gazzolo durand,PHARUS,João Aliceda,0.0,Detrator,,,,,,,Totalmente no caminho,"Entendi o método, mas ainda não implementei o suficiente",,Parabéns,,Informação,Obrigado,,,legado,NPS_Q1_2026_ENVIADO_MARCO.xlsx,pharus,,aba PHARUS da planilha,MARÇO
2026-Q1,Mar/2026,2026-03-23 16:33,Jander Freitas Silva,jander freitas silva,PHARUS,Willian Oliveira Schimidt,10.0,Promotor,10.0,,,,,,,Tenho clareza e estou executando com consistência,,,Atenção e organização,,Não. Está tudo claro,,,legado,NPS_Q1_2026_ENVIADO_MARCO.xlsx,pharus,,aba PHARUS da planilha,MARÇO
2026-Q1,Mar/2026,2026-03-23 17:05,Marcus Castilho Monteiro,marcus castilho monteiro,PHARUS,Tiago Junior,9.0,Promotor,10.0,,,,,,"Em progresso, mas com dúvidas","Entendi o método, mas ainda não implementei o suficiente",,,,Opções mais concretas de investimento com retornos mais atraentes,,,,legado,NPS_Q1_2026_ENVIADO_MARCO.xlsx,pharus,,aba PHARUS da planilha,MARÇO
2026-Q1,Mar/2026,2026-03-23 17:39,Fernando Paranaiba Filgueira,fernando paranaiba filgueira,PHARUS,Willian Oliveira Schimidt,8.0,Neutro,9.0,,,,,,,"Entendi o método, mas ainda não implementei o suficiente",,Mais tempo de programa (12 meses é pouco tempo para ver o investimento do curso em ação),,Com certeza o valor alto do investimento,"Como tive dificuldade particular em iniciar, acaba que fico com o desmérito pra mim.",,,legado,NPS_Q1_2026_ENVIADO_MARCO.xlsx,pharus,,aba PHARUS da planilha,MARÇO
2026-Q1,Mar/2026,2026-03-23 18:10,Camila Gomes Linck,camila gomes linck,PHARUS,Gabriel Oliveira,7.0,Neutro,10.0,10.0,5.0,,"Sim, em grande parte",Sim,,,,"Eu vejo que a proposta é muito boa mas ando notando que teria sido mais proveitoso eu esperar mais um ano para entrar para a QuartaVia, pois os valores que consigo investir no momento e o que eu tenho disponível pra investir ainda sao valores baixos para poder aplicar diferentes estrategias. E considerando o valor do produto Quartavia nao vai ter tanta vantagem nesse primeiro ano. Entao minha sugestao seria deixar mais claro na captacao de novos clientes o quanto cada cliente precisa ter disponível pra investir e aportar para fazer valer a pena os 20k do produto de vcs. Mas no geral gosto bastante do atendimento, da ideia, do meu plano e das estratégias que estao me apresentando.",,Ter bom retorno na estrategia de leilao que participei em janeiro e conseguir aumentar meus aportes para participar de mais estrategias.,Nao…,7.0,10/2025,nova jornada (backoffice/QV360),NPS_Q1_2026_ENVIADO_MARCO.xlsx,pharus 2,,aba PHARUS da planilha,MARÇO
2026-Q1,Mar/2026,2026-03-23 18:22,Rafael de Montier Pompeu Barroso,rafael de montier pompeu barroso,PHARUS,João Aliceda,7.0,Neutro,9.0,,,,,,,"Entendi o método, mas ainda não implementei o suficiente",,,,A quantidade de boas opçoes e oportunidades geradas e bem acompanhadas,,,,legado,NPS_Q1_2026_ENVIADO_MARCO.xlsx,pharus,,aba PHARUS da planilha,MARÇO
2026-Q1,Mar/2026,2026-03-23 18:56,Sheila Vieira Lage,sheila vieira lage,PHARUS,João Aliceda,8.0,Neutro,10.0,,,,,,"Em progresso, mas com dúvidas","Entendi o método, mas ainda não implementei o suficiente",,O preço deveria ser proporcional a intenção de investimento do cliente.,,Acho que não estou em um momento de começar novos empreendimentos.,No momento não. Obrigada!,,,legado,NPS_Q1_2026_ENVIADO_MARCO.xlsx,pharus,,aba PHARUS da planilha,MARÇO
2026-Q1,Mar/2026,2026-03-23 19:01,Marcos Santana Borges,marcos santana borges,PHARUS,Thiago Henrique Trova,7.0,Neutro,9.0,2.0,2.0,,Mais ou menos,Sim,,,,"Uma proximidade maior com o cliente.
Reuniões mais próximas com relação a datas",,Resultados financeiros,Não,4.0,02/2026,nova jornada (backoffice/QV360),NPS_Q1_2026_ENVIADO_MARCO.xlsx,pharus 2,,aba PHARUS da planilha,MARÇO
2026-Q1,Mar/2026,2026-03-23 19:29,Bruno Santos Jales,bruno santos jales,PHARUS,Hendrick Dorner,8.0,Neutro,10.0,,,,,,,Perdi o vínculo com o projeto e preciso retomar,,"O suporte do assessor é excelente. No meu caso em específico, até pela conversa que tive com o Vitor antes do fechamento, onde falei de meus investimentos e intenções dentro do programa, esperava mais do plano apresentado. Inclusive algo que me trouxe para o programa foi a possibilidade de realizar operações mais complexas, o que depois fui entender que era somente no programa Davos. Resumindo, no meu modo de entender, na situação que meu patrimônio e encontrava, esperava estratégias mais elaboradas. Muitas das coisas apresentadas eu já estava com elas em andamento, como aquisição de imóvel na planta, imóvel para Airbnb, já investia no mercado financeiro, renda fixa, etc. Entendo que o PHARUS seja algo para estruturar vidas financeiras que não estejam bem e “educar” pessoas que não tenham contato prévio com investimentos ou algo do tipo. E em minha conversa com o Vitor, na qual inclusive fui convidado para a mansão davos, mas não pude ir por questões de trabalho, esperava ver algum efeito maior em meu patrimônio dentro do programa. Enfim, opinião.",,"Preciso de algo que realmente mude o patamar do meu patrimônio, ver efeitos práticos e retornos na minha renda para valer a pena o investimento necessário.",Não.,,,legado,NPS_Q1_2026_ENVIADO_MARCO.xlsx,pharus,,aba PHARUS da planilha,MARÇO
2026-Q1,Mar/2026,2026-03-23 20:30,Luiz Leonardo Póvoa Lobo,luiz leonardo povoa lobo,PHARUS,João Gonçalves,9.0,Promotor,9.0,,,,,,"Em progresso, mas com dúvidas",Perdi o vínculo com o projeto e preciso retomar,,,Começar entender sobre investimento,"Eu tenho pouco tempo como quase todos os médicos. 2 filhos em tenra idade de necessidade dos pais. Vários vínculos e ainda professor da faculdade. Meu tempo é mega escasso e daí para conseguir correr atrás para entender mais, investir mais, fazer mais, e render mais, eu precisaria de quase uma babá financeira! Talvez não seja de vcs a falta, mas da nossa…. Para sanar isso, não sei como fazer.  Às vezes sentimos que perdemos a conexão com os projetos por isso",Não.,,,legado,NPS_Q1_2026_ENVIADO_MARCO.xlsx,pharus,,aba PHARUS da planilha,MARÇO
2026-Q1,Mar/2026,2026-03-23 20:30,Ronilson Oliveira Durães,ronilson oliveira duraes,PHARUS,Cleuber Anicesio,10.0,Promotor,10.0,,,,,,,Tenho clareza e estou executando com consistência,,,,,"Espero que num futuro , eu esteja junto desta equipe que está mudando a minha !",,,legado,NPS_Q1_2026_ENVIADO_MARCO.xlsx,pharus,,aba PHARUS da planilha,MARÇO
2026-Q1,Mar/2026,2026-03-23 20:46,Edson Mitsuo Nishida,edson mitsuo nishida,PHARUS,Cleuber Anicesio,9.0,Promotor,10.0,,,,,,"Em progresso, mas com dúvidas","Entendi o método, mas ainda não implementei o suficiente",,,,Apresentação de retorno financeiro e resutados consistentes,,,,legado,NPS_Q1_2026_ENVIADO_MARCO.xlsx,pharus,,aba PHARUS da planilha,MARÇO
2026-Q1,Mar/2026,2026-03-23 21:01,Robson Argolo,robson argolo,PHARUS,Abner Braga,10.0,Promotor,9.0,,,,,,,"Entendi o método, mas ainda não implementei o suficiente",,,Resultados reais,,Nao,,,legado,NPS_Q1_2026_ENVIADO_MARCO.xlsx,pharus,,aba PHARUS da planilha,MARÇO
2026-Q1,Mar/2026,2026-03-23 21:20,Diana Ferreira de Queiroz,diana ferreira de queiroz,PHARUS,Cleuber Anicesio,7.0,Neutro,9.0,10.0,4.0,,"Sim, em grande parte",Sim,,,,Fazer nossa primeira boa transação. Ver o primeiro resultado,,"Fazer bons negócios. Aumentar significativamente meu patrimônio, construir uma renda passiva numa velocidade superior à atual.",Tudo ok,6.0,10/2025,nova jornada (backoffice/QV360),NPS_Q1_2026_ENVIADO_MARCO.xlsx,pharus 2,,aba PHARUS da planilha,MARÇO
2026-Q1,Mar/2026,2026-03-23 21:51,Maksimiliano Franco,maksimiliano franco,PHARUS,Cleuber Anicesio,9.0,Promotor,10.0,,,,,,Totalmente no caminho,Tenho clareza e estou executando com consistência,,,,Pagar a acessoria com o lucro real que for gerado com o programa,,,,legado,NPS_Q1_2026_ENVIADO_MARCO.xlsx,pharus,,aba PHARUS da planilha,MARÇO
2026-Q1,Mar/2026,2026-03-23 22:03,José Wellington Pereira Viana,jose wellington pereira viana,PHARUS,Hendrick Dorner,10.0,Promotor,10.0,,,,,,Totalmente no caminho,Tenho clareza e estou executando com consistência,,,Atenção e o apoio do estrategista foram o diferencial. As estratégias do programa também são ótimos.,No momento só conseguiria fechar com vocês caso eu conseguisse fechar alguns projetos de energia solar para os parceiros ou para o time Quarta Via. Pois agora todos os meus investimentos serão voltados para minha empresa a qual vou receber renda passiva mensalmente.,Foi muito bom. Estava precisando me organizar 100% novamente e consegui.,,,legado,NPS_Q1_2026_ENVIADO_MARCO.xlsx,pharus,,aba PHARUS da planilha,MARÇO
2026-Q1,Mar/2026,2026-03-23 22:18,Thiago Lara Vasques,thiago lara vasques,PHARUS,Cleuber Anicesio,10.0,Promotor,10.0,,,,,,,Tenho clareza e estou executando com consistência,,,,,,,,legado,NPS_Q1_2026_ENVIADO_MARCO.xlsx,pharus,,aba PHARUS da planilha,MARÇO
2026-Q1,Mar/2026,2026-03-23 22:22,Deize Marchiori,deize marchiori,PHARUS,Gabriel Oliveira,9.0,Promotor,10.0,9.0,3.0,,"Sim, em grande parte",Sim,,,,,Produtos. A mudança de atendimento me agradou,Atendimento e estratégia,.,11.0,12/2025,nova jornada (backoffice/QV360),NPS_Q1_2026_ENVIADO_MARCO.xlsx,pharus 2,,aba PHARUS da planilha,MARÇO
2026-Q1,Mar/2026,2026-03-24 03:40,Lenuir Kniss,lenuir kniss,PHARUS,Cleuber Anicesio,8.0,Neutro,9.0,,,,,,,Tenho clareza e estou executando com consistência,,"Confiança no projeto, e equipe!",,Projeto de crescimento e renda recorrente clara e duradoura!,Nao,,,legado,NPS_Q1_2026_ENVIADO_MARCO.xlsx,pharus,,aba PHARUS da planilha,MARÇO
2026-Q1,Mar/2026,2026-03-24 08:45,Daniel Antonio de Aquino Neto,daniel antonio de aquino neto,PHARUS,Gabriel Oliveira,9.0,Promotor,10.0,9.0,5.0,,"Sim, totalmente",Sim,,,,,Experiência,Resultados,Não,9.0,11/2025,nova jornada (backoffice/QV360),NPS_Q1_2026_ENVIADO_MARCO.xlsx,pharus 2,,aba PHARUS da planilha,MARÇO
2026-Q1,Mar/2026,2026-03-24 09:42,Filipe Viglongo Corrêa Vilardo de Freitas,filipe viglongo correa vilardo de freitas,PHARUS,Gabriel Oliveira,9.0,Promotor,10.0,10.0,2.0,,"Sim, em grande parte",Sim,,,,,Disponibilidade do assessor. Acesso a investimentos diferenciados e orientações assertivas,O alcance dos resultados previstos,Não,6.0,12/2025,nova jornada (backoffice/QV360),NPS_Q1_2026_ENVIADO_MARCO.xlsx,pharus 2,,aba PHARUS da planilha,MARÇO
2026-Q1,Mar/2026,2026-03-24 11:12,Fabrício Rebello Lignani Siqueira,fabricio rebello lignani siqueira,PHARUS,Carlos Serafim,8.0,Neutro,9.0,,,,,,"Em progresso, mas com dúvidas","Entendi o método, mas ainda não implementei o suficiente",,,,Redução do custo do serviço ou que os projetos banquem esse custo.,"Não, obrigado",,,legado,NPS_Q1_2026_ENVIADO_MARCO.xlsx,pharus,,aba PHARUS da planilha,MARÇO
2026-Q1,Mar/2026,2026-03-24 12:10,Ricardo Dias Gonçalves,ricardo dias goncalves,PHARUS,Hendrick Dorner,8.0,Neutro,9.0,9.0,3.0,,Mais ou menos,Sim,,,,8.0,,O valor do investimento,Não,3.0,10/2025,nova jornada (backoffice/QV360),NPS_Q1_2026_ENVIADO_MARCO.xlsx,pharus 2,,aba PHARUS da planilha,MARÇO
2026-Q1,Mar/2026,2026-03-24 12:12,Felipe Dias Martins,felipe dias martins,PHARUS,Abner Braga,9.0,Promotor,10.0,,,,,,"Em progresso, mas com dúvidas",,,,Atendimento personalizado e soluções específicas,Ver o patrimônio crescendo com os poços de liquidez mencionados,,,,legado,NPS_Q1_2026_ENVIADO_MARCO.xlsx,pharus,,aba PHARUS da planilha,MARÇO
2026-Q1,Mar/2026,2026-03-24 12:23,Victor Vasconcelos Figueiredo,victor vasconcelos figueiredo,PHARUS,Rodrigo Lunardi,9.0,Promotor,9.0,,,,,,,"Entendi o método, mas ainda não implementei o suficiente",,,,"Seguir observando os resultados de nosso planejamento e estruturação, ver mais estratégias que se alinhem com minha situação, colher os frutos de tais e me ver em um cenário de maior segurança financeira e observar um planejamento de longo prazo estruturado.",,,,legado,NPS_Q1_2026_ENVIADO_MARCO.xlsx,pharus,,aba PHARUS da planilha,cadastro 2026-T2
2026-Q1,Mar/2026,2026-03-24 12:43,Rogério Matheus de Moraes Júnior,rogerio matheus de moraes junior,PHARUS,João Gonçalves,5.0,Detrator,6.0,,,,,,Desacreditei do método,Estou travado em alguma parte e preciso de ajuda,,"Gostaria de melhores resultados, estou recebendo indicações muito conservadoras, que dariam no máximo uma rentabilidade um pouco maior, mas nada sobre alavancar meu patrimônio ou me deixar mais próximo de uma aposentadoria até agora",,"Enxergar que atingirei meu objetivo! Ver implementações de estratégias menos óbvias, até agora só me foi sugerido aplicações no mercado financeiro e cartas de consórcio, não consigo enxergar como isso vai mudar o meu cenário, no máximo terei uma pequena rentabilidade a mais do que o CDI, algo que não valeria o investimento para continuar com vocês!","Não, acredito que eu tenha dito tudo",,,legado,NPS_Q1_2026_ENVIADO_MARCO.xlsx,pharus,,aba PHARUS da planilha,MARÇO
2026-Q1,Mar/2026,2026-03-24 13:15,Evelin R E Jiménez,evelin r e jimenez,PHARUS,Gabriel Oliveira,10.0,Promotor,10.0,,,,,,Totalmente no caminho,Tenho clareza e estou executando com consistência,,,"Gabriel é um excelente profissional, conseguimos comprar nossa casa própria e organizar dívidas e financeiro.",Clareza de construir uma renda passiva.,Não,,,legado,NPS_Q1_2026_ENVIADO_MARCO.xlsx,pharus,,aba PHARUS da planilha,MARÇO
2026-Q1,Mar/2026,2026-03-24 13:37,Denylson Sanches Fernandes,denylson sanches fernandes,PHARUS,João Aliceda,10.0,Promotor,10.0,,,,,,"Em progresso, mas com dúvidas",,,,Atendimento sempre que preciso,Colher os resultados da estrategia montada,,,,legado,NPS_Q1_2026_ENVIADO_MARCO.xlsx,pharus,,aba PHARUS da planilha,MARÇO
2026-Q1,Mar/2026,2026-03-24 14:04,Isabela Bezri Pennini,isabela bezri pennini,PHARUS,Abner Braga,9.0,Promotor,10.0,,,,,,,"Entendi o método, mas ainda não implementei o suficiente",,,"Experiência completa de construção de patrimônio. O valor, porém, é bem alto.",,,,,legado,NPS_Q1_2026_ENVIADO_MARCO.xlsx,pharus,,aba PHARUS da planilha,MARÇO
2026-Q1,Mar/2026,2026-03-24 16:48,Rene Carvalho Bayma,rene carvalho bayma,PHARUS,Ariel Phelipe Zocoli,7.0,Neutro,8.0,,,,,,"Em progresso, mas com dúvidas",Estou travado em alguma parte e preciso de ajuda,,"Melhorar a explicação e acompanhamento na operacionalização prática de cada mecanismo de construção de patrimônio. Dar mais suporte prático nesse ponto. Por exemplo: mais praticidade no momento de contratar consórcio e escolher a melhor opção; mais praticidade nos leilões, na compra de studios etc. E qual a projeção de tempo e renda em cada mecanismo no caso concreto de cada cliente.",,Ter mais explicações claras e que passem segurança na parte prática de operacionalizar os mecanismos com base no estudo da minha situação financeira atual.,"Sinto falta de uma explicação mais clara e segura de uma projeção para cada mecanismo na minha situação financeira específica. Também acredito que o estrategista poderia levar em consideração alguns planos pessoais, por exemplo: se tenho um plano de comprar um carro novo (ou uma viagem, ou mudar de casa para uma melhor), como isso poderia se encaixar no planejamento e nos mecanismos de construção de ativos, de modo a ficar bem claro como se fosse para uma criança de 12 anos entender.",,,legado,NPS_Q1_2026_ENVIADO_MARCO.xlsx,pharus,,aba PHARUS da planilha,MARÇO
2026-Q1,Mar/2026,2026-03-24 17:49,Fernando Koboldt Machado,fernando koboldt machado,PHARUS,Carlos Serafim,10.0,Promotor,10.0,,,,,,,Tenho clareza e estou executando com consistência,,,,Ter bons retornos e total clareza e acesso a todos os empreendimentos. A consistência da Quarta Via é o segredo de nosso sucesso.,Ainda não tenho total clareza de todos os ciclos e passos do processo. Ainda me é um pouco confusa todo a teoria da quarta via.,,,legado,NPS_Q1_2026_ENVIADO_MARCO.xlsx,pharus,,aba PHARUS da planilha,cadastro 2026-T2
2026-Q1,Mar/2026,2026-03-24 18:03,Daniel Paulo da Silva,daniel paulo da silva,PHARUS,Carlos Serafim,10.0,Promotor,10.0,10.0,4.0,,,Não,,,,,"Ajuda na reestruturação do pensamento e atitudes em relação ao dinheiro, como usá-lo de maneira que ele possa trabalhar a meu favor, vislumbrando um futuro onde eu não necessite mais trabalhar para ganhar, podendo escolher viver dos rendimentos advindos dos investimentos e ativos sugeridos pela equipe.",Continuar a perceber os resultados práticos de toda a filosofia financeira que está sendo implementada através do programa,Até aqui tem sido muito bom poder contar com alguém para me ajudar a tomar melhores decisões financeiras.,8.0,10/2025,nova jornada (backoffice/QV360),NPS_Q1_2026_ENVIADO_MARCO.xlsx,pharus 2,,aba PHARUS da planilha,MARÇO
2026-Q1,Mar/2026,2026-03-24 21:17,Gustavo Coelho Navarro,gustavo coelho navarro,PHARUS,Carlos Serafim,6.0,Detrator,10.0,,,,,,Estagnado ou travado,"Entendi o método, mas ainda não implementei o suficiente",,8.0,,Mais tempo para captação de capital,"Proximidade com o método, quanto ver mais se vê, mais se segue. Compromisso semanais torna a frequência ativa…",,,legado,NPS_Q1_2026_ENVIADO_MARCO.xlsx,pharus,,aba PHARUS da planilha,MARÇO
2026-Q1,Mar/2026,2026-03-24 21:27,Antônio Campanile Neto,antonio campanile neto,PHARUS,Carlos Serafim,9.0,Promotor,9.0,,,,,,"Em progresso, mas com dúvidas","Entendi o método, mas ainda não implementei o suficiente",,,,Execução com resultados,Não,,,legado,NPS_Q1_2026_ENVIADO_MARCO.xlsx,pharus,,aba PHARUS da planilha,MARÇO
2026-Q1,Mar/2026,2026-03-24 21:54,Augusto Eduardo Goncalves Walter,augusto eduardo goncalves walter,PHARUS,Carlos Serafim,10.0,Promotor,10.0,,,,,,"Em progresso, mas com dúvidas","Entendi o método, mas ainda não implementei o suficiente",,,,Vendo progresso real do programa no 1° ano de parceria.,Acredito que deveríamos criar uma conta separada para esses investimentos e aportes para podermos mensurar o progresso real.,,,legado,NPS_Q1_2026_ENVIADO_MARCO.xlsx,pharus,,aba PHARUS da planilha,MARÇO
2026-Q1,Mar/2026,2026-03-25 06:10,Frederico Gideoni Albinati Batista,frederico gideoni albinati batista,PHARUS,Carlos Serafim,10.0,Promotor,10.0,,,,,,"Em progresso, mas com dúvidas","Entendi o método, mas ainda não implementei o suficiente",,,Forma geral de como lidar com os investimentos,Observar na prática os retornos dos mecanismos implementados,No momento não,,,legado,NPS_Q1_2026_ENVIADO_MARCO.xlsx,pharus,,aba PHARUS da planilha,MARÇO
2026-Q1,Mar/2026,2026-03-25 09:18,Edson Luis Gomes,edson luis gomes,PHARUS,Carlos Serafim,10.0,Promotor,10.0,,,,,,Totalmente no caminho,Tenho clareza e estou executando com consistência,,,"Gosto da ideia de ter a possibilidade de participar de mecanismos que, sozinho, não teria possibilidade de conseguir",Ter um valor mais acessível para os próximos anos e poder entrar no Davos quando viável.,"Em geral, estou satisfeito",,,legado,NPS_Q1_2026_ENVIADO_MARCO.xlsx,pharus,,aba PHARUS da planilha,MARÇO
2026-Q1,Mar/2026,2026-03-25 09:38,Marco Antonio Lia,marco antonio lia,PHARUS,Abner Braga,10.0,Promotor,10.0,,,,,,"Em progresso, mas com dúvidas",,,,Orientação,Se eu tiver retorno,Nao,,,legado,NPS_Q1_2026_ENVIADO_MARCO.xlsx,pharus,,aba PHARUS da planilha,MARÇO
2026-Q1,Mar/2026,2026-03-25 11:34,Cecília Teresa Condi Breviglieri,cecilia teresa condi breviglieri,PHARUS,Carlos Serafim,10.0,Promotor,10.0,9.0,4.0,,"Sim, totalmente",Sim,,,,,Pelo esclarecimento técnico e cortes.,"O resultado positivo das metas , quanto ao crescimento patrimonial.",Não.,2.0,01/2026,nova jornada (backoffice/QV360),NPS_Q1_2026_ENVIADO_MARCO.xlsx,pharus 2,,aba PHARUS da planilha,MARÇO
2026-Q1,Mar/2026,2026-03-25 13:59,Karina de Souza Weinmann,karina de souza weinmann,PHARUS,João Gonçalves,0.0,Detrator,5.0,,,,,,,Perdi o vínculo com o projeto e preciso retomar,,,,Resultados.,Não entendi até agora no que ela pode me ajudar. Arrependimento do “investimento”feito.,,,legado,NPS_Q1_2026_ENVIADO_MARCO.xlsx,pharus,,aba PHARUS da planilha,MARÇO
2026-Q1,Mar/2026,2026-03-25 14:04,Viviane Fernandes Barros,viviane fernandes barros,PHARUS,Carlos Serafim,10.0,Promotor,10.0,,,,,,,"Entendi o método, mas ainda não implementei o suficiente",,,,,"Estou iniciando, espero obter bons resultados",,,legado,NPS_Q1_2026_ENVIADO_MARCO.xlsx,pharus,,aba PHARUS da planilha,MARÇO
2026-Q1,Mar/2026,2026-03-25 14:24,Douglas Hebert Coutinho Januário,douglas hebert coutinho januario,PHARUS,Hendrick Dorner,0.0,Detrator,6.0,,,,,,,Perdi o vínculo com o projeto e preciso retomar,,,,"Fiz uma solicitação no início das conversas e disseram que me atenderiam. Depois de um tempo de cobrança, passaram a afirmar que minha solicitação era indevida.","Após 2 meses, todo o material de apoio e estudo do site foi retirado.",,,legado,NPS_Q1_2026_ENVIADO_MARCO.xlsx,pharus,,aba PHARUS da planilha,MARÇO
2026-Q1,Mar/2026,2026-03-25 14:39,José Elias Nogueira Alves,jose elias nogueira alves,PHARUS,João Aliceda,0.0,Detrator,5.0,,,,,,,Estou travado em alguma parte e preciso de ajuda,,"Infelizmente, como meus processos foram suspensão desde abril de 2025 e não tive dinheiro para que o programa pudesse me ajudar. Por isso não sei o que o programa poderia ter feito por mim se eu tivesse com dinheiro para trabalhar.",,Se eu tivesse dinheiro para poder ter orientação e conseguir pagar as minhas contas.,"Infelizmente, por falta de recursos financeiros, não foi possível eu ter qualquer experiência com a QuartaVia, não teve nada a ser feito na minha situação. Pode assistir aos vídeos das minhas reuniões com o meu estrategista.",,,legado,NPS_Q1_2026_ENVIADO_MARCO.xlsx,pharus,,aba PHARUS da planilha,MARÇO
2026-Q1,Mar/2026,2026-03-25 14:50,Salma Bakhit,salma bakhit,PHARUS,João Gonçalves,9.0,Promotor,9.0,,,,,,"Em progresso, mas com dúvidas","Entendi o método, mas ainda não implementei o suficiente",,,Honestidade e suporte,Seguir com o mesmo processo,,,,legado,NPS_Q1_2026_ENVIADO_MARCO.xlsx,pharus,,aba PHARUS da planilha,MARÇO
2026-Q1,Mar/2026,2026-03-25 14:50,Daniel Lin Santos,daniel lin santos,PHARUS,Cleuber Anicesio,8.0,Neutro,10.0,,,,,,,Tenho clareza e estou executando com consistência,,,,Possibilidade de participação nos negócios desenvolvidos pelo ecossistema,Não,,,legado,NPS_Q1_2026_ENVIADO_MARCO.xlsx,pharus,,aba PHARUS da planilha,MARÇO
2026-Q1,Mar/2026,2026-03-25 14:58,Marcos Roberto Takimoto,marcos roberto takimoto,PHARUS,Junior Teixeira,10.0,Promotor,10.0,,,,,,,"Entendi o método, mas ainda não implementei o suficiente",,,,Capacidade de pagamento,"Esta experiência transformou minha percepção sobre a conjuntura econômica e as oportunidades de rentabilidade. Teria sido extremamente benéfico ter tido contato com sua equipe há quatro anos; sem dúvida, minha situação atual seria consideravelmente mais próspera.",,,legado,NPS_Q1_2026_ENVIADO_MARCO.xlsx,pharus,,aba PHARUS da planilha,MARÇO
2026-Q1,Mar/2026,2026-03-25 15:43,Igor Francielly De Medeiros Dantas,igor francielly de medeiros dantas,PHARUS,Leonardo Palaver Pereira,0.0,Detrator,3.0,,,,,,,Estou travado em alguma parte e preciso de ajuda,,,,"Nao tenho a mínima pretensão.  Passaram-se 1 ano e a única coisa que obtive foi o ""prejuizo"" com o pagamento desse serviço de vocês. O que me restou foram umas cartas de consorcio que me disseram serem de fácil venda porém, nem retorno recebo mais. Em suma, agora fiquei com um produto que nao queria acreditando na seriedade do trabalho de vocês",Ja respondi anteriormente. Foi péssima,,,legado,NPS_Q1_2026_ENVIADO_MARCO.xlsx,pharus,,aba PHARUS da planilha,MARÇO
2026-Q1,Mar/2026,2026-03-25 17:59,Paulo Ernesto Tofano Neto,paulo ernesto tofano neto,PHARUS,Carlos Serafim,9.0,Promotor,9.0,,,,,,,"Entendi o método, mas ainda não implementei o suficiente",,,,Nao sei dizer ainda,Como não sou da área precisaria repetir talvez a palestra do Adrian para compreender os termos melhor.,,,legado,NPS_Q1_2026_ENVIADO_MARCO.xlsx,pharus,,aba PHARUS da planilha,MARÇO
2026-Q1,Mar/2026,2026-03-25 18:41,Henrique Urakawa Mendes,henrique urakawa mendes,PHARUS,Leonardo Palaver Pereira,0.0,Detrator,0.0,,,,,,Desacreditei do método,Estou travado em alguma parte e preciso de ajuda,,"Tudo, ter transparência, um calendário claro , movimento das operações e opções delas visíveis com comparativos dos ativos , as operações casadas como estão momento a momento, começo meio e fim das operações",,"Que tudo mudasse com mais profissionalismo, informação aos clientes  não é opção ao meu ver é profissionalismo obrigatório e principalmente resultados a contento e ao tempo estimado explicado de forma clara e transparente",,,,legado,NPS_Q1_2026_ENVIADO_MARCO.xlsx,pharus,,aba PHARUS da planilha,MARÇO
2026-Q1,Mar/2026,2026-03-25 19:49,Bruno Vieira Zago,bruno vieira zago,PHARUS,Gustavo Papeschi Mariano,9.0,Promotor,10.0,9.0,3.0,,"Sim, em grande parte",Sim,,,,,Oportunidades exclusivas e apoio/comodidade na execução,Conseguir tangebilizar o resultado da estratégia,NA,5.0,10/2025,nova jornada (backoffice/QV360),NPS_Q1_2026_ENVIADO_MARCO.xlsx,pharus 2,,aba PHARUS da planilha,MARÇO
2026-Q1,Mar/2026,2026-03-25 19:55,Janete Perin Turazzi,janete perin turazzi,PHARUS,Leonardo Palaver Pereira,1.0,Detrator,5.0,,,,,,Desacreditei do método,Estou travado em alguma parte e preciso de ajuda,,,,"Não tenho dinheiro para continuar, caro demais, sem retorno no meu caso",Não recomendo,,,legado,NPS_Q1_2026_ENVIADO_MARCO.xlsx,pharus,,aba PHARUS da planilha,MARÇO
2026-Q1,Mar/2026,2026-03-25 20:28,Beatriz de Almeida Cingi Siqueira,beatriz de almeida cingi siqueira,PHARUS,Gabriel Oliveira,10.0,Promotor,10.0,,,,,,,Tenho clareza e estou executando com consistência,,,.,,,,,legado,NPS_Q1_2026_ENVIADO_MARCO.xlsx,pharus,,aba PHARUS da planilha,MARÇO
2026-Q1,Mar/2026,2026-03-25 20:38,Filipe Fernandes Campos,filipe fernandes campos,PHARUS,Carlos Serafim,8.0,Neutro,9.0,10.0,1.0,,"Sim, em grande parte",Sim,,,,"Ter um plano mais bem estruturado com datas, investimentos, previsao de retorno. Um plano de agenda anual com objetivos de cada agenda enviados com antecedencia. O Cadu eh otimo mas sinto que falta um pouco de gestao do programa como um todo, algo que seja padrao do programa. De pontos positivos, entendimento da minha necessidade pelo Cadu, explicacao clara das estratégias e segurança nas sugestoes.",,"Ter claro a meta anual e atingi-la. Ter claro as metas e planos de longo prazo, mesmo que eles mudem. Sem plano e meta nao há gestão. Sem gestao nao ha resultado.",Esta sendo boa mas vejo potencial para que seja otima.,2.0,10/2025,nova jornada (backoffice/QV360),NPS_Q1_2026_ENVIADO_MARCO.xlsx,pharus 2,,aba PHARUS da planilha,MARÇO
2026-Q1,Mar/2026,2026-03-25 21:21,Mirian Cristina Vieira Otoni,mirian cristina vieira otoni,PHARUS,Carlos Serafim,7.0,Neutro,9.0,9.0,3.0,,Mais ou menos,Sim,,,,"Minha sugestão é que a assessoria implementasse um Hub de Conexão Intragrupos. A ideia é criar uma ponte entre investidores em estágios diferentes da jornada patrimonial.
Muitas vezes, quem está no início (como eu) precisa de liquidez para girar o capital inicial — por exemplo, através da venda de um imóvel. No outro extremo, temos os investidores maduros que já estão na fase de alocação em ativos reais e imobiliários. Ao internalizar essa vitrine, a assessoria acelera a jornada do iniciante e oferece oportunidades curadas para o veterano, mantendo o patrimônio e as taxas dentro da própria casa.",,Ver resultados concretos,"Eu acho que para o meu momento de vida atual, não estou conseguindo obter nesses meses de investimento, um retorno financeiro compatível.",4.0,11/2025,nova jornada (backoffice/QV360),NPS_Q1_2026_ENVIADO_MARCO.xlsx,pharus 2,,aba PHARUS da planilha,MARÇO
2026-Q1,Mar/2026,2026-03-25 21:28,Felipe Fajioli Lara,felipe fajioli lara,PHARUS,Carlos Serafim,9.0,Promotor,10.0,,,,,,,"Entendi o método, mas ainda não implementei o suficiente",,,"Por enquanto, muita transparência nas indicações e orientações",,,,,legado,NPS_Q1_2026_ENVIADO_MARCO.xlsx,pharus,,aba PHARUS da planilha,MARÇO
2026-Q1,Mar/2026,2026-03-25 21:32,Paolo Henrique Cassano,paolo henrique cassano,PHARUS,Cleuber Anicesio,9.0,Promotor,10.0,,,,,,"Em progresso, mas com dúvidas",,,,,,,,,legado,NPS_Q1_2026_ENVIADO_MARCO.xlsx,pharus,,aba PHARUS da planilha,MARÇO
2026-Q1,Mar/2026,2026-03-25 21:45,Elisandra Patrícia Scariot Martins,elisandra patricia scariot martins,PHARUS,Cleuber Anicesio,10.0,Promotor,10.0,,,,,,,Tenho clareza e estou executando com consistência,,,"Clareza sobre como o dinheiro realmente funciona e, principalmente, como transformar isso em decisões estratégicas para a vida.",,Time sempre muito atencioso.,,,legado,NPS_Q1_2026_ENVIADO_MARCO.xlsx,pharus,,aba PHARUS da planilha,MARÇO
2026-Q1,Mar/2026,2026-03-26 07:19,Jônatas Daia da Costa,jonatas daia da costa,PHARUS,Carlos Serafim,9.0,Promotor,10.0,,,,,,,"Entendi o método, mas ainda não implementei o suficiente",,,,O método por si só é suficiente,Não,,,legado,NPS_Q1_2026_ENVIADO_MARCO.xlsx,pharus,,aba PHARUS da planilha,MARÇO
2026-Q1,Mar/2026,2026-03-26 07:40,Rafael Baima de Melo Lima,rafael baima de melo lima,PHARUS,Tales Salinas Rozo,10.0,Promotor,10.0,,,,,,,Tenho clareza e estou executando com consistência,,,Cordialidade e confiança,,,,,legado,NPS_Q1_2026_ENVIADO_MARCO.xlsx,pharus,,aba PHARUS da planilha,MARÇO
2026-Q1,Mar/2026,2026-03-26 08:16,Rafael Vasconcelos Alencar,rafael vasconcelos alencar,PHARUS,Tales Salinas Rozo,9.0,Promotor,9.0,,,,,,,"Entendi o método, mas ainda não implementei o suficiente",,,,Entregas e valores,Não,,,legado,NPS_Q1_2026_ENVIADO_MARCO.xlsx,pharus,,aba PHARUS da planilha,MARÇO
2026-Q1,Mar/2026,2026-03-26 08:44,Pollyana Cristina,pollyana cristina,PHARUS,Tales Salinas Rozo,10.0,Promotor,10.0,,,,,,Totalmente no caminho,"Entendi o método, mas ainda não implementei o suficiente",,,,,Não.,,,legado,NPS_Q1_2026_ENVIADO_MARCO.xlsx,pharus,,aba PHARUS da planilha,MARÇO
2026-Q1,Mar/2026,2026-03-26 09:13,Sarah de Sousa Freitas,sarah de sousa freitas,PHARUS,Tiago Junior,10.0,Promotor,10.0,,,,,,Totalmente no caminho,"Entendi o método, mas ainda não implementei o suficiente",,,A maneira de conduzir e orientar nas tomadas de decisoes que temos que realizar.,Conseguir enxergar atraves de dados reais (meu crescimento patrimonial e ativos) que o metodo realmente esta levando minha familia para outro patamar,.,,,legado,NPS_Q1_2026_ENVIADO_MARCO.xlsx,pharus,,aba PHARUS da planilha,MARÇO
2026-Q1,Mar/2026,2026-03-26 09:44,Denis Heringer Pereira,denis heringer pereira,PHARUS,Hendrick Dorner,5.0,Detrator,5.0,,,,,,Estagnado ou travado,Estou travado em alguma parte e preciso de ajuda,,"Queria começar dizendo que gosto da proposta do trabalho de vocês e vejo valor no que foi apresentado inicialmente.

Ao longo desse último ano, porém, tive a sensação de que não conseguimos avançar como esperado. Algumas entregas demoraram mais do que o previsto, outras não se concretizaram, e em alguns momentos senti falta de maior clareza, principalmente nas justificativas que foram apresentadas.

Também reconheço que, do meu lado, enfrentei alguns desafios (principalmente com obras), o que acabou dificultando a execução de parte das iniciativas. Ainda assim, acredito que o resultado final ficou aquém do que eu esperava ao iniciar a parceria.",,"Quero ser transparente no meu feedback.

Entrei com uma expectativa alta em relação ao trabalho de vocês, mas, olhando o último ano, não sinto que o investimento se justificou. Entendo que tive questões do meu lado que impactaram a execução, mas, ainda assim, senti falta de maior proatividade, clareza nas justificativas e agilidade nas devoluções.

Dito isso, acredito que se ajustarmos esses pontos temos tudo para termos muito sucesso na nossa parceria.","Além de tudo que já mencionei, minha última reunião com meu novo estrategista foi bem produtiva, e a última live também foi muito animadora ao conhecer os projetos e as possibilidades futuras.

É muito positivo ver essa evolução. Acredito que, ajustando os pontos que mencionei, temos tudo para termos muito sucesso e seguirmos juntos.",,,legado,NPS_Q1_2026_ENVIADO_MARCO.xlsx,pharus,,aba PHARUS da planilha,MARÇO
2026-Q1,Mar/2026,2026-03-26 09:59,Juliana Neumeister Dalcin,juliana neumeister dalcin,PHARUS,Abner Braga,5.0,Detrator,8.0,,,,,,"Em progresso, mas com dúvidas","Entendi o método, mas ainda não implementei o suficiente",,"tenho dificuldade em compreender informações sobre como, quando e onde investir, gostaria que essas orientações fossem discriminadas por escrito",,"mensagens mais claras e práticas para usuários com pouca compreensão sobre o mundo financeiro. Veja bem, se estou num grupo de otimização é pq não consigo sozinha, então, gostaria que as informações fossem mais passo-a-passo com explicações de pq e como","por vezes são passas informações e combinados que fico no aguardo e os mesmos não chegam, em vários momentos no ano passado fiquei aguardando orientações ao longo do mês, as mesmas não chegaram mesmo após questionar",,,legado,NPS_Q1_2026_ENVIADO_MARCO.xlsx,pharus,,aba PHARUS da planilha,MARÇO
2026-Q1,Mar/2026,2026-03-26 10:35,Andre Colombo Bermudez,andre colombo bermudez,PHARUS,Tiago Junior,10.0,Promotor,10.0,10.0,3.0,,"Sim, totalmente",Sim,,,,,o Apoio e orientação muito proximo da quarta via atraves do gestor patrimonial,Observar minha evolução patrimonial crescente em ativos,.,7.0,10/2025,nova jornada (backoffice/QV360),NPS_Q1_2026_ENVIADO_MARCO.xlsx,pharus 2,,aba PHARUS da planilha,MARÇO
2026-Q1,Mar/2026,2026-03-26 15:24,Danilo Soares Santana,danilo soares santana,PHARUS,Cleuber Anicesio,10.0,Promotor,9.0,8.0,5.0,,,Não,,,,,Confiança,Retorno  financeiro,Não,5.0,10/2025,nova jornada (backoffice/QV360),NPS_Q1_2026_ENVIADO_MARCO.xlsx,pharus 2,,aba PHARUS da planilha,MARÇO
2026-Q1,Mar/2026,2026-03-26 15:29,Guiomara Steinbach,guiomara steinbach,PHARUS,Cleuber Anicesio,10.0,Promotor,10.0,10.0,5.0,,"Sim, totalmente",Sim,,,,,"A atenção,  o comprometimento e  parceria do Cleuber, que me ajuda a implementar meus projetos",Atingir as metas que me foram propostas e continuar com meu estrategista,Não,13.0,10/2025,nova jornada (backoffice/QV360),NPS_Q1_2026_ENVIADO_MARCO.xlsx,pharus 2,,aba PHARUS da planilha,MARÇO
2026-Q1,Mar/2026,2026-03-26 15:39,Edvaldo da Costa Oliveira,edvaldo da costa oliveira,PHARUS,Cleuber Anicesio,10.0,Promotor,10.0,10.0,5.0,,"Sim, em grande parte",Sim,,,,,Atendimento  e conhecimento,Depende do resultado  nos 12 meses contratados,Não,4.0,10/2025,nova jornada (backoffice/QV360),NPS_Q1_2026_ENVIADO_MARCO.xlsx,pharus 2,,aba PHARUS da planilha,MARÇO
2026-Q1,Mar/2026,2026-03-26 16:11,Pablo Resende Saa,pablo resende saa,PHARUS,Tiago Junior,0.0,Detrator,0.0,,,,,,Desacreditei do método,Perdi o vínculo com o projeto e preciso retomar,,,,,Experiência péssima! Me fizeram adquirir 5 cartas de consórcio péssimas. Tentaram me fazer adquirir um imóvel com preço superfaturado em relação a outros imóveis semelhantes na mesma região. Para mim a impressão que ficou é péssimas  que vocês são somente  mais uma equipe de vendedores de cursos.,,,legado,NPS_Q1_2026_ENVIADO_MARCO.xlsx,pharus,,aba PHARUS da planilha,MARÇO
2026-Q1,Mar/2026,2026-03-26 16:24,Neila Hagge Belloni de Medeiros,neila hagge belloni de medeiros,PHARUS,Willian Sobral,10.0,Promotor,10.0,,,,,,"Em progresso, mas com dúvidas","Entendi o método, mas ainda não implementei o suficiente",,,Gostei muito da atuaçao dos assessores Victor e Raphael e todo conhecimento que adquiri foi muito.importante.,Estar em outro momento de investimentos. Nesse momento estou com outros compromissos financeiros que me impedem de renovar o contrato.,Aprendi muito sobre as estratégias e parabenizo toda equipe pelo excelente trabalho.,,,legado,NPS_Q1_2026_ENVIADO_MARCO.xlsx,pharus,,aba PHARUS da planilha,MARÇO
2026-Q1,Mar/2026,2026-03-26 16:36,Amauri Emboava de Araujo,amauri emboava de araujo,PHARUS,Carlos Serafim,10.0,Promotor,10.0,8.0,1.0,,"Sim, em grande parte",Sim,,,,,Opções oferecidas para alavancar patrimônio.,"Ter clareza quanto as ferramentas que usaremos para evolução do meu patrimônio, uma estimativa de qual valor patrimonial terei daqui 5 anos e os riscos associados.",Obrigado,7.0,07/2025,nova jornada (backoffice/QV360),NPS_Q1_2026_ENVIADO_MARCO.xlsx,pharus 2,,aba PHARUS da planilha,MARÇO
2026-Q1,Mar/2026,2026-03-26 17:08,Fabio Eduardo Scarabelot,fabio eduardo scarabelot,PHARUS,Tiago Junior,7.0,Neutro,9.0,,,,,,,,,"Acredito que o trabalho ofertado seja mais valioso para pessoas mais leigas em economia e finanças pessoais, do que para pessoas com maior conhecimento",,Resultados concretos financeiros,"A impressão que tive até o momento, com o devido respeito, é que a contrapartida ofertada pelo valor pago pela consultoria ficou abaixo do esperado. Até o momento, estou aguardando para ver melhoras quanto as oportunidades oferecidas, dentro da idéia de marketing apresentada. Entendi por arriscadas as estratégias até então apresentadas para  implementação, com potencial risco de perdas. Não há disponibilidade de informação estatística ao participante, de forma formatada, sobre determinada estratégia, que permita a este tomar decisões com maior segurança econheciemnto dos riscos envolvidos.",,,legado,NPS_Q1_2026_ENVIADO_MARCO.xlsx,pharus,,aba PHARUS da planilha,MARÇO
2026-Q1,Mar/2026,2026-03-26 17:21,Marcos Roberto Dos Santos,marcos roberto dos santos,PHARUS,Tiago Junior,8.0,Neutro,7.0,,,,,,Estagnado ou travado,Estou travado em alguma parte e preciso de ajuda,,,,"Participar de estratégia que condiz com o meu cenário econômico atual.
Neste meu primeiro ano, ainda não fui orientado a entrar em nenhuma opção de estratégia.","Quando participei do treinamento com o Adam a respeito do Pharus, antes de eu entrar perguntei se com o meu momento econômico daria para participar.  O Adam falou que sim e se caso em 1 ano não obtivesse resultado positivo,  teria uma mentoria individual com o Adam e acompanhamento.",,,legado,NPS_Q1_2026_ENVIADO_MARCO.xlsx,pharus,,aba PHARUS da planilha,MARÇO
2026-Q1,Mar/2026,2026-03-26 17:35,Eduardo Marinho Tassi,eduardo marinho tassi,PHARUS,Abner Braga,9.0,Promotor,8.0,10.0,4.0,,Mais ou menos,Sim,,,,,"conteúdo bom, estrutura de atendimento, metodologia","no momento não pretendo continuar, por questões pessoais",Já respondi ao questionário para cancelar o programa,,,nova jornada (backoffice/QV360),NPS_Q1_2026_ENVIADO_MARCO.xlsx,pharus 2,,aba PHARUS da planilha,MARÇO
2026-Q1,Mar/2026,2026-03-26 17:56,Natalia Honorato Coelho Silva,natalia honorato coelho silva,PHARUS,Willian Oliveira Schimidt,0.0,Detrator,9.0,,,,,,Desacreditei do método,Estou travado em alguma parte e preciso de ajuda,,Informações mais claras,,"Ter êxito me faria continuar, porém não tive.",Eu entrei no Quartavia com a esperança de um equilíbrio financeiro e um aprendizado para construir meu patrimônio. Porém só me decepcionei.,,,legado,NPS_Q1_2026_ENVIADO_MARCO.xlsx,pharus,,aba PHARUS da planilha,MARÇO
2026-Q1,Mar/2026,2026-03-26 19:12,Osvan De Sousa Rocha Junior,osvan de sousa rocha junior,PHARUS,Tiago Junior,0.0,Detrator,5.0,,,,,,Desacreditei do método,,,"Ser mais transparente na proposta. Eu entrei no programa com a promessa de que iria ter consultoria na área financeira, principalmente em como investir em leilão e não tinha nada disso no programa. Realmente me senti lesado. Foi o pior investimento que fiz na minha vida",,"Nada, não invisto mais nenhum centavo em vocês",,,,legado,NPS_Q1_2026_ENVIADO_MARCO.xlsx,pharus,,aba PHARUS da planilha,MARÇO
2026-Q1,Mar/2026,2026-03-26 20:03,Heber Augusto Lara Cunha,heber augusto lara cunha,PHARUS,Tales Salinas Rozo,10.0,Promotor,10.0,,,,,,Totalmente no caminho,,,,,Confiança no processo,,,,legado,NPS_Q1_2026_ENVIADO_MARCO.xlsx,pharus,,aba PHARUS da planilha,MARÇO
2026-Q1,Mar/2026,2026-03-26 21:23,Fabrício Figueiredo de Alencar,fabricio figueiredo de alencar,PHARUS,Cleuber Anicesio,10.0,Promotor,10.0,10.0,5.0,,"Sim, em grande parte",Sim,,,,,Orientações e disponibilidade do consultor,Resultados,"Entendo que o sucesso depende dos dois lados do processo, e nesse sentido, nós como clientes, precisamos também implementar e nos dedicar corretamente à implementação das estratégias",6.0,10/2025,nova jornada (backoffice/QV360),NPS_Q1_2026_ENVIADO_MARCO.xlsx,pharus 2,,aba PHARUS da planilha,MARÇO
2026-Q1,Mar/2026,2026-03-27 09:29,Alex Guimaraes Higa,alex guimaraes higa,PHARUS,Willian Sobral,10.0,Promotor,10.0,,,,,,,"Entendi o método, mas ainda não implementei o suficiente",,,Atenção e dedicação do gestor,,Por enquanto nada a acrescentar,,,legado,NPS_Q1_2026_ENVIADO_MARCO.xlsx,pharus,,aba PHARUS da planilha,MARÇO
2026-Q1,Mar/2026,2026-03-27 09:34,Fabio Henrique Bentivoglio Pereira,fabio henrique bentivoglio pereira,PHARUS,Junior Teixeira,10.0,Promotor,10.0,,,,,,"Em progresso, mas com dúvidas",,,,"Atenção, confiança e planejamento",Ver os resultados e objetivos se concretizando,,,,legado,NPS_Q1_2026_ENVIADO_MARCO.xlsx,pharus,,aba PHARUS da planilha,MARÇO
2026-Q1,Mar/2026,2026-03-27 10:23,Carlos Alberto de Andrade Peixoto,carlos alberto de andrade peixoto,PHARUS,Tiago Junior,9.0,Promotor,10.0,,,,,,Totalmente no caminho,Tenho clareza e estou executando com consistência,,,,A evolução positiva dos investimentos,Não,,,legado,NPS_Q1_2026_ENVIADO_MARCO.xlsx,pharus,,aba PHARUS da planilha,MARÇO
2026-Q1,Mar/2026,2026-03-27 11:08,Gisele Menezes Vilela Valente Rodrigues,gisele menezes vilela valente rodrigues,PHARUS,Rodrigo Amorim,0.0,Detrator,10.0,8.0,4.0,,,Não,,,,"Organizar melhor o fluxo de informações. São muitos grupos, muitas mensagens e pouca clareza quanto aos negócios.",,Resultados,Mais clareza,1.0,01/2026,nova jornada (backoffice/QV360),NPS_Q1_2026_ENVIADO_MARCO.xlsx,pharus 2,,aba PHARUS da planilha,MARÇO
2026-Q1,Mar/2026,2026-03-27 15:32,Lenis Laura Alvarez Colpaert,lenis laura alvarez colpaert,PHARUS,Cleuber Anicesio,10.0,Promotor,10.0,,,,,,"Em progresso, mas com dúvidas",Perdi o vínculo com o projeto e preciso retomar,,,Atendimento e suporte efetivo,Continuar tendo o suporte efetivo que tenho agora.,não,,,legado,NPS_Q1_2026_ENVIADO_MARCO.xlsx,pharus,,aba PHARUS da planilha,MARÇO
2026-Q1,Mar/2026,2026-03-27 18:52,Erick Ikson,erick ikson,PHARUS,Willian Sobral,9.0,Promotor,10.0,,,,,,"Em progresso, mas com dúvidas","Entendi o método, mas ainda não implementei o suficiente",,,Ainda estou no caminho para opinar mais seguramente,Uma maior conexão entre a minha visão empresarial e o método. Como orientação sobre organização patrimonial não apenas na pessoa física já que possui empreendimentos próprios.,No momento não,,,legado,NPS_Q1_2026_ENVIADO_MARCO.xlsx,pharus,,aba PHARUS da planilha,MARÇO
2026-Q1,Mar/2026,2026-03-27 21:58,Luanna Rodrigues Dantas de Oliveira,luanna rodrigues dantas de oliveira,PHARUS,João Aliceda,1.0,Detrator,3.0,,,,,,Desacreditei do método,,,,,Com certeza nao continuaria,,,,legado,NPS_Q1_2026_ENVIADO_MARCO.xlsx,pharus,,aba PHARUS da planilha,MARÇO
2026-Q1,Mar/2026,2026-03-28 11:59,Lucelia Campelo De Melo,lucelia campelo de melo,PHARUS,João Gonçalves,10.0,Promotor,10.0,10.0,3.0,,"Sim, em grande parte",Sim,,,,,"Opções de investimento, atenção",Fazer parte do time,Não,,09/2025,nova jornada (backoffice/QV360),NPS_Q1_2026_ENVIADO_MARCO.xlsx,pharus 2,,aba PHARUS da planilha,MARÇO
2026-Q1,Mar/2026,2026-03-30 12:41,Juliana Matos da Silva,juliana matos da silva,PHARUS,Samuel Araújo,10.0,Promotor,10.0,,,,,,Totalmente no caminho,,,,Acompanhamento regular e boas propostas para o objetivo definido,Segurança e confiança nas estratégias implementadas,"Excelente estrategista. Claro, passa segurança e confiança",,,legado,NPS_Q1_2026_ENVIADO_MARCO.xlsx,pharus,,aba PHARUS da planilha,MARÇO
2026-Q1,Mar/2026,2026-03-30 13:23,Maria Fernanda Cunha de Figueiredo Torres,maria fernanda cunha de figueiredo torres,PHARUS,Rodrigo Lunardi,10.0,Promotor,10.0,,,,,,"Em progresso, mas com dúvidas",Tenho clareza e estou executando com consistência,,,,Vejo empenho do meu estrategista que sempre me estimula nas estratégias.,,,,legado,NPS_Q1_2026_ENVIADO_MARCO.xlsx,pharus,,aba PHARUS da planilha,MARÇO
2026-Q1,Mar/2026,2026-03-30 13:39,Frederico Augustus Lopes De Oliveira,frederico augustus lopes de oliveira,PHARUS,Rodrigo Lunardi,10.0,Promotor,10.0,10.0,5.0,,"Sim, totalmente",Sim,,,,,Atendimento personalizado,Manutenção da mensalidade,Não,,09/2025,nova jornada (backoffice/QV360),NPS_Q1_2026_ENVIADO_MARCO.xlsx,pharus 2,,aba PHARUS da planilha,MARÇO
2026-Q1,Mar/2026,2026-03-30 14:52,Lauren Cristina Fialho Nether,lauren cristina fialho nether,PHARUS,Rodrigo Lunardi,10.0,Promotor,10.0,,,,,,,"Entendi o método, mas ainda não implementei o suficiente",,,,,,,,legado,NPS_Q1_2026_ENVIADO_MARCO.xlsx,pharus,,aba PHARUS da planilha,MARÇO
2026-Q1,Mar/2026,2026-03-30 19:04,Bruna Amarante Kuhnen,bruna amarante kuhnen,PHARUS,Tiago Junior,10.0,Promotor,10.0,,,,,,Totalmente no caminho,Tenho clareza e estou executando com consistência,,,clareza no atendimento,ter resultados positivos,nao,,,legado,NPS_Q1_2026_ENVIADO_MARCO.xlsx,pharus,,aba PHARUS da planilha,MARÇO
2026-Q1,Mar/2026,2026-03-30 20:24,Vitor de Oliveira Braga,vitor de oliveira braga,PHARUS,Rodrigo Lunardi,8.0,Neutro,9.0,10.0,3.0,,"Sim, em grande parte",Sim,,,,"Não é oq vcs precisam fazer, mas sim começar a ver resultado nos mecanismos",,"Plano sólido a longo prazo, resultados esperados e prometidos, desconto na anuidade para quem já é cliente…",Nao,,,nova jornada (backoffice/QV360),NPS_Q1_2026_ENVIADO_MARCO.xlsx,pharus 2,,aba PHARUS da planilha,MARÇO
2026-Q1,Mar/2026,2026-03-30 21:32,Leandro Coelho Nardi,leandro coelho nardi,PHARUS,Gabriel Oliveira,10.0,Promotor,10.0,8.0,5.0,,"Sim, totalmente",Sim,,,,,Renda passiva,Conquistar meus objetivos,Não,6.0,12/2025,nova jornada (backoffice/QV360),NPS_Q1_2026_ENVIADO_MARCO.xlsx,pharus 2,,aba PHARUS da planilha,MARÇO
2026-Q1,Mar/2026,2026-03-31 10:08,Danielli Bastiani Rodrigues,danielli bastiani rodrigues,PHARUS,Gabriel Oliveira,10.0,Promotor,10.0,10.0,4.0,,"Sim, em grande parte",Sim,,,,,Sinto confiança no que está sendo dito e orientado e me sinto ouvida nas minhas dúvidas/questionamentos.,Continuar a ver os resultados das ações que estou aplicando acontecerem.,-,5.0,07/2025,nova jornada (backoffice/QV360),NPS_Q1_2026_ENVIADO_MARCO.xlsx,pharus 2,,aba PHARUS da planilha,MARÇO
2026-Q1,Mar/2026,2026-03-31 10:12,Marcelo Henrique Nunes de Alcântara,marcelo henrique nunes de alcantara,PHARUS,Willian Sobral,8.0,Neutro,10.0,10.0,2.0,,"Sim, em grande parte",Sim,,,,"Deixar mais claro as condições de continuidade do processo após 1 ano ,as condições!",,"A questão do valor do investidor pra mim é importante pois no momento ainda não tenho renda acima de 20.000,00 então pra eu continuar o valor do investimento pesaria muito mas estou implementando o plano e estou satisfeito com o resultado",No momento é isso,4.0,10/2025,nova jornada (backoffice/QV360),NPS_Q1_2026_ENVIADO_MARCO.xlsx,pharus 2,,aba PHARUS da planilha,MARÇO
2026-Q1,Mar/2026,2026-03-31 12:47,André Felipe Moura,andre felipe moura,PHARUS,Gabriel Oliveira,10.0,Promotor,10.0,,,,,,"Em progresso, mas com dúvidas","Entendi o método, mas ainda não implementei o suficiente",,,Clareza e transparencia na colocação das estratégias !,Resultados concretos .,Parabéns pelo trabalho.,,,legado,NPS_Q1_2026_ENVIADO_MARCO.xlsx,pharus,,aba PHARUS da planilha,MARÇO
2026-Q1,Mar/2026,2026-03-31 15:02,Carlos Miguel Silva Ribeiro,carlos miguel silva ribeiro,PHARUS,Gabriel Oliveira,10.0,Promotor,10.0,,,,,,"Em progresso, mas com dúvidas",,,,,"Uma perspectiva mais claro dos
Processos e possibilidades",,,,legado,NPS_Q1_2026_ENVIADO_MARCO.xlsx,pharus,,aba PHARUS da planilha,MARÇO
2026-Q1,Mar/2026,2026-03-31 16:32,Lean Sartori Silva,lean sartori silva,PHARUS,Gabriel Oliveira,10.0,Promotor,10.0,10.0,5.0,,"Sim, totalmente",Sim,,,,,Abordagem personalizada,A proposta de ter sempre soluções para evoluir meu patrimônio. Daqui 5 anos ele terá outro contexto. E preciso de mais soluções,Obrigado por fazer enxergar melhor o jogo do patrimônio,9.0,12/2025,nova jornada (backoffice/QV360),NPS_Q1_2026_ENVIADO_MARCO.xlsx,pharus 2,,aba PHARUS da planilha,MARÇO
2026-Q1,Mar/2026,2026-03-31 17:29,Flavia Lara Gomes Zapf,flavia lara gomes zapf,PHARUS,Nícolas Alves,7.0,Neutro,10.0,10.0,3.0,,Mais ou menos,Sim,,,,ainda nao estou tendo resultados reais,,"Preciso enxergar os resultados reais, ainda aguardando",nao,2.0,01/2026,nova jornada (backoffice/QV360),NPS_Q1_2026_ENVIADO_MARCO.xlsx,pharus 2,,aba PHARUS da planilha,MARÇO
2026-Q1,Mar/2026,2026-03-31 19:58,Rafael Moreira Lopes,rafael moreira lopes,PHARUS,Thiago Henrique Trova,8.0,Neutro,10.0,10.0,1.0,,"Sim, em grande parte",Sim,,,,"Como estou conhecendo agora, não me senti totalmente seguro quanto a forma dos contratos. Mas tem sido uma boa experiência até aqui!",,Segurança na forma de realizar os aportes!,Não,3.0,02/2026,nova jornada (backoffice/QV360),NPS_Q1_2026_ENVIADO_MARCO.xlsx,pharus 2,,aba PHARUS da planilha,MARÇO
2026-Q1,Mar/2026,2026-03-31 20:15,Mariliza Rodrigues da Silva Luz,mariliza rodrigues da silva luz,PHARUS,Thiago Henrique Trova,4.0,Detrator,7.0,0.0,1.0,,,Não,,,,Acredito que devido ao alto número de alunos que aderem ao programa a atenção para tirar as dúvidas  e o efetivo acompanhamento fica prejudicado.,,Nada. Não é meu momento de ter um estrategista da quarta via. Sinto que a questão de pegar na mão e direcionar não é verdadeiro e o atendimento sempre automatizado impede um atendimento mais humanitário que eu gostaria.,Neste momento não.,1.0,02/2026,nova jornada (backoffice/QV360),NPS_Q1_2026_ENVIADO_MARCO.xlsx,pharus 2,,aba PHARUS da planilha,MARÇO
2026-Q1,Mar/2026,2026-03-31 20:23,Ana Lucia Schirato,ana lucia schirato,PHARUS,Thiago Henrique Trova,10.0,Promotor,10.0,10.0,5.0,,,Não,,,,,Não tive ainda respostas  pq iniciei recentemas já vi vários depoimentos positivos e espero em breve também poder falar bem  com  propriedade...,Resposta positiva do q foi proposto ..,"Não posso afirmar por experiência própria ainda muito cedo 
Mas creio que ficarei satisfeita",1.0,02/2026,nova jornada (backoffice/QV360),NPS_Q1_2026_ENVIADO_MARCO.xlsx,pharus 2,,aba PHARUS da planilha,MARÇO
2026-Q1,Mar/2026,2026-03-31 21:56,Gustavo Pautz Carlos,gustavo pautz carlos,PHARUS,Thiago Henrique Trova,7.0,Neutro,8.0,8.0,3.0,,"Sim, em grande parte",Sim,,,,"Reuniões mais curtas, com maior frequência. Tutorial padrao explicando navegacao da plataforma. Mais assertividade nos números e exemplos reais (simulações dos resultados dos mecanismos e dados que inserir na plataforma, reuniao de ontem nao baseou-se nos meus números, mas nao prejudicou meu entendimento)",,Desconto progressivo no investimento anual com voces (meu custo total anual pra.continuar assessorado por vcs) e ter renda passiva que cubra meus custos mensais familiares (40mil),Por enquanto nao,3.0,02/2026,nova jornada (backoffice/QV360),NPS_Q1_2026_ENVIADO_MARCO.xlsx,pharus 2,,aba PHARUS da planilha,MARÇO
2026-Q1,Mar/2026,2026-03-31 22:30,Sérgio Pimentel Fernandes,sergio pimentel fernandes,PHARUS,Thiago Henrique Trova,9.0,Promotor,9.0,9.0,3.0,,,Não,,,,,A interação com o consultor,Os resultados alcançados,Ainda estou no começo. Espero poder iniciar o processo de aumento de patrimônio,,,nova jornada (backoffice/QV360),NPS_Q1_2026_ENVIADO_MARCO.xlsx,pharus 2,,aba PHARUS da planilha,MARÇO
2026-Q1,Mar/2026,2026-04-01 07:21,Dalynajara Ciarlini Mendes,dalynajara ciarlini mendes,PHARUS,Thiago Henrique Trova,9.0,Promotor,10.0,10.0,3.0,,"Sim, em grande parte",Sim,,,,,A oportunidade de aprender e o fato de ficar à vontade nas reuniões,A transparência e o fato de ter a sensação que agora estou no caminho certo,"Com tantos jogos de interesse no mercado financeiro eu já tinha desistido, espero que vcs continuem sempre com o mesmo objetivo que consegui enxergar em vcs , que é o gosto de ajudar pessoas a se encontrarem financeiramente sem tirar a responsabilidade delas do esforço próprio .",3.0,02/2026,nova jornada (backoffice/QV360),NPS_Q1_2026_ENVIADO_MARCO.xlsx,pharus 2,,aba PHARUS da planilha,MARÇO
2026-Q1,Mar/2026,2026-04-01 10:45,Bruno Diego Longo,bruno diego longo,PHARUS,Thiago Henrique Trova,9.0,Promotor,10.0,10.0,5.0,,,Não,,,,,Clareza nos alinhamentos,Cumprir o planejado e ver de fato meu patrimônio crescer,Terei a reunião de Tração na segunda e acredito que será possível ter mais clareza no processo da Quarta Via,2.0,02/2026,nova jornada (backoffice/QV360),NPS_Q1_2026_ENVIADO_MARCO.xlsx,pharus 2,,aba PHARUS da planilha,MARÇO
2026-Q1,Mar/2026,2026-04-01 11:01,Fernando Carvalho Pedroso,fernando carvalho pedroso,PHARUS,Leonardo Palaver Pereira,5.0,Detrator,5.0,,,,,,Estagnado ou travado,Perdi o vínculo com o projeto e preciso retomar,,Atendimento mais ativo e com mais resultados,,Um atendimento mais próximo e qualificado e principalmente que eu enxergue o resultado de crescimento do meu patrimônio,,,,legado,NPS_Q1_2026_ENVIADO_MARCO.xlsx,pharus,,aba PHARUS da planilha,MARÇO
2026-Q1,Mar/2026,2026-04-01 13:58,Alexandre Mark Staviack,alexandre mark staviack,PHARUS,Samuel Araújo,1.0,Detrator,6.0,,,,,,,Perdi o vínculo com o projeto e preciso retomar,,,,"Ter muita clareza nos investimentos sem promessas não cumpridas com retorno do investimento no prazo de 1 ano( como carta de consórcio a ser contemplado em 6 meses e vender com ágio - entrei para esse produto q nunca foi oferecido - orientação para compra de título IPCA + para revender dps, tb nada foi mencionado), não cobrança de 25 mil ao ano, segurança no investimento com base no contrato ( motivo pelo qual não entrei no leilão e medo de vencer o prazo de 12 meses do acompanhamento e ficar obrigado a renovar para manter a cota do leilão).","Necessidade urgente de rever as promessas oferecidas ao cliente na venda e valor cobrado. Ponto positivo foi o acompanhamento com Samuel, saber mais sobre consórcios ( tive uma arrematação na Porto), oferecimento de compra na planta. Sei que não obtive renda mensal para mais investimentos, mas
Tinha capital para alocar. Mesmo se tivesse investido no leilão não teria o retorno de 25 mil de retorno , não tiveram as aulas quinzenais. Hoje teria lucro de 3 mil reais caso vendo a carta de consórcio. Foi uma
Experiência bem frustrante, gostaria que tivesse acontecido aquilo foi oferecido na venda do serviço.",,,legado,NPS_Q1_2026_ENVIADO_MARCO.xlsx,pharus,,aba PHARUS da planilha,MARÇO
2026-Q1,Mar/2026,2026-04-01 16:36,Kleiton Holanda,kleiton holanda,PHARUS,,10.0,Promotor,10.0,10.0,4.0,,"Sim, totalmente",,,,,,Estamos iniciando mas no caminho adequado.,Resultados sólidos e claros.,"Ainda é muito inicial, mas estamos indo no caminho certo.",,,nova jornada (backoffice/QV360),NPS_Q1_2026_ENVIADO_MARCO.xlsx,pharus 2,,aba PHARUS da planilha,
2026-Q1,Mar/2026,2026-04-02 03:01,Ricardo Rodrigues Fernandes,ricardo rodrigues fernandes,PHARUS,Thiago Henrique Trova,9.0,Promotor,10.0,10.0,4.0,,"Sim, totalmente",,,,,,Ainda estamos muito no início do projeto de estruturação financeira. Mas já deu para perceber a qualidade e a proposta do programa.,Alcançar os resultados esperados e poder continuar contando com o apoio do meu engenheiro patrimonial.,No momento não,,,nova jornada (backoffice/QV360),NPS_Q1_2026_ENVIADO_MARCO.xlsx,pharus 2,,aba PHARUS da planilha,cadastro 2026-T2
2026-Q1,Mar/2026,2026-04-02 06:13,Plínio Marinho de Carvalho,plinio marinho de carvalho,PHARUS,,8.0,Neutro,10.0,,,,,,,Tenho clareza e estou executando com consistência,,Tinha mais expectativas em receber retornos maiores após 1 ano de participação. O custo investido ainda não foi compensado.,,Ter retornos melhores e receber melhores sugestões de investimentos.,O valor cobrado até o momento pelo programa QuartaVia vejo como elevado comparado aos retornos obtidos até o momento.,,,legado,NPS_Q1_2026_ENVIADO_MARCO.xlsx,pharus,,aba PHARUS da planilha,
2026-Q1,Mar/2026,2026-04-02 10:14,Eduardo Filipe Mazzarolo Marques,eduardo filipe mazzarolo marques,PHARUS,,9.0,Promotor,9.0,,,,,,"Em progresso, mas com dúvidas",Tenho clareza e estou executando com consistência,,,Abordagem inovadora de investimentos.,"Melhores condições financeiras, poder investir mais junto, poder também oferecer minha habilidade de viabilidade econômica para auxiliar nos projetos, como contrapartida.",Não.,,,legado,NPS_Q1_2026_ENVIADO_MARCO.xlsx,pharus,,aba PHARUS da planilha,
2026-Q2,Jun–Jul/2026 (T2),2026-06-16 10:36,Julio Sassi,julio sassi,PHARUS,Nícolas Alves,0.0,Detrator,0.0,,,,,,Desacreditei do método,Perdi o vínculo com o projeto e preciso retomar,Não tenho revebido nenhuma ajuda,Entrar em contato com o cliente,,Enxergar utilidade da proposta,Não tenho contato nem apoio,,,typeform 2025-26,historico_typeform.csv,Typeform NPS,x5j315bq9flpduc8zyfx5j3uvbkfdml4,cadastro 2026-T2 (28 dias),cadastro 2026-T2
2026-Q2,Jun–Jul/2026 (T2),2026-06-16 10:44,Jane Cronst,jane cronst,PHARUS,Nelson Marques,10.0,Promotor,10.0,,,,,,"Em progresso, mas com dúvidas","Entendi o método, mas ainda não implementei o suficiente",Confio no que é planejado,,Compromisso e disponibilidade,Se seguir funcionando e atingir as metas propostas,Tudo certo,,,typeform 2025-26,historico_typeform.csv,Typeform NPS,3axg6gcjt83axxqsj5opekc88gxqsj53,cadastro 2026-T2 (respondente) (0 dias),cadastro 2026-T2
2026-Q2,Jun–Jul/2026 (T2),2026-06-16 11:46,Carlos D G de Magalhães,carlos d g de magalhaes,PHARUS,Rodrigo Lunardi,7.0,Neutro,9.0,,,,,,"Em progresso, mas com dúvidas",Tenho clareza e estou executando com consistência,Investimentos principalmente empresa Terra,Acompanhamentos mais próximo com empresas parceiras,,Primeiro ano representar 1/5 de 5 anos em renda passiva proposto no projeto,Não,,,typeform 2025-26,historico_typeform.csv,Typeform NPS,y637d26qezblekpbcoo94ay637d2g12s,base mecanismos (0 dias),base mecanismos
2026-Q2,Jun–Jul/2026 (T2),2026-06-16 14:25,Luis Kazuto Kobayashi,luis kazuto kobayashi,PHARUS,Hendrick Dorner,8.0,Neutro,9.0,,,,,,"Em progresso, mas com dúvidas","Entendi o método, mas ainda não implementei o suficiente",Tempo para saber dos primeiros resultados,Só o tempo poderá mostrar,,Resultados,Não,,,typeform 2025-26,historico_typeform.csv,Typeform NPS,0njl37t25i9a964ywbb0njcpjuhh3nns,base mecanismos (0 dias),base mecanismos
2026-Q2,Jun–Jul/2026 (T2),2026-06-16 14:36,Carla Andrea de Azevedo Miranda,carla andrea de azevedo miranda,PHARUS,Andrieli Campesato,10.0,Promotor,10.0,,,,,,Totalmente no caminho,Tenho clareza e estou executando com consistência,Atenção e profissionalismo na orientação,,A atenção e conhecimento,Os resultados apurados no periodo,Sem mais comentários,,,typeform 2025-26,historico_typeform.csv,Typeform NPS,palqzo5jgpksavk8vpal6arbtemyvlpe,cadastro 2026-T2 (28 dias),cadastro 2026-T2
2026-Q2,Jun–Jul/2026 (T2),2026-06-16 14:36,Danilo Soares Santana,danilo soares santana,PHARUS,Cleuber Anicesio,10.0,Promotor,10.0,,,,,,Totalmente no caminho,Tenho clareza e estou executando com consistência,Domínio  do que fala. Soluções.,,Direcionamento fora da caixa que recebi.,Acelerado resultado,Não,,,typeform 2025-26,historico_typeform.csv,Typeform NPS,ugd4f0r6gxcd7d8dvugd4f0r68pmi1nl,cadastro 2026-T2 (respondente) (0 dias),cadastro 2026-T2
2026-Q2,Jun–Jul/2026 (T2),2026-06-16 14:41,Mauro Silvio da Silva Junior,mauro silvio da silva junior,PHARUS,Willian Oliveira Schimidt,10.0,Promotor,10.0,,,,,,"Em progresso, mas com dúvidas","Entendi o método, mas ainda não implementei o suficiente",Orientações sobre investimentos,,Esclarecimentos e encaminhamento para melhor aplicação financeira,Começar a sentir no bolso o retorno dos investimentos,Por enquanto nenhum outro comentário,,,typeform 2025-26,historico_typeform.csv,Typeform NPS,jorvad4zr3slnjobdhbzbwyq4ufe60bd,base mecanismos (0 dias),base mecanismos
2026-Q2,Jun–Jul/2026 (T2),2026-06-16 15:18,Caio Macieira de Almeida Aguilar,caio macieira de almeida aguilar,PHARUS,Rodrigo Amorim,10.0,Promotor,10.0,,,,,,Totalmente no caminho,Tenho clareza e estou executando com consistência,Atendimento e referência,,Transparência nas informações,Resultados,Estamos bem assessorados,,,typeform 2025-26,historico_typeform.csv,Typeform NPS,247vq1qoaqfus247vqcvwdralqwr0wv1,cadastro 2026-T2 (respondente) (0 dias),cadastro 2026-T2
2026-Q2,Jun–Jul/2026 (T2),2026-06-16 15:24,Marvio Gomes Pessoa,marvio gomes pessoa,PHARUS,Pedro Goulart,8.0,Neutro,9.0,,,,,,Estagnado ou travado,Estou travado em alguma parte e preciso de ajuda,"Passado 03 meses da ativação do programa, minha expectativa era ter uma estratégia definiida de como destravar a minha situação atual. Entrei no projeto, para buscar soluções que provavelmente não estou enxergando e até o momento o proposto são estratégias que já tenho conhecimento e ainda não consegui ver um horizonte de médio prazo.","Ter uma reunião mais voltada para buscar uma alterantiva que destrave o status atual, justamente para tracionar melhor a estratégia.",,"destravar a situação atual, através de mecanismos que não esteja ""enxergando"", para alavancar com as estratégias. Ainda não consegui enxergar uma solução para quem tem um patrimômio relevante e esteja com problema de liquidez.",Acredito que nesse momento preciso de mais ajuda para destravar a situação atual para alavancar o crescimento.,,,typeform 2025-26,historico_typeform.csv,Typeform NPS,09r4k1bgamt33sz9xttp09r4kgqhtlgo,base mecanismos (0 dias),base mecanismos
2026-Q2,Jun–Jul/2026 (T2),2026-06-16 15:42,Maurício Pelegrini,mauricio pelegrini,PHARUS,Gustavo Papeschi Mariano,10.0,Promotor,10.0,,,,,,"Em progresso, mas com dúvidas",Tenho clareza e estou executando com consistência,"atendimento , e atenção",,as sugestões,"os resultados , que até agora não tive nenhum",resultados mais  rápidos,,,typeform 2025-26,historico_typeform.csv,Typeform NPS,95pi98sxjfcfxb95pitox09chivj8s3w,cadastro 2026-T2 (respondente) (0 dias),cadastro 2026-T2
2026-Q2,Jun–Jul/2026 (T2),2026-06-16 15:54,João Batista Oliveira Leal,joao batista oliveira leal,PHARUS,Abner Braga,10.0,Promotor,10.0,,,,,,Totalmente no caminho,Tenho clareza e estou executando com consistência,"Clareza, esclarecimentos e resultados",,Clareza nas explicações,A continuidade dos resultados,Até o momento tá sendo a melhor experiência em investimentos,,,typeform 2025-26,historico_typeform.csv,Typeform NPS,844s1spvq2szyemahv1sqv844s1sp88b,cadastro 2026-T2 (respondente) (0 dias),cadastro 2026-T2
2026-Q2,Jun–Jul/2026 (T2),2026-06-16 16:06,Égly da Silva Valério Borges,egly da silva valerio borges,PHARUS,Gabriel Oliveira,10.0,Promotor,10.0,,,,,,"Em progresso, mas com dúvidas","Entendi o método, mas ainda não implementei o suficiente","Estao sempre disponíveis, e preocupados com o meu objetivo e o tempo que eu disponho",,Pessoal preparado,evolução,.,,,typeform 2025-26,historico_typeform.csv,Typeform NPS,mtlyd03mc51ocltm1hepmtlyd5nfhbkz,base mecanismos (0 dias),base mecanismos
2026-Q2,Jun–Jul/2026 (T2),2026-06-16 16:16,Claudia Susana Lamperti,claudia susana lamperti,PHARUS,Tales Salinas Rozo,10.0,Promotor,10.0,,,,,,"Em progresso, mas com dúvidas","Entendi o método, mas ainda não implementei o suficiente",Atenção e preocupação com o cliente,,A atenção é preocupação com as questões financeiras do cliente,"Eu preciso ter renda, caso contrário, não poderei",Não,,,typeform 2025-26,historico_typeform.csv,Typeform NPS,h8mxwtgfixmv7nh8mv24pejx27dsf4h7,cadastro 2026-T2 (respondente) (0 dias),cadastro 2026-T2
2026-Q2,Jun–Jul/2026 (T2),2026-06-16 16:37,Manoel Vieira Assumpção Junior,manoel vieira assumpcao junior,PHARUS,Pedro Goulart,9.0,Promotor,10.0,,,,,,"Em progresso, mas com dúvidas","Entendi o método, mas ainda não implementei o suficiente","O programa foi muito bem apresentado, mas como ainda estou no início do processo prefiro aguardar minhas expectativas se confirmarem antes de indicar à algum amigo.",,Toda estrutura do programa faz total sentido para mim.,"Ainda no início do processo, preciso de mais tempo para avaliar com assertividade.",Ainda não.,,,typeform 2025-26,historico_typeform.csv,Typeform NPS,138uqljfgudr1w138uaf5y215cd5st04,base mecanismos (0 dias),base mecanismos
2026-Q2,Jun–Jul/2026 (T2),2026-06-16 16:43,William Luiz Chisté,william luiz chiste,PHARUS,Nícolas Alves,10.0,Promotor,10.0,,,,,,Totalmente no caminho,Tenho clareza e estou executando com consistência,Acredito no projeto,,Acreditar no projeto,Retorno financeiro,Nil,,,typeform 2025-26,historico_typeform.csv,Typeform NPS,psqhi1dq84vr8b9k8tppsqhi13m4a2bg,base mecanismos (0 dias),base mecanismos
2026-Q2,Jun–Jul/2026 (T2),2026-06-16 17:02,Camila Gomes Linck,camila gomes linck,PHARUS,Gabriel Oliveira,4.0,Detrator,10.0,,,,,,"Em progresso, mas com dúvidas","Entendi o método, mas ainda não implementei o suficiente","Depende muito do salário de quem eu indicaria, na minha opinião eu indicaria somente pra alguém que ganhar acima de 30k, eu ganho 18k e não achei que esta valendo a pena para mim.","Nada… o trabalho de vcs é legal, mas precisam deixar claro nas propagandas e na live de divulgação que só vale a pena acima de um salario X que com certeza não é os 15k que vcs divulgam…",,Estar ganhando bem mais que 18k.,Nao…,,,typeform 2025-26,historico_typeform.csv,Typeform NPS,7ml05581zcgkl2dw07ml021g33e3a6th,cadastro 2026-T2 (28 dias),cadastro 2026-T2
2026-Q2,Jun–Jul/2026 (T2),2026-06-16 17:11,Estevão Amorim Martins,estevao amorim martins,PHARUS,Carlos Serafim,0.0,Detrator,3.0,,,,,,Desacreditei do método,Tenho clareza e estou executando com consistência,Nao tivemos eficiência no proposto,Entregar o que foi vendidon,,Por agora nada,Nao,,,typeform 2025-26,historico_typeform.csv,Typeform NPS,iu4wh92kojzjhfv2iu4ed6sxk8bq0pib,base mecanismos (0 dias),base mecanismos
2026-Q2,Jun–Jul/2026 (T2),2026-06-16 17:25,Vinicius Moraes Sanches,vinicius moraes sanches,PHARUS,Pedro Goulart,10.0,Promotor,10.0,,,,,,Totalmente no caminho,"Entendi o método, mas ainda não implementei o suficiente",Profissionalismo,,Métodos diversificados de alavancar,Alavancagem,Não,,,typeform 2025-26,historico_typeform.csv,Typeform NPS,5k4713sswhfqqky5k470eny5ewg2av9x,cadastro 2026-T2 (28 dias),cadastro 2026-T2
2026-Q2,Jun–Jul/2026 (T2),2026-06-16 17:28,Márcio Watermann,marcio watermann,PHARUS,Rodrigo Amorim,9.0,Promotor,10.0,,,,,,Totalmente no caminho,Tenho clareza e estou executando com consistência,"Seria 10, mas sei que nem todos seguiriam pela quarta via.",,"Aplicação das estratégias em cotas, permitindo a participação em diferentes estratégias.",A consistência dos resultados.,Uma das experiências financeiras mais completas.,,,typeform 2025-26,historico_typeform.csv,Typeform NPS,mn77hfzonwmayyosmn7706wakgtdp7gi,base mecanismos (0 dias),base mecanismos
2026-Q2,Jun–Jul/2026 (T2),2026-06-16 17:50,Alan Pontes Galvão,alan pontes galvao,PHARUS,Rodrigo Lunardi,10.0,Promotor,10.0,,,,,,Totalmente no caminho,Tenho clareza e estou executando com consistência,Confiabilidade,,O compromisso e a clareza do método,"Manutenção da transparência, e resultado sólido",Até aqui um projeto realista e viável,,,typeform 2025-26,historico_typeform.csv,Typeform NPS,vbx3ww6hoh80ui8bqdvbx3wwk7prsi3r,cadastro 2026-T2 (respondente) (0 dias),cadastro 2026-T2
2026-Q2,Jun–Jul/2026 (T2),2026-06-16 18:18,Lenis Laura Alvarez Colpaert,lenis laura alvarez colpaert,PHARUS,Cleuber Anicesio,10.0,Promotor,10.0,,,,,,Totalmente no caminho,Tenho clareza e estou executando com consistência,Transparência e ótimo atendimento.,,Ter todas minhas dúvidas explicadas e ótimo acompanhamento de meu engenheiro patrimonial.,Continuar sendo corretamente orientada.,Não.,,,typeform 2025-26,historico_typeform.csv,Typeform NPS,v235ocuulnram9406v235bs9vdk1qy2g,cadastro 2026-T2 (respondente) (0 dias),cadastro 2026-T2
2026-Q2,Jun–Jul/2026 (T2),2026-06-16 18:40,Anna Carla de Oliveira Dini,anna carla de oliveira dini,PHARUS,Gustavo Papeschi Mariano,10.0,Promotor,10.0,,,,,,Totalmente no caminho,"Entendi o método, mas ainda não implementei o suficiente",Disponibilidade e clareza na comunicação.,,A maneira clara e objetiva com a qual tenho aprendido a lidar com dinheiro.,"Se possível, redução no valor que pago mensalmente à Quartavia, pois sobrecarrega meu orçamento.","O dinheiro sempre me gerou muita desconfiança, como se fosse um tabu. Com a Quartavia, tenho ficado à vontade para lidar com questões financeiras e confiado que posso compartilhar sobre este assunto com alguém.",,,typeform 2025-26,historico_typeform.csv,Typeform NPS,ddkfb366s79evis2oa1ddkfb36nz9je2,cadastro 2026-T2 (respondente) (0 dias),cadastro 2026-T2
2026-Q2,Jun–Jul/2026 (T2),2026-06-16 19:57,Marco Aurelio Kamers,marco aurelio kamers,PHARUS,Tales Salinas Rozo,2.0,Detrator,7.0,,,,,,Desacreditei do método,Estou travado em alguma parte e preciso de ajuda,Morosidade e falta de transparência.,Ter mais agilidade e transparência. Apresentar análise das propostas e apresentar opções que não gerem conflitos de interesse.,,Ter mais agilidade e transparência. Apresentar análise das propostas e apresentar opções que não gerem conflitos de interesse.,Não,,,typeform 2025-26,historico_typeform.csv,Typeform NPS,o94xqk2i96gre7lpwo94xq2sam1agmxz,base mecanismos (0 dias),base mecanismos
2026-Q2,Jun–Jul/2026 (T2),2026-06-16 20:08,Maksimiliano Franco,maksimiliano franco,PHARUS,Cleuber Anicesio,7.0,Neutro,10.0,,,,,,Totalmente no caminho,Tenho clareza e estou executando com consistência,"Motivo pessoal, e não de qualidade de vocês.  Eu so tenho coragem de indicar para alguem (qualquer coisa) depois de eu mesmo ter os resultados( de um ciclo completo so projeto proposto - no caso os 7 anos). Por isso a nota 7 : estou gostando, mas indicar seria só depois",Manter a qualidade que já  tem e conseguirmos juntos o bom resultado projetado para o final do ciclo,,"Jamais quebrar a confiança que deposito em vocês.  Manter a qualidade de atendimento e projetos, além de manter os bons resultados. Manter a transparência sobre tudo o que acontece nos projetos","Somente para reler tudo que foi escrito até aqui, pois acho de grande valia",,,typeform 2025-26,historico_typeform.csv,Typeform NPS,2s1hmw2fyuc8u2cu117h2s1hv4edkrdh,base mecanismos (0 dias),base mecanismos
2026-Q2,Jun–Jul/2026 (T2),2026-06-16 21:50,Marcílio Alisson Fonseca de Almeida,marcilio alisson fonseca de almeida,PHARUS,Gabriel Oliveira,10.0,Promotor,10.0,,,,,,Totalmente no caminho,"Entendi o método, mas ainda não implementei o suficiente",Estratégias eficientes,,"Estratégias e mecanismos, apesar de ainda não ter implementado",Eu começar aplicar e executar mais.,Não.,,,typeform 2025-26,historico_typeform.csv,Typeform NPS,kjh6gyp6smg2jth5wkjh6gysfvi5g0s1,base mecanismos (0 dias),base mecanismos
2026-Q2,Jun–Jul/2026 (T2),2026-06-16 21:51,Arthur Silveira Neto,arthur silveira neto,PHARUS,Cleuber Anicesio,6.0,Detrator,6.0,,,,,,Estagnado ou travado,"Entendi o método, mas ainda não implementei o suficiente",Eu tinha uma expectativa maior sobre o que seria entregue pela QuartaVia quando contratei o serviço,"Eu acho que deveria ter um acompanhamento mais próximo do engenheiro patrimonial, assim como também uma oferta maior de opções de investimento de acordo com o perfil de cada cliente",,Nada,Não,,,typeform 2025-26,historico_typeform.csv,Typeform NPS,cxqifexc84p7v190vtcxqifw7tyy1btu,cadastro 2026-T2 (respondente) (0 dias),cadastro 2026-T2
2026-Q2,Jun–Jul/2026 (T2),2026-06-16 22:07,Annathércia Said Skeff Soares Neiva,annathercia said skeff soares neiva,PHARUS,Tales Salinas Rozo,10.0,Promotor,10.0,,,,,,Totalmente no caminho,Tenho clareza e estou executando com consistência,Acompanhamento personalizado e  atividades diversificadas com retorno breve,,Suporte personalizado,Progresso nos resultados e segurança,Tudo certo,,,typeform 2025-26,historico_typeform.csv,Typeform NPS,hjk1oqaa1weghdthjk1oqct7y2k20a2l,base mecanismos (0 dias),base mecanismos
2026-Q2,Jun–Jul/2026 (T2),2026-06-17 05:27,Vanessa Cristine Marcondes Espindola,vanessa cristine marcondes espindola,PHARUS,João Aliceda,10.0,Promotor,10.0,,,,,,Totalmente no caminho,Tenho clareza e estou executando com consistência,Por ser um grupo sólido para boas estratégias e também a competência do engenheiro patrimonial contemplando habilidades técnicas e sociais.,,"Habilidade do engenheiro patrimonial, é minha primeira vez em um grupo de investidores e ele tem habilidades sociais suficientes para não me forçar a nada e me apoiar a dar os passos necessários com clareza e assertividade.",As estratégias darem o retorno prometido ou surpreender as expectativas.,Não,,,typeform 2025-26,historico_typeform.csv,Typeform NPS,izf7jxqs7ir5jp1simmameizf7jxqs7i,cadastro 2026-T2 (respondente) (0 dias),cadastro 2026-T2
2026-Q2,Jun–Jul/2026 (T2),2026-06-17 07:05,Daniel Antonio de Aquino Neto,daniel antonio de aquino neto,PHARUS,Gabriel Oliveira,10.0,Promotor,10.0,,,,,,Totalmente no caminho,Tenho clareza e estou executando com consistência,"O Gabriel me atende muito bem, tanto que renovei o programa por conta dele, apesar de não ter feito tantas implementações. Estratégias muito claras e explicações objetivas.",,Excelentes profissionais e método .,Ter os primeiros resultados,.,,,typeform 2025-26,historico_typeform.csv,Typeform NPS,e3vub175b5j8g2wmue3vub18bsa060nl,base mecanismos (0 dias),base mecanismos
2026-Q2,Jun–Jul/2026 (T2),2026-06-17 07:24,Antonio Mendes Freitas Segundo,antonio mendes freitas segundo,PHARUS,Rodrigo Amorim,8.0,Neutro,10.0,,,,,,Estagnado ou travado,"Entendi o método, mas ainda não implementei o suficiente",Conteúdo bom,Nada,,Não tem a ver com vocês. Eu só preciso fazer grana no momento.,Não,,,typeform 2025-26,historico_typeform.csv,Typeform NPS,90b409v2bwcplz90b993b3qvhoznsg6g,base mecanismos (0 dias),base mecanismos
2026-Q2,Jun–Jul/2026 (T2),2026-06-17 09:22,Claudiane Seixas Carraro,claudiane seixas carraro,PHARUS,Andrieli Campesato,8.0,Neutro,9.0,,,,,,"Em progresso, mas com dúvidas","Entendi o método, mas ainda não implementei o suficiente","Estou gostando, mas ainda não tive resultados  efetivos.",Um pouco mais de contato e um pouco mais de agilidade em algumas implementações,,Poder ver resultados atuais e prospectar futuros,"Até o momento estou entendendo o processo ainda, mas estou animada",,,typeform 2025-26,historico_typeform.csv,Typeform NPS,kon57kytgu5r3lins24xikon57kjwhhm,base mecanismos (0 dias),base mecanismos
2026-Q2,Jun–Jul/2026 (T2),2026-06-17 09:32,Heloisa Andrade Gomes,heloisa andrade gomes,PHARUS,Andrieli Campesato,9.0,Promotor,10.0,,,,,,"Em progresso, mas com dúvidas",Tenho clareza e estou executando com consistência,Gosto da proposta.,,O suporte dado.,Ter resultados bem acima do investido.,Não,,,typeform 2025-26,historico_typeform.csv,Typeform NPS,p0w1mbfzif3eiwfxyup0w1m2qurffl4u,cadastro 2026-T2 (respondente) (0 dias),cadastro 2026-T2
2026-Q2,Jun–Jul/2026 (T2),2026-06-17 10:21,José Firmo Piazza Junior,jose firmo piazza junior,PHARUS,Carlos Serafim,5.0,Detrator,7.0,,,,,,"Em progresso, mas com dúvidas","Entendi o método, mas ainda não implementei o suficiente","Apesar de decorridos 5 meses ainda  estou em fase inicial de implantação dos mecanismos, o que me impede de ter uma analise precisa a ponto de fazer indicação.","Mais efetividade na implantação dos  motores, dentro do meu momento atual.",,Resultados.,"As implementações poderiam ter andado melhor, mas mantenho alta expectativa sobre os resultados do Pharus.",,,typeform 2025-26,historico_typeform.csv,Typeform NPS,fbb0zhydo73h9pvc3fbb0fmft5nwxh9o,base mecanismos (0 dias),base mecanismos
2026-Q2,Jun–Jul/2026 (T2),2026-06-17 11:57,Marleno Litaiff Monteiro Jr.,marleno litaiff monteiro jr.,PHARUS,Willian Oliveira Schimidt,10.0,Promotor,10.0,,,,,,Totalmente no caminho,"Entendi o método, mas ainda não implementei o suficiente",A parceria e o acompanhamento tem me deixado bem satisfeito,,A perspectiva de objetivos acessíveis,O objetivo final,Renovação,,,typeform 2025-26,historico_typeform.csv,Typeform NPS,xo6elacui7nrxoaoxo6e4rr0sr54zo04,cadastro 2026-T2 (respondente) (0 dias),cadastro 2026-T2
2026-Q2,Jun–Jul/2026 (T2),2026-06-17 12:24,Carina Vieira da Rocha,carina vieira da rocha,PHARUS,Cleuber Anicesio,9.0,Promotor,10.0,,,,,,"Em progresso, mas com dúvidas","Entendi o método, mas ainda não implementei o suficiente",clareza,,o método e o facilitador,resultados eficazes,não,,,typeform 2025-26,historico_typeform.csv,Typeform NPS,fa2xl8uz1icsxzvq6mefa2xl8ulestpk,base mecanismos (0 dias),base mecanismos
2026-Q2,Jun–Jul/2026 (T2),2026-06-17 12:44,Flavio Mavignier Cárcano,flavio mavignier carcano,PHARUS,Nícolas Alves,10.0,Promotor,10.0,,,,,,Totalmente no caminho,"Entendi o método, mas ainda não implementei o suficiente",Proposta diferenciada,,Estrutura do acompanhamento,Resultado financeiro,Nao,,,typeform 2025-26,historico_typeform.csv,Typeform NPS,vrxwrqegtsrpwdjblvrxwrqycf13uihx,base mecanismos (0 dias),base mecanismos
2026-Q2,Jun–Jul/2026 (T2),2026-06-17 13:40,Juliano Mosquera Simões,juliano mosquera simoes,PHARUS,Abner Braga,10.0,Promotor,10.0,,,,,,"Em progresso, mas com dúvidas","Entendi o método, mas ainda não implementei o suficiente",Primeiro a nova visão de investir. Colecionar activos. Segundo o profissionalismo de todo o pessoal em particular o Assistente que nos acompanha. Uma pessoa que mostra o desejo que a coisa dê certo.,,Informado anteriormente,O inicio de resultados,Não,,,typeform 2025-26,historico_typeform.csv,Typeform NPS,wq0au8xwrhes51qijwq0au808pavwt6x,cadastro 2026-T2 (respondente) (0 dias),cadastro 2026-T2
2026-Q2,Jun–Jul/2026 (T2),2026-06-17 14:15,Augusto Eduardo Goncalves Walter,augusto eduardo goncalves walter,PHARUS,Carlos Serafim,10.0,Promotor,10.0,,,,,,"Em progresso, mas com dúvidas",Tenho clareza e estou executando com consistência,Atendimento planejamento e acompanhamento da implantação,,"Atendimento, Planejamento e acompanhamento do projeto",Questão financeiras,Ótimo plano. Porém demora para nos alinharmos com o planejamento e 1 ano é pouco tempo para vermos resultado,,,typeform 2025-26,historico_typeform.csv,Typeform NPS,ss2dujrrr3xkatgyss2dujyo5d3sljvh,base mecanismos (0 dias),base mecanismos
2026-Q2,Jun–Jul/2026 (T2),2026-06-17 14:20,Jessica Cavichioli Pedreschi,jessica cavichioli pedreschi,PHARUS,Pedro Goulart,7.0,Neutro,10.0,,,,,,Estagnado ou travado,Estou travado em alguma parte e preciso de ajuda,Achei que teria alguma ajuda com uma renda recorrente logo no começo,Me falaram que teria como mover meus débitos para consórcio para diminuir o valor e não aconteceu.,,"Consegui uma renda recorrente, hoje não estou conseguindo manter minhas condições.",Nas primeiras entrevistas foi falado que teria uma restruturação com consórcio. Que me ajudaria a alcançar a renda recorrente. Atualmente é somente reduzir os meus gastos o que eu não estou conseguindo por alguns imprevistos.,,,typeform 2025-26,historico_typeform.csv,Typeform NPS,j48j9oawqesicih88h2j48j9o3eozz5m,base mecanismos (0 dias),base mecanismos
2026-Q2,Jun–Jul/2026 (T2),2026-06-17 14:49,Alan Basílio Martins,alan basilio martins,PHARUS,Gabriel Oliveira,10.0,Promotor,10.0,,,,,,Totalmente no caminho,Tenho clareza e estou executando com consistência,Acompanhamento,,Resultados,Resultado,Não,,,typeform 2025-26,historico_typeform.csv,Typeform NPS,v6lolmrqtnii2ba34kcv6l3ixkxqgc0g,cadastro 2026-T2 (respondente) (0 dias),cadastro 2026-T2
2026-Q2,Jun–Jul/2026 (T2),2026-06-17 16:30,André Felipe Gomes Lima,andre felipe gomes lima,PHARUS,Nícolas Alves,4.0,Detrator,6.0,,,,,,"Em progresso, mas com dúvidas","Entendi o método, mas ainda não implementei o suficiente",.,.,,"Retorno acima da Selic, já considerando o abatimento do gasto mensal que tenho com vocês dos rendimentos.","Acho que não era meu momento de entrar, já que a ""estratégia"" é que eu fique quase o ano todo montando reserva de emergência.",,,typeform 2025-26,historico_typeform.csv,Typeform NPS,ynz7nl1s8orks59ynzp4ckrh1q9kasz8,base mecanismos (0 dias),base mecanismos
2026-Q2,Jun–Jul/2026 (T2),2026-06-17 16:31,Ivone Fabris,ivone fabris,PHARUS,Willian Oliveira Schimidt,9.0,Promotor,10.0,,,,,,Totalmente no caminho,Tenho clareza e estou executando com consistência,Atendimento exemplar e acessível. Transmite confiança,,"Transparência, explicação simples de fácil entendimento",Resultado,Não,,,typeform 2025-26,historico_typeform.csv,Typeform NPS,abvy3i69qvw9hunit3iabvy3i6h60kv2,base mecanismos (0 dias),base mecanismos
2026-Q2,Jun–Jul/2026 (T2),2026-06-17 16:35,Maria Elisa Barcellos Teixeira Pierotti,maria elisa barcellos teixeira pierotti,PHARUS,Tales Salinas Rozo,5.0,Detrator,7.0,,,,,,"Em progresso, mas com dúvidas",Estou travado em alguma parte e preciso de ajuda,Ainda nao vi meus resultados ainda nao me sinto muito segura,Um acompanhamento com mais previsoes objetivas,,Um plano detalhado se vc aportar tanto por mes em 5 anos a previsao é de vc alcançar X,O foco nao deve apenar ser de ganhar novos clientes mas de manter os q ja tem,,,typeform 2025-26,historico_typeform.csv,Typeform NPS,k4lneinb4l4uwm5rk4lnq4nr74so2xh8,base mecanismos (0 dias),base mecanismos
2026-Q2,Jun–Jul/2026 (T2),2026-06-17 16:49,Reinaldo de Souza Barcala,reinaldo de souza barcala,PHARUS,Nícolas Alves,10.0,Promotor,10.0,,,,,,Totalmente no caminho,Tenho clareza e estou executando com consistência,Estou bastante satisfeito com o atendimento até aqui.,,O esclarecimento do processo e o planejamento,Colher os resultados do planejamento dentro do prazo,Falta uma mensagem clara de que os valores de assinatura são anuais,,,typeform 2025-26,historico_typeform.csv,Typeform NPS,pe17mi4vzjiw2apu5viyfpe17migvntz,base mecanismos (0 dias),base mecanismos
2026-Q2,Jun–Jul/2026 (T2),2026-06-17 17:00,Felipe de Freitas Araujo,felipe de freitas araujo,PHARUS,Pedro Goulart,10.0,Promotor,10.0,,,,,,Totalmente no caminho,Tenho clareza e estou executando com consistência,Estou aprendendo a mexer com investimentos que não tinha ideia como investir antes,,A forma como tudo é conduzido,"Começar a transformar meus investimentos em renda real, em breve isso irá acontecer!",Estou gostando muito!,,,typeform 2025-26,historico_typeform.csv,Typeform NPS,0uex4ww1g6y0j27abkl0uex4wwop8rol,cadastro 2026-T2 (respondente) (0 dias),cadastro 2026-T2
2026-Q2,Jun–Jul/2026 (T2),2026-06-17 20:42,Evelin Rosio Estevez Jimenez,evelin rosio estevez jimenez,PHARUS,Gabriel Oliveira,10.0,Promotor,10.0,,,,,,Totalmente no caminho,Tenho clareza e estou executando com consistência,"xcelente atendimento do Gabriel, sempre demonstrando profissionalismo, atenção e clareza nas estratégias apresentadas. Seu apoio foi fundamental para nos ajudar a organizar nossas finanças, sair das dívidas e conquistar o sonho da casa própria. Somos muito gratos pela dedicação, transparência e comprometimento durante todo o processo. Recomendo seu trabalho com total confiança!",,Atendimento do Gabriel,"Já renovei por mais 3 anos e, em breve, estarei no Davos",Nada,,,typeform 2025-26,historico_typeform.csv,Typeform NPS,ypjuwwuor39kjrz31qpypjuwwuibz14t,base mecanismos (0 dias),base mecanismos
2026-Q2,Jun–Jul/2026 (T2),2026-06-17 20:47,Flavia Maria Guimarães Corrêa Mendes,flavia maria guimaraes correa mendes,PHARUS,Tales Salinas Rozo,10.0,Promotor,10.0,,,,,,"Em progresso, mas com dúvidas","Entendi o método, mas ainda não implementei o suficiente",Acolhimento e atenção em todos os momentos. Plano estruturado de crescimento,,Atendimento,Eu conseguir fazer o básico bem feito e investir,Gostaria de mais aulas em grupo e acompanhar os colegas na evolução deles ! Seria mais enriquecedor,,,typeform 2025-26,historico_typeform.csv,Typeform NPS,y6myexx7u46dsz7z2srxn1y6myexbjgd,base mecanismos (0 dias),base mecanismos
2026-Q2,Jun–Jul/2026 (T2),2026-06-17 21:29,Daniel Lin Santos,daniel lin santos,PHARUS,Cleuber Anicesio,10.0,Promotor,10.0,,,,,,Totalmente no caminho,Tenho clareza e estou executando com consistência,"Possibilidade de fazer parte de um ecossistema que não apenas fala “em tese”, mas que viabiliza investimentos por parte de seus participantes",,Fazer parte de um ecossistema que possibilita diferentes tipos de investimento com retornos acima da média de mercado,Diversificação das modalidades de investimento para os membros do ecossistema,Não,,,typeform 2025-26,historico_typeform.csv,Typeform NPS,1n8blzorqmhi04icgjb1n8blzo34u7u1,cadastro 2026-T2 (respondente) (0 dias),cadastro 2026-T2
2026-Q2,Jun–Jul/2026 (T2),2026-06-17 21:48,Nayhan Andrade dos Santos,nayhan andrade dos santos,PHARUS,Nícolas Alves,10.0,Promotor,10.0,,,,,,"Em progresso, mas com dúvidas","Entendi o método, mas ainda não implementei o suficiente","Seleção de bons produtos, direcionamento dos mesmos e acompanhamento de perto para otimização de performance",,Ter alguém com discernimento técnico para direcionar em tomadas de decisões inteligentes e performáticas,Retornos financeiros mais breves; calendário com propostas de investimentos para melhor organização de capital,Ter um calendário com possíveis projetos para implementação para melhor organização de capital para investimentos.,,,typeform 2025-26,historico_typeform.csv,Typeform NPS,3ai0c0vpmvb98qb4krqy3ai0c0dhrud0,base mecanismos (0 dias),base mecanismos
2026-Q2,Jun–Jul/2026 (T2),2026-06-17 22:03,Deize Marchiori,deize marchiori,PHARUS,Gabriel Oliveira,10.0,Promotor,10.0,,,,,,Totalmente no caminho,Tenho clareza e estou executando com consistência,"Desde que o Gabriel passou nos atender, melhorou muito o atendimento.",,Atendimento e mecanismos.,Mais estratégias em um curto período de tempo.,Não,,,typeform 2025-26,historico_typeform.csv,Typeform NPS,gpngjqcicxkoa8gbib1ogpngdk76tsuq,cadastro 2026-T2 (27 dias),cadastro 2026-T2
2026-Q2,Jun–Jul/2026 (T2),2026-06-18 06:48,Jorge Antônio da Silva,jorge antonio da silva,PHARUS,Rodrigo Amorim,1.0,Detrator,5.0,,,,,,Desacreditei do método,Perdi o vínculo com o projeto e preciso retomar,Frustração/mídia forte/entrega fraca,Oferecer realmente uma orientação de planejamento financeiro sólida com taxas atrativas com diferencias do mercado financeiro como proposto nas midias pra vender o programa,,oportunidades reais  de produtos / operação de ganho de capital / orientações com clarezas  de resultados pertinentes ao proposto na mídia / deixando claro que Pedro que nos atende é uma pessoa maravilhosa atenciosa e competente a  questao e que a proposta para venda do método via  midia feita pelo Adrian Carvalho e seus sócios é bem agressiva p,Ate então decepcionado / mas acreditando como foi dito pelo Diego salvo engano o nome eu poderia ficar tranquilo por vocês prezar pela renovação o que pra acontecer precisam de conquistar a satisfação do cliente e que tenha retorno pra valer o investimento,,,typeform 2025-26,historico_typeform.csv,Typeform NPS,lunzc4xgqdguc2l8d32rlunzcmaulgqr,cadastro 2026-T2 (26 dias),cadastro 2026-T2
2026-Q2,Jun–Jul/2026 (T2),2026-06-18 08:29,Walter Evandro Zari,walter evandro zari,PHARUS,Gabriel Oliveira,9.0,Promotor,9.0,,,,,,Totalmente no caminho,Tenho clareza e estou executando com consistência,Qualidade no atendimento e conhecimento forte do tema,,Atendimento competente e individualizado,Resultado,Passado credibilidade,,,typeform 2025-26,historico_typeform.csv,Typeform NPS,ahhvxne6caj1wm97ahhvxj409rrre3jw,cadastro 2026-T2 (respondente) (0 dias),cadastro 2026-T2
2026-Q2,Jun–Jul/2026 (T2),2026-06-18 10:19,Bianca Assone Rodrigues,bianca assone rodrigues,PHARUS,Willian Oliveira Schimidt,0.0,Detrator,3.0,,,,,,"Em progresso, mas com dúvidas",Tenho clareza e estou executando com consistência,Não achei que o programa teve um bom custo benefício e não me senti em um atendimento personalizado. Um monte de soluções básicas e que eu facilmente encontraria sozinha,"Exemplo: pedi ajuda para entrar no mercado de leilão ou propostas para conseguir usar meu fgts. Ninguém me apresentou nada, não houveram sugestões, e os projetos apresentados não foram relevantes",,"não pretendo renovar, muito menos por este valor. O ROI nao bate","nao gostei da experiencia, esperava algo mais exclusivo, mais atenção sobre os pontos apresentados, senti que faltou clareza na explicação dos riscos que estavamos correndo ao prosseguir com as propostas apresentadas, faltou empenho da quarta via em apresentar algo ""mastigado""",,,typeform 2025-26,historico_typeform.csv,Typeform NPS,3g617yfxinoalc18lf3g617yfpwylyti,base mecanismos (0 dias),base mecanismos
2026-Q2,Jun–Jul/2026 (T2),2026-06-18 10:32,Marisol Perdomo Rodriguez,marisol perdomo rodriguez,PHARUS,Nícolas Alves,10.0,Promotor,10.0,,,,,,Totalmente no caminho,Tenho clareza e estou executando com consistência,Comprometimento . Transparecia . Resolutividade,,Atendimento oportuno. Esclarecimentos . Perspectivas,Resultado,Até o momento estou satisfeita com meu estrategista e com o grupo no geral,,,typeform 2025-26,historico_typeform.csv,Typeform NPS,7oh12xcahv5670ds7ohhur7mt39jurc0,base mecanismos (0 dias),base mecanismos
2026-Q2,Jun–Jul/2026 (T2),2026-06-18 11:08,Lucélia Pitombeira Barreto,lucelia pitombeira barreto,PHARUS,Cleuber Anicesio,7.0,Neutro,10.0,,,,,,"Em progresso, mas com dúvidas","Entendi o método, mas ainda não implementei o suficiente","A imersão inicial transmite muito conhecimento, porém, não sinto muita segurança nos investimentos da PHARUS","colocar um FII que não tenha responsabilidade ilimitada, por exemplo. Demonstrar melhor as empresas que investe,os resultados, o porquê de ser tal empresa e não outra.",,Demonstrar o resultado de todos os clientes que investiram com vocês e não uma amostragem,"Acho as ideias boas, mas é difícil acreditar que tudo funcione conforme divulgado. Demonstrar resultados dos últimos anos, sem incluir valores recebidos pelo Pharus ou Davos. Tipo, o quanto clientes multiplicaram seu patrimônio com os métodos... Alguém perdeu? Se sim, como?",,,typeform 2025-26,historico_typeform.csv,Typeform NPS,t7ob02uuczncd7c8bt729gb4phuoi02s,base mecanismos (0 dias),base mecanismos
2026-Q2,Jun–Jul/2026 (T2),2026-06-18 11:43,Arthur de Lemos Ferreira Rocha,arthur de lemos ferreira rocha,PHARUS,Nelson Marques,9.0,Promotor,10.0,,,,,,"Em progresso, mas com dúvidas","Entendi o método, mas ainda não implementei o suficiente",Qualidade do Serviço prestado,,Qualidade do Serviço Prestado,Atingimento de resultados,Não,,,typeform 2025-26,historico_typeform.csv,Typeform NPS,bbyskawb8yixat8dh1vjbbyskaw7ah84,cadastro 2026-T2 (respondente) (0 dias),cadastro 2026-T2
2026-Q2,Jun–Jul/2026 (T2),2026-06-18 12:40,Elisson Antonio Francelino dos Santos,elisson antonio francelino dos santos,PHARUS,Rodrigo Lunardi,10.0,Promotor,10.0,,,,,,Totalmente no caminho,Tenho clareza e estou executando com consistência,Confiança,,"Confiabilidade, empatia, integridade",Resultados,Não.,,,typeform 2025-26,historico_typeform.csv,Typeform NPS,h2fp2euduw4u4w8h2fogwah738syv3y3,cadastro 2026-T2 (respondente) (0 dias),cadastro 2026-T2
2026-Q2,Jun–Jul/2026 (T2),2026-06-18 12:50,Adriana Mostardeiro Salvany,adriana mostardeiro salvany,PHARUS,Samuel Araújo,3.0,Detrator,6.0,,,,,,Desacreditei do método,Tenho clareza e estou executando com consistência,Não me adaptei ao método e não me sinto confortável em indicar para outros,"Ter um plano mais claro de construção patrimonial, focar em investimentos que tragam um retorno mais rápido",,Nada,"Não me sinto confortável com as estratégias, até hoje só tive gastos e quase nenhum retorno, estou presa em estratégias que não tem previsão de conclusão,  achei que foi um desperdício de tempo e dinheiro, poderia ter pago uma consultoria de investimentos e ter tido um retorno mais concreto e previsível nesse ano.",,,typeform 2025-26,historico_typeform.csv,Typeform NPS,la74hfbf7kii1ov71la7qyhbfqovfr3b,base mecanismos (0 dias),base mecanismos
2026-Q2,Jun–Jul/2026 (T2),2026-06-18 12:59,Henry Saar,henry saar,PHARUS,Cleuber Anicesio,10.0,Promotor,10.0,,,,,,Totalmente no caminho,Tenho clareza e estou executando com consistência,"A metodologia do Pharus e, principalmente do Davos, é robusta e comprovada.",,"A disponibilidade, parceria e conhecimento do assessor, a ""degustação"" no Davos e a entrevista com o Victor.",Ter capacidade financeira frente às necessidades crescentes da minha família.,A minha experiência está sendo ótima!,,,typeform 2025-26,historico_typeform.csv,Typeform NPS,k8qm0zaixhdkmouy0ck8qm0y7fi2htt9,cadastro 2026-T2 (respondente) (0 dias),cadastro 2026-T2
2026-Q2,Jun–Jul/2026 (T2),2026-06-18 15:14,Charlles André Souza de Almeida,charlles andre souza de almeida,PHARUS,Nícolas Alves,10.0,Promotor,10.0,,,,,,Totalmente no caminho,Tenho clareza e estou executando com consistência,"Tudo está muito claro, vi progresso.",,Segurança financeira no futuro.,Acompanhar conscientemente o progresso.,Agora não,,,typeform 2025-26,historico_typeform.csv,Typeform NPS,w3j0ovpd2oqtbn1tq4xxw3j0ovi9b6y9,cadastro 2026-T2 (respondente) (0 dias),cadastro 2026-T2
2026-Q2,Jun–Jul/2026 (T2),2026-06-18 16:31,Julio Fratantonio Filho,julio fratantonio filho,PHARUS,Rodrigo Amorim,10.0,Promotor,10.0,,,,,,Totalmente no caminho,Tenho clareza e estou executando com consistência,Entregas em linha com a expectativa,,Excelente método e atendimento,Resultado consistente e atendimento,"Tudo certo, obrigado",,,typeform 2025-26,historico_typeform.csv,Typeform NPS,j26jr3txhh78a9qv2ctj26jr3bqbsebv,cadastro 2026-T2 (26 dias),cadastro 2026-T2
2026-Q2,Jun–Jul/2026 (T2),2026-06-18 17:02,João Marcos Castro Fagundes,joao marcos castro fagundes,PHARUS,Cleuber Anicesio,9.0,Promotor,9.0,,,,,,"Em progresso, mas com dúvidas",Tenho clareza e estou executando com consistência,Muito bom,,Muito bom mas muito caro,"Melhor o preço, é muito bom mas ainda acho o valor supervalorizado",Não,,,typeform 2025-26,historico_typeform.csv,Typeform NPS,bbp1mpdoqj4evt23rbwbbp1m6bwa5lor,base mecanismos (0 dias),base mecanismos
2026-Q2,Jun–Jul/2026 (T2),2026-06-18 17:51,Alyne Pontes Gurgel Botelho,alyne pontes gurgel botelho,PHARUS,Andrieli Campesato,10.0,Promotor,10.0,,,,,,Totalmente no caminho,Tenho clareza e estou executando com consistência,Metodologia disruptiva de construção patrimonial e atenção da Andrieli comigo,,A mentoria da Andrieli e os conhecimentos aos quais estou tendo acesso,"Se ver o resultado de tudo que estou aplicando, pois estou confiando no processo e aplicando com disciplina tudo que estão me orientando. Portanto espero um resultado melhor do que se eu estivesse investindo sozinha. Preciso ter confiança através dos resultados",Até agora estou plenamente satisfeita e seria bem interessante se houvesse u,,,typeform 2025-26,historico_typeform.csv,Typeform NPS,hzh4g8hjn9o2lsf74jp1hzh4g8waaafj,base mecanismos (0 dias),base mecanismos
2026-Q2,Jun–Jul/2026 (T2),2026-06-18 18:18,Lenuir Kniss,lenuir kniss,PHARUS,Cleuber Anicesio,8.0,Neutro,9.0,,,,,,"Em progresso, mas com dúvidas",Tenho clareza e estou executando com consistência,Processo em construção!,Resultados,,Resultados!,Não,,,typeform 2025-26,historico_typeform.csv,Typeform NPS,ztmlfrs6eosfgjc9sd1oztmlfrt6v7mn,base mecanismos (0 dias),base mecanismos
2026-Q2,Jun–Jul/2026 (T2),2026-06-18 18:19,Carlos Henrique Pedriali Nobrega,carlos henrique pedriali nobrega,PHARUS,Gustavo Papeschi Mariano,8.0,Neutro,10.0,,,,,,"Em progresso, mas com dúvidas",Tenho clareza e estou executando com consistência,Atendimento do Gustavo,Sem sugestões,,Já estou satisfeito,Nao,,,typeform 2025-26,historico_typeform.csv,Typeform NPS,7a78by0g6icojzroqgv14r7a78b75sgb,base mecanismos (0 dias),base mecanismos
2026-Q2,Jun–Jul/2026 (T2),2026-06-18 18:21,Joara Letícia Bueno,joara leticia bueno,PHARUS,Andrieli Campesato,10.0,Promotor,10.0,,,,,,Totalmente no caminho,"Entendi o método, mas ainda não implementei o suficiente","Pelo acompanhamento, pela organizacao, por estar me entregando ate o momento aquilo que realmente foi conversado e combinado, pela transparenciaa...",,"O comprometimento, a paciencia em explanar algumas questoes que para mim sao pouco mais dificeis e entender, a clareza e a empatia da minha agente",A certeza de estar no caminho certo com a orientacao do grupo da Quarta Via,"Sim,  Gratidao.",,,typeform 2025-26,historico_typeform.csv,Typeform NPS,9di9rf38sbfr9olbi99di9ru3n65x2vr,base mecanismos (0 dias),base mecanismos
2026-Q2,Jun–Jul/2026 (T2),2026-06-18 18:35,Paulo Rogério Saens Alvarenga,paulo rogerio saens alvarenga,PHARUS,Thiago Henrique Trova,10.0,Promotor,10.0,,,,,,"Em progresso, mas com dúvidas","Entendi o método, mas ainda não implementei o suficiente",O consultor é bem atencioso e flexível para as reuniões.Vejo um caminho estruturado,,Até agora as orientações e o cumprimento do esperado,A estruturação e resultados dos investimentos,"Estou me estruturando financeiramente para poder investir mais e aí cobrarei mais sobre como posso fazer parte das opções de investimento,",,,typeform 2025-26,historico_typeform.csv,Typeform NPS,o4hbdfsxbrfis8ma9o4hbdl5vy96nfol,cadastro 2026-T2 (respondente) (0 dias),cadastro 2026-T2
2026-Q2,Jun–Jul/2026 (T2),2026-06-18 18:49,Guilherme Henrique Fernandes Pacheco,guilherme henrique fernandes pacheco,PHARUS,Rodrigo Amorim,10.0,Promotor,10.0,,,,,,"Em progresso, mas com dúvidas","Entendi o método, mas ainda não implementei o suficiente",Atenção e acesso aos consultores,,"Prestatividade, atenção e estrategia",Resultados positivos,Nao,,,typeform 2025-26,historico_typeform.csv,Typeform NPS,rbjecniucdzn8zisrbjec04dyvirkxct,base mecanismos (0 dias),base mecanismos
2026-Q2,Jun–Jul/2026 (T2),2026-06-18 18:50,João Paulo Sá Granja de Abreu,joao paulo sa granja de abreu,PHARUS,Rodrigo Amorim,10.0,Promotor,10.0,,,,,,Totalmente no caminho,Tenho clareza e estou executando com consistência,A competência da equipe que me atende,,A competência e a atenção de todos,Os resultados,Não,,,typeform 2025-26,historico_typeform.csv,Typeform NPS,gg3hmpnkq5gxxaqfmgg3hmpxzvma2s8a,cadastro 2026-T2 (respondente) (0 dias),cadastro 2026-T2
2026-Q2,Jun–Jul/2026 (T2),2026-06-18 19:19,Irlan Leonard de Lima Nascimento,irlan leonard de lima nascimento,PHARUS,Rodrigo Amorim,10.0,Promotor,10.0,,,,,,"Em progresso, mas com dúvidas","Entendi o método, mas ainda não implementei o suficiente",Atendimento e forma direta,,Transparência,Alcançar os resultados esperados e independência financeira,No momento não,,,typeform 2025-26,historico_typeform.csv,Typeform NPS,io4zjqkpxujf245qb1zio4zf53g0j2ck,base mecanismos (0 dias),base mecanismos
2026-Q2,Jun–Jul/2026 (T2),2026-06-18 20:46,Alcides Cavasini Neto,alcides cavasini neto,PHARUS,Rodrigo Amorim,10.0,Promotor,10.0,,,,,,"Em progresso, mas com dúvidas","Entendi o método, mas ainda não implementei o suficiente",Exposição a outras formas de investimentos com respaldo de especialistas na área,,"Atenção dada, conhecimento apresentado.",Que eu tivesse resultados muito maiores dos que eu tive quando estava sozinho,Até agora tudo bem,,,typeform 2025-26,historico_typeform.csv,Typeform NPS,ztowmmquralvbm5rlsqztowmmqm32zzm,cadastro 2026-T2 (respondente) (0 dias),cadastro 2026-T2
2026-Q2,Jun–Jul/2026 (T2),2026-06-18 21:46,Viviane Gregorio,viviane gregorio,PHARUS,Gustavo Papeschi Mariano,7.0,Neutro,8.0,,,,,,"Em progresso, mas com dúvidas","Entendi o método, mas ainda não implementei o suficiente",A venda foi feita com algumas ferramentas que não funcionam direito,Melhorar as ferramentas,,Melhor visibilidade do crescimento financeiro,Deveria ter mais clareza nas estratégias e melhores ferramentas de acompanhamento da evolução,,,typeform 2025-26,historico_typeform.csv,Typeform NPS,2xg615rwzi2tz493t592xg6158z8ydro,cadastro 2026-T2 (26 dias),cadastro 2026-T2
2026-Q2,Jun–Jul/2026 (T2),2026-06-19 00:18,Victor Paes Fernandes,victor paes fernandes,PHARUS,Gustavo Papeschi Mariano,8.0,Neutro,10.0,,,,,,"Em progresso, mas com dúvidas","Entendi o método, mas ainda não implementei o suficiente","Acho o valor cobrado pela assessoria alto, para além disso ainda não temos um App útil para facilitar nossa organização","Criar um App que seja uma ferramenta útil em todo processo, também rever esses valores cobrados de assessoria",,"Que eu consiga de fato vivênciar os investimentos que faço apresente a médio prazo o rendimento esperado, ver com meus olhos o que foi traçado comece a aparecer passar a sensação que estou andando real. E te",Gostaria de participar de investimentos focados diretamente em energia solar,,,typeform 2025-26,historico_typeform.csv,Typeform NPS,d177w07burf8kqdwv6d177w0w8sxomni,base mecanismos (0 dias),base mecanismos
2026-Q2,Jun–Jul/2026 (T2),2026-06-19 09:03,Mariana Ferreira Leboreiro,mariana ferreira leboreiro,PHARUS,Gabriel Oliveira,10.0,Promotor,10.0,,,,,,Totalmente no caminho,Tenho clareza e estou executando com consistência,Atendimento e como realocaram meus ativos para proporcionar renda passiva,,Diversificação,Ter mais recursos.,Não,,,typeform 2025-26,historico_typeform.csv,Typeform NPS,w0cg37fij7n121j4vw0cg754m8ggntes,base mecanismos (0 dias),base mecanismos
2026-Q2,Jun–Jul/2026 (T2),2026-06-19 09:34,Karilson Fernandes Silva,karilson fernandes silva,PHARUS,Gustavo Papeschi Mariano,10.0,Promotor,10.0,,,,,,Estagnado ou travado,"Entendi o método, mas ainda não implementei o suficiente",Opções de investimentos,,Mesmo resposta 2,Liberdade financeira,Não,,,typeform 2025-26,historico_typeform.csv,Typeform NPS,sp6wg7w238bvspcdkmc4pto7uz5btgcd,base mecanismos (0 dias),base mecanismos
2026-Q2,Jun–Jul/2026 (T2),2026-06-19 09:49,Ana Cristina Horácio de Sá,ana cristina horacio de sa,PHARUS,Rodrigo Amorim,6.0,Detrator,9.0,,,,,,Estagnado ou travado,Perdi o vínculo com o projeto e preciso retomar,"Ainda estou no começo, não sei ainda qual será o resultado para o meu caso",Preciso saber o que irão propor para a melhoria dos meus investimentos,,Ter resultados consistentes e bem maiores do que vocês cobram e sem muito risco,Esta avaliação é anterior ao resultado que posso ter. Tive problemas de saúde que atrasaram meu acompanhamento,,,typeform 2025-26,historico_typeform.csv,Typeform NPS,rvxgmhd7n55z6b8l1qkrxspvrvxgmhd2,base mecanismos (0 dias),base mecanismos
2026-Q2,Jun–Jul/2026 (T2),2026-06-19 10:56,Tchiêlo Lisboa Camboim,tchielo lisboa camboim,PHARUS,Rodrigo Amorim,7.0,Neutro,10.0,,,,,,"Em progresso, mas com dúvidas",Tenho clareza e estou executando com consistência,"Ainda não obtive os resultados, então não tenho 100% de segurança para indicar.","Segundo os meus critérios para indicar algo a alguém, não há o que fazer. o processo é lento mesmo. Mas darei nota 10 assim que vir o plano se concretizando.",,"Uma lista de fatores: Ver que o plano está dando certo, clareza e boas condições para renovação, ver que o dinheiro investido na quarta via se pagou antes da renovação.","Já comentei isso com o Rodrigo, me preocupa o fato de a venda do serviço ser anual enquanto o projeto é de longo prazo (cerca de 7 anos). Iniciar o planejamento sem a certeza da continuidade gera uma insegurança natural. Como o valor do investimento é alto, fica difícil prever minha permanência daqui a um ano. Na minha visão, o modelo ideal seria o de mensalidade (recorrência). Isso permitiria que o cliente ficasse pelo tempo que fizesse sentido para ele, eliminando a barreira e a burocracia de ter que renovar o plano para não interromper o processo.",,,typeform 2025-26,historico_typeform.csv,Typeform NPS,dw1iqmvj6srtaris8dw1ijm6vlj9hxp2,base mecanismos (0 dias),base mecanismos
2026-Q2,Jun–Jul/2026 (T2),2026-06-19 12:38,Rodrigo Orlando Martins,rodrigo orlando martins,PHARUS,Andrieli Campesato,7.0,Neutro,9.0,,,,,,"Em progresso, mas com dúvidas","Entendi o método, mas ainda não implementei o suficiente",Ainda estamos no inicio. Como vou recomendar se ainda não tive resultados???,"Aguardar os resultados. Mas a assistência dos engenheiros, são excelentes!",,"Resultados efetivos! Se funcionar, tivermos realmente um retorno que mude nossas vidas,, ficaremos eternamente…","Até o momento está tudo bem, são processos lentos que prometem um bom retorno. Então temos que ter paciência para ter os primeiros resultados e aí sim, poder avaliar de fato!!!",,,typeform 2025-26,historico_typeform.csv,Typeform NPS,oz1by0bwef1a1gv5cmgnvoz1by0bw5cb,cadastro 2026-T2 (25 dias),cadastro 2026-T2
2026-Q2,Jun–Jul/2026 (T2),2026-06-19 12:41,Hermes Rojas Zayas,hermes rojas zayas,PHARUS,Gustavo Papeschi Mariano,10.0,Promotor,10.0,,,,,,"Em progresso, mas com dúvidas","Entendi o método, mas ainda não implementei o suficiente",Seriedade propósito clareza atendimento,,O acolhimento como um todo o método também mas sobretudo o acompanhamento você perceber que aquela outra pessoa que é um especialista em construção de patrimônio quer de fato d te ajudar quer seu sucesso mesmo quando você nem tem motores pra isso,Tudo o que já disse. A filosofia da 4ta Via fax muito sentido pra mim com essa visão essa metodoligia e com as pessoas que fazem isso acontecer sendo como tenho visto até agora....não teria o menor problema ou dúvida. Só fica aquela vontade de ter conhecido 10 anos antes,Só queria poder ter capital pra implementar mais e mais rápido,,,typeform 2025-26,historico_typeform.csv,Typeform NPS,28ly6dg7lki0pcvage28l0rqlyxo1dwi,cadastro 2026-T2 (25 dias),cadastro 2026-T2
2026-Q2,Jun–Jul/2026 (T2),2026-06-19 15:26,Gabriela Brandão da Costa Tavernard,gabriela brandao da costa tavernard,PHARUS,Gustavo Papeschi Mariano,10.0,Promotor,10.0,,,,,,Totalmente no caminho,Tenho clareza e estou executando com consistência,Clareza,,Clareza,Isso depende do momento de vida,Não,,,typeform 2025-26,historico_typeform.csv,Typeform NPS,gydk914gyvkwm0udhagydk91c2t7x6xx,base mecanismos (0 dias),base mecanismos
2026-Q2,Jun–Jul/2026 (T2),2026-06-20 08:49,Gilberto da Silva Arbia,gilberto da silva arbia,PHARUS,Gustavo Papeschi Mariano,9.0,Promotor,10.0,,,,,,"Em progresso, mas com dúvidas","Entendi o método, mas ainda não implementei o suficiente",A Quarta Via ajuda no planejamento de receita recorrente de forma profissional com soluções criativas,,Envolvimento na construção de uma carteira eficaz,Acelerar os resultados,"Envolvimento do estrategista, disponibilidade e demonstração de conhecimento no assunto",,,typeform 2025-26,historico_typeform.csv,Typeform NPS,jmej4h14toz0q1vztjmej4hbhyavh9kv,cadastro 2026-T2 (respondente) (0 dias),cadastro 2026-T2
2026-Q2,Jun–Jul/2026 (T2),2026-06-20 09:55,Janice Lima Silveira,janice lima silveira,PHARUS,Samuel Araújo,9.0,Promotor,10.0,,,,,,"Em progresso, mas com dúvidas","Entendi o método, mas ainda não implementei o suficiente","Boa assistência, equipe resolutiva e com conhecimento amplo na área",,Assistência e esclarecimento de dúvidas de forma clara. Resolução efetiva de problemas,Resultados reais,"Tive uma primeira experiência um pouco negativa, mas entrei em contato com a equipe e houve uma reestruturação que, por ora, satisfez minhas expectativas. Ainda estou no caminho proposto pelo estrategista e iniciando o caminho para construção de patrimônio, mas me sinto animada e bem assistida no momento",,,typeform 2025-26,historico_typeform.csv,Typeform NPS,hz55byfqbchpyxh8iz7wlqeg73iclw7v,cadastro 2026-T2 (respondente) (0 dias),cadastro 2026-T2
2026-Q2,Jun–Jul/2026 (T2),2026-06-20 13:02,Irléia Reiter Marotte,irleia reiter marotte,PHARUS,Rodrigo Amorim,10.0,Promotor,9.0,,,,,,"Em progresso, mas com dúvidas",Estou travado em alguma parte e preciso de ajuda,Time qualificado e pelos mecanismos de acesso,,Poder contar com um time na análise e tomada de decisões,Análise personalizada e implementação dos mecanismos que irão nos gerar os melhores resultados mecanismos,Gostaria de ter contato com outros Clientes que já estão mais tempo com a Quarta Via,,,typeform 2025-26,historico_typeform.csv,Typeform NPS,08eczr2wg34kqdwuhaxe08eczop5dvtf,base mecanismos (0 dias),base mecanismos
2026-Q2,Jun–Jul/2026 (T2),2026-06-20 13:12,Lívia Silva Hall,livia silva hall,PHARUS,Gustavo Papeschi Mariano,10.0,Promotor,10.0,,,,,,Totalmente no caminho,Tenho clareza e estou executando com consistência,100% de assistência e comprometimento,,"A empatia do Gustavo com as minhas questões de vida real,  sempre ponderando da melhor forma as decisões aliada a uma super competência técnica",O resultado das nossas estratégias e a manutenção do mesmo engenheiro patrimonial,Não,,,typeform 2025-26,historico_typeform.csv,Typeform NPS,9f9tfhgryzr3ydyt7g9f9t0z5suednf3,cadastro 2026-T2 (respondente) (0 dias),cadastro 2026-T2
2026-Q2,Jun–Jul/2026 (T2),2026-06-21 13:14,Poliana Cristina Souto Maior da Silva,poliana cristina souto maior da silva,PHARUS,Gabriel Oliveira,10.0,Promotor,10.0,,,,,,Totalmente no caminho,Tenho clareza e estou executando com consistência,Atendimento e clareza,,Atendimento,Diversificação,Não,,,typeform 2025-26,historico_typeform.csv,Typeform NPS,rfeyiigrwton9shjz33nnrfeyiigw43f,cadastro 2026-T2 (respondente) (0 dias),cadastro 2026-T2
2026-Q2,Jun–Jul/2026 (T2),2026-06-21 17:44,Alexandre Pinto de Queiroz,alexandre pinto de queiroz,PHARUS,Rodrigo Amorim,10.0,Promotor,10.0,,,,,,Totalmente no caminho,Tenho clareza e estou executando com consistência,A clareza na passagem de informações,,Foco naquilo que eu busco,Ver a concretização do que está sendo planejado e executado,Por enquanto nao,,,typeform 2025-26,historico_typeform.csv,Typeform NPS,dbj60ndj2lhiajrjzdbj60mcsokbviau,base mecanismos (0 dias),base mecanismos
2026-Q2,Jun–Jul/2026 (T2),2026-06-22 09:11,Henrique Urakawa Mendes,henrique urakawa mendes,PHARUS,Samuel Araújo,10.0,Promotor,10.0,,,,,,Totalmente no caminho,"Entendi o método, mas ainda não implementei o suficiente",Clareza do método e do meu novo consultor,,Excelente atendimento que dá transparência e tranquilidade pra seguir,Ter resultados propostos,Sem mais,,,typeform 2025-26,historico_typeform.csv,Typeform NPS,iot2tpvll4vl42dv0d9siot2t3ijukdm,base mecanismos (0 dias),base mecanismos
2026-Q2,Jun–Jul/2026 (T2),2026-06-22 09:42,Elaine Maria Pick,elaine maria pick,PHARUS,Andrieli Campesato,0.0,Detrator,3.0,,,,,,Desacreditei do método,Estou travado em alguma parte e preciso de ajuda,Comprei a mentoria com o Adrian e até agora nao falei com ele e tambem nao tive acesso a nenhum material aula,Eu comprei o curso patrimonium toda semana tinha reunião online com o Adrian e alunos foi muito bom neste curso me sinto perdida,,So se mudar a entrega nao recebi o que foi prometido no curso,Experiência péssima,,,typeform 2025-26,historico_typeform.csv,Typeform NPS,75m0hgd15cd4975m0h98porquufhmpix,base mecanismos (0 dias),base mecanismos
2026-Q2,Jun–Jul/2026 (T2),2026-06-22 09:47,Sergio de Rezende Sespede,sergio de rezende sespede,PHARUS,Gustavo Papeschi Mariano,10.0,Promotor,10.0,,,,,,Totalmente no caminho,"Entendi o método, mas ainda não implementei o suficiente","Facilidade no acesso, Orientações claras, Estratégias vencedoras",,Estratégias que atendem a minha necessidade,Minha progressão/evolução na implantação das estratégias,Nenhum comentário no momento,,,typeform 2025-26,historico_typeform.csv,Typeform NPS,l8ofitwp2dkwox2wl82nixu1y5pot74t,cadastro 2026-T2 (respondente) (0 dias),cadastro 2026-T2
2026-Q2,Jun–Jul/2026 (T2),2026-06-22 09:54,Maria Antonieta de Campos Tinôco,maria antonieta de campos tinoco,PHARUS,Andrieli Campesato,9.0,Promotor,10.0,,,,,,Totalmente no caminho,Tenho clareza e estou executando com consistência,Satisfação,,Profissionalismo,Resultados,Que a mudança do Pharus para o DAVOS fosse mais acessível.,,,typeform 2025-26,historico_typeform.csv,Typeform NPS,l6g9vuuw3s78l6g9t68u4mup3aulytst,cadastro 2026-T2 (respondente) (0 dias),cadastro 2026-T2
2026-Q2,Jun–Jul/2026 (T2),2026-06-22 10:40,Sergio Luis Santoni de Lima,sergio luis santoni de lima,PHARUS,Rodrigo Amorim,1.0,Detrator,8.0,,,,,,Estagnado ou travado,Tenho clareza e estou executando com consistência,"Esperava mais dinamismo, tenho capital para investir, mas não há no momento imóveis em leilão ou na planta para investir. Até agora apenas consórcio. TALVEZ daqui 2 meses, mas pode ser que demore mais, não se tem certeza. Até agora apenas consórcio (8 cotas).Enquanto isso, pago 2 mil reais por mês e num piscar de olhos já terei que renovar o contrato e serão mais 20 mil. No momento minha avaliação é muito ruim, espero que mude.","Estendam o período do meu contrato, pois tenho capital para investir, mas nenhuma opção de alocação está e, pelo que foi dito, nem estará nos próximos meses a minha disposição. Estou pagando 2 mil por mês, meu contrato está passando.",,"O que eu quero é continuar sim, quero atingir a promessa de 30 mil por mês feita pelo Adrian,  mas me parece tudo muito lento. O que me faria continuar é por os motores de construção de patrimônio em prática.",.,,,typeform 2025-26,historico_typeform.csv,Typeform NPS,mvesodflypjmbgdnmvesos1odu7mintn,cadastro 2026-T2 (22 dias),cadastro 2026-T2
2026-Q2,Jun–Jul/2026 (T2),2026-06-22 11:35,Ana Paula de Oliveira Mota Amado,ana paula de oliveira mota amado,PHARUS,Andrieli Campesato,10.0,Promotor,10.0,,,,,,Totalmente no caminho,Tenho clareza e estou executando com consistência,Múltiplas alternativas e atendimento rápido,,A mesma resposta anterior,Crescer o meu patrimônio,Não,,,typeform 2025-26,historico_typeform.csv,Typeform NPS,ion90fk2fujjw3fuion9050zo2iqg8cy,base mecanismos (0 dias),base mecanismos
2026-Q2,Jun–Jul/2026 (T2),2026-06-22 12:06,José Ricardo Marinheiro Rodrigues,jose ricardo marinheiro rodrigues,PHARUS,Abner Braga,9.0,Promotor,10.0,,,,,,Totalmente no caminho,Tenho clareza e estou executando com consistência,"Estou a pouco tempo, mas a equipe muito bem preparada!",,Confiança em deixar nas mãos de quem entende!,Resultados!,Somente melhorar o QV360,,,typeform 2025-26,historico_typeform.csv,Typeform NPS,y8gjf38sgytwlgq7z53y8gjf3oowhj89,cadastro 2026-T2 (respondente) (0 dias),cadastro 2026-T2
2026-Q2,Jun–Jul/2026 (T2),2026-06-22 12:40,Edmo Júnior Peixoto Lemos,edmo junior peixoto lemos,PHARUS,Nícolas Alves,10.0,Promotor,10.0,,,,,,Totalmente no caminho,Tenho clareza e estou executando com consistência,Atendimento ao cliente,,Atendimento ao confiabilidade,Alcançar os objetivos financeiros,Satisfeito,,,typeform 2025-26,historico_typeform.csv,Typeform NPS,cxsu9pp4ln2ithaesdq0lj57ecxsu9pp,base mecanismos (0 dias),base mecanismos
2026-Q2,Jun–Jul/2026 (T2),2026-06-22 12:41,Dalynajara Ciarlini Mendes,dalynajara ciarlini mendes,PHARUS,Thiago Henrique Trova,9.0,Promotor,10.0,,,,,,"Em progresso, mas com dúvidas","Entendi o método, mas ainda não implementei o suficiente",A atenção é poder tirar dúvidas,,O aprendizado,Continuar compreendendo cada passo dado e a oportunidade de decidir o q é melhor p o meu momento,Por enquanto não,,,typeform 2025-26,historico_typeform.csv,Typeform NPS,157pef1iyywckf157pem0a9cjeph9424,cadastro 2026-T2 (respondente) (0 dias),cadastro 2026-T2
2026-Q2,Jun–Jul/2026 (T2),2026-06-22 12:47,Aliny Peres Pereira,aliny peres pereira,PHARUS,Rodrigo Amorim,10.0,Promotor,10.0,,,,,,Desacreditei do método,"Entendi o método, mas ainda não implementei o suficiente",O time sempre disposto a nos ajudar e nos direcionar para que possamos tomar as melhores decisões financeiras .,,abrir minha mente para outras formas de começar a investir e reduzir meu padrão de vida,"Se vocês conseguissem me direcionar de forma mais atuante, mensalmente e na medida que eu for tendo retorno dos investimentos.","Acho clara a abordagem, o formato e conteúdo como é apresentado, e é claro o suporte do time.",,,typeform 2025-26,historico_typeform.csv,Typeform NPS,exj4qefw9ruz3oexj7j3lmwupgib0uix,base mecanismos (0 dias),base mecanismos
2026-Q2,Jun–Jul/2026 (T2),2026-06-22 12:51,Matheus Alves do Nascimento,matheus alves do nascimento,PHARUS,Thiago Henrique Trova,8.0,Neutro,10.0,,,,,,"Em progresso, mas com dúvidas",Tenho clareza e estou executando com consistência,Inovação na abordagem e excelente acompanhamento.,Ser um pouco mais claros na gestão do QRVA11. Prestar mais informações.,,Crescimento patrimonial consistente. Maior independência financeira.,Melhorar a área de cursos livres da Quarta Via.,,,typeform 2025-26,historico_typeform.csv,Typeform NPS,a16w9vba0qn4ctl5yagbla16w9vk3mzd,cadastro 2026-T2 (respondente) (0 dias),cadastro 2026-T2
2026-Q2,Jun–Jul/2026 (T2),2026-06-22 13:11,Ana Paula Lara da Silva,ana paula lara da silva,PHARUS,Julio Cienkonog,8.0,Neutro,10.0,,,,,,"Em progresso, mas com dúvidas",Tenho clareza e estou executando com consistência,"Ainda não consegui ver resultados, somente por isso",Oferecer resultados mais rápidos e aumentar mais 1 reunião ao mês,,Ver resultados consistentes e ou diminuir a parcela,"Queria ter mais trocas com outros membros, mais acesso ao Adrian, através de lives, reuniões etc",,,typeform 2025-26,historico_typeform.csv,Typeform NPS,gi0fpvqblc3ibjs2ufgi0f4qizv0nssl,cadastro 2026-T2 (respondente) (0 dias),cadastro 2026-T2
2026-Q2,Jun–Jul/2026 (T2),2026-06-22 13:13,Gabriela Blatt Pereira,gabriela blatt pereira,PHARUS,Samuel Araújo,9.0,Promotor,10.0,,,,,,"Em progresso, mas com dúvidas","Entendi o método, mas ainda não implementei o suficiente",Satisfeita com o atendimento. Samuel tem me ajudado muito.,,Esclarecimentos sobre o que fazer no meu momtento atual,Não trocar de assessor,No momento não,,,typeform 2025-26,historico_typeform.csv,Typeform NPS,08h23aj0i3cnfvwk08m9knjhq6lqebqq,cadastro 2026-T2 (respondente) (0 dias),cadastro 2026-T2
2026-Q2,Jun–Jul/2026 (T2),2026-06-22 13:41,Enzo Rodrigo Santos Tavares,enzo rodrigo santos tavares,PHARUS,Hendrick Dorner,3.0,Detrator,6.0,,,,,,Desacreditei do método,Tenho clareza e estou executando com consistência,Até o momento não vi nada que faça sentido ter pago o valor pelo programa,"Achava que seria um programa mais dinâmico, com opções variadas de investimentos que fizesse sentido esse custo do programa.",,"Mais clareza no programa, apresentando propostas que façam sentido e que eu consiga visualizar o retorno do valor investido, que até o momento não estou conseguindo visualizar.",Estagnada,,,typeform 2025-26,historico_typeform.csv,Typeform NPS,ytv9q7craabhy4kt16cytv9q5yum9z01,cadastro 2026-T2 (22 dias),cadastro 2026-T2
2026-Q2,Jun–Jul/2026 (T2),2026-06-22 13:55,Eluan Albuquerque de Lima,eluan albuquerque de lima,PHARUS,Nícolas Alves,10.0,Promotor,10.0,,,,,,"Em progresso, mas com dúvidas","Entendi o método, mas ainda não implementei o suficiente",Acompanhamento e segurança,,"O acompanhamento da equipe, atendimento personalizado",Ter acompanhamento e resultados,Nao,,,typeform 2025-26,historico_typeform.csv,Typeform NPS,szcennr3k422f5hm4ftzszcennrjdwfj,base mecanismos (0 dias),base mecanismos
2026-Q2,Jun–Jul/2026 (T2),2026-06-22 14:17,Raquel Abreu de Assis,raquel abreu de assis,PHARUS,Abner Braga,9.0,Promotor,10.0,,,,,,Totalmente no caminho,Tenho clareza e estou executando com consistência,"Esclarecimentos, dedicação e compromisso",,Dedicação dos consultores,"Seria preciso melhorar o valor do investimento da Quarta Via, pois acho um valor ainda elevado",Não,,,typeform 2025-26,historico_typeform.csv,Typeform NPS,94o7o73bcyr7g9394o7onervcamju38u,cadastro 2026-T2 (respondente) (0 dias),cadastro 2026-T2
2026-Q2,Jun–Jul/2026 (T2),2026-06-22 14:53,Vinicius Ferreira da Silva,vinicius ferreira da silva,PHARUS,Gustavo Papeschi Mariano,9.0,Promotor,10.0,,,,,,Totalmente no caminho,"Entendi o método, mas ainda não implementei o suficiente",Sinto falta de encontros presenciais!,,O acompanhamento do mentor Gustavo muito prestativo e capacitado ele é 10,"Aprofundar mais , pois ainda não passei por todas as possibilidades…","Acredito que no tempo certo passarei por todas as oportunidades que oferecem , dito isso me encontro satisfeito o estrategista é Topp",,,typeform 2025-26,historico_typeform.csv,Typeform NPS,fkprhrhcsc3fhasx66g1iffkprhrhc6t,cadastro 2026-T2 (respondente) (0 dias),cadastro 2026-T2
2026-Q2,Jun–Jul/2026 (T2),2026-06-22 15:41,Augusto Cézar Mendes Pisco Néri,augusto cezar mendes pisco neri,PHARUS,Cleuber Anicesio,10.0,Promotor,10.0,,,,,,"Em progresso, mas com dúvidas",Tenho clareza e estou executando com consistência,Atenção e transparência,,Disponibilidade em sanar dúvidas e acompanhamento personalizado.,Alcançar os objetivos traçados,Nao,,,typeform 2025-26,historico_typeform.csv,Typeform NPS,7wwgnnloerpisry9olb47wwgnnlaapes,cadastro 2026-T2 (respondente) (0 dias),cadastro 2026-T2
2026-Q2,Jun–Jul/2026 (T2),2026-06-22 16:36,Luis Carlos Furini Salvador,luis carlos furini salvador,PHARUS,Pedro Goulart,10.0,Promotor,10.0,,,,,,"Em progresso, mas com dúvidas","Entendi o método, mas ainda não implementei o suficiente",Conhecimento,,Cordialidade,Resultado concreto,"Proposta interessante, espero colher bons resultados",,,typeform 2025-26,historico_typeform.csv,Typeform NPS,8efztpcynab5gbkdex248efztprhfbnv,base mecanismos (0 dias),base mecanismos
2026-Q2,Jun–Jul/2026 (T2),2026-06-22 19:05,Heráclito Dantas de Miranda Neto,heraclito dantas de miranda neto,PHARUS,Abner Braga,1.0,Detrator,5.0,,,,,,Desacreditei do método,Perdi o vínculo com o projeto e preciso retomar,Não tive nenhum retorno do valor alto investido,"Sinceramente, não sei... Mal tivemos contato",,Primeiro começar...,Minhas notas foram baixas porque tivemos poucas experiencias e as que tivemos não foi o suficiente para ter confiança no metodo.,,,typeform 2025-26,historico_typeform.csv,Typeform NPS,656rck5d2lvxwpy656r8eudulumare57,base mecanismos (0 dias),base mecanismos
2026-Q2,Jun–Jul/2026 (T2),2026-06-22 20:18,Cíntia Bimbato de Menezes Paiva,cintia bimbato de menezes paiva,PHARUS,Gabriel Oliveira,10.0,Promotor,10.0,,,,,,Totalmente no caminho,Tenho clareza e estou executando com consistência,A ajuda para organizar meus pagamentos semanais,,Eu era muito desorganizada. Estou cheia de dívidas e preciso quitar o quanto antes,Quitar minhas dívidas,Nada,,,typeform 2025-26,historico_typeform.csv,Typeform NPS,gkik24s9lu5gb6qo4ojxi03gkiki5rkk,base mecanismos (0 dias),base mecanismos
2026-Q2,Jun–Jul/2026 (T2),2026-06-22 21:45,Luciana Maraldi Freire,luciana maraldi freire,PHARUS,Andrieli Campesato,10.0,Promotor,9.0,,,,,,"Em progresso, mas com dúvidas","Entendi o método, mas ainda não implementei o suficiente",Inovação e confiabilidade,,Integridade nas respostas (sem promessas vazias),Resultados fortes no primeiro ano,"Uma novidade que ainda estamos tentando entender e implantar do jeito certo, confiando no método.",,,typeform 2025-26,historico_typeform.csv,Typeform NPS,ddm0o1a6szu3063sjaqwddm0o1a6ko5j,cadastro 2026-T2 (respondente) (0 dias),cadastro 2026-T2
2026-Q2,Jun–Jul/2026 (T2),2026-06-22 22:40,Rodrigo Augusto de Aguiar Guedes,rodrigo augusto de aguiar guedes,PHARUS,Tiago Junior,8.0,Neutro,9.0,,,,,,"Em progresso, mas com dúvidas",Tenho clareza e estou executando com consistência,"Várias ideias mas, ainda, não recuperei o investimento","Muitos clientes já entram com valores guardados e mal investidos poderiam ser usados para acelerar  a renda passiva, ao invés de sempre seguir a previsão de 7 anoa",,Recuperar o investimento ano a ano,No momento nao,,,typeform 2025-26,historico_typeform.csv,Typeform NPS,rjpw93ry9bqar4bva8bqdeurjpw93dki,base mecanismos (0 dias),base mecanismos
2026-Q2,Jun–Jul/2026 (T2),2026-06-23 06:40,Lourival Rech Junior,lourival rech junior,PHARUS,Samuel Araújo,9.0,Promotor,9.0,,,,,,Totalmente no caminho,Tenho clareza e estou executando com consistência,Crescimento financeiro futuro com os investimentos e atendimento,,visão de progresso e formas de aplicar o dinheiro,resultados conforme planejado,não,,,typeform 2025-26,historico_typeform.csv,Typeform NPS,cyyf2yljp49as0wn72cyyf2u91ex4h95,cadastro 2026-T2 (respondente) (0 dias),cadastro 2026-T2
2026-Q2,Jun–Jul/2026 (T2),2026-06-23 07:13,Juliana Matos da Silva,juliana matos da silva,PHARUS,Samuel Araújo,10.0,Promotor,10.0,,,,,,Totalmente no caminho,Tenho clareza e estou executando com consistência,Excelente assessoria,,Qualidade técnica,Confiança,Nao,,,typeform 2025-26,historico_typeform.csv,Typeform NPS,lp5dcuv41aszorzh6mccmlp5dcuv4v01,cadastro 2026-T2 (respondente) (0 dias),cadastro 2026-T2
2026-Q2,Jun–Jul/2026 (T2),2026-06-23 08:27,Andreas Roberto Saller,andreas roberto saller,PHARUS,Andrieli Campesato,10.0,Promotor,10.0,,,,,,"Em progresso, mas com dúvidas","Entendi o método, mas ainda não implementei o suficiente",Acreditar na proposta,,Atendimento,Ver resultados,Não,,,typeform 2025-26,historico_typeform.csv,Typeform NPS,h775iml6oivt37kyinxwh775iml68tau,base mecanismos (0 dias),base mecanismos
2026-Q2,Jun–Jul/2026 (T2),2026-06-23 10:53,Stella Maris Grisolia Fuzina,stella maris grisolia fuzina,PHARUS,Rodrigo Amorim,10.0,Promotor,10.0,,,,,,"Em progresso, mas com dúvidas","Entendi o método, mas ainda não implementei o suficiente",Clareza do acessor,,Os objetivos da Pharus,Atingir meus objetivos a curto prazo,Não,,,typeform 2025-26,historico_typeform.csv,Typeform NPS,d109xzn0yz7t2596p0yd109xnvgzeb7k,base mecanismos (0 dias),base mecanismos
2026-Q2,Jun–Jul/2026 (T2),2026-06-23 11:41,Thelma Medeiros da Cunha,thelma medeiros da cunha,PHARUS,Samuel Araújo,10.0,Promotor,10.0,,,,,,Totalmente no caminho,Tenho clareza e estou executando com consistência,Satisfação,,seguindo no caminho certo,atingir os resultados planejados,no momento não,,,typeform 2025-26,historico_typeform.csv,Typeform NPS,q3ra7aw4fofynwe1w0fq3ra2q8i3tdeh,base mecanismos (0 dias),base mecanismos
2026-Q2,Jun–Jul/2026 (T2),2026-06-23 11:41,Thiago Araujo Reis,thiago araujo reis,PHARUS,Gustavo Papeschi Mariano,10.0,Promotor,10.0,,,,,,"Em progresso, mas com dúvidas",Tenho clareza e estou executando com consistência,Excelente atendimento,,Excelente base de conhecimento do meu estrategista patrimonial,Retorno nos investimentos no curto e médio prazo,Não,,,typeform 2025-26,historico_typeform.csv,Typeform NPS,y9pe3ufjjdzoykxvewzy9pe3vwvyovtw,base mecanismos (0 dias),base mecanismos
2026-Q2,Jun–Jul/2026 (T2),2026-06-23 11:44,Clóvis Roberto de Freitas,clovis roberto de freitas,PHARUS,Gabriel Oliveira,8.0,Neutro,8.0,,,,,,"Em progresso, mas com dúvidas","Entendi o método, mas ainda não implementei o suficiente","Não há nada que não possa ser melhorado,  nem situações que não possam piorar.  A perfeição pertence somente a Deus.",Eventos presenciais. Nada substitui o contato humano.  Networking,,Mais experiências pessoais com a equipe,Não,,,typeform 2025-26,historico_typeform.csv,Typeform NPS,a9zjf47oie40ad39xnta9zjf47o7jixp,base mecanismos (0 dias),base mecanismos
2026-Q2,Jun–Jul/2026 (T2),2026-06-23 12:10,Bianca Vieira Canedo,bianca vieira canedo,PHARUS,Samuel Araújo,10.0,Promotor,10.0,,,,,,Totalmente no caminho,"Entendi o método, mas ainda não implementei o suficiente",Gostando muito,,Atenção e orientações,Aplicar os métodos!,Não obrigada,,,typeform 2025-26,historico_typeform.csv,Typeform NPS,rw1hcvbaj53g7v1bdrw1sukwkxq055qu,cadastro 2026-T2 (21 dias),cadastro 2026-T2
2026-Q2,Jun–Jul/2026 (T2),2026-06-23 13:04,Claudia Maria Bandeira,claudia maria bandeira,PHARUS,Rodrigo Amorim,9.0,Promotor,10.0,,,,,,"Em progresso, mas com dúvidas","Entendi o método, mas ainda não implementei o suficiente",Clareza e seriedade,,Acompanhamento otimo,Parte financeira pra pagar,Parabéns,,,typeform 2025-26,historico_typeform.csv,Typeform NPS,rup6i3gbdriz1me8m5rup6dc5iwdv2iw,cadastro 2026-T2 (respondente) (0 dias),cadastro 2026-T2
2026-Q2,Jun–Jul/2026 (T2),2026-06-23 14:02,Thais Goldman Fares,thais goldman fares,PHARUS,Samuel Araújo,10.0,Promotor,10.0,,,,,,Totalmente no caminho,Tenho clareza e estou executando com consistência,Confiança no programa.,,Segurança e atenção personalizada.,"Já renovei o programa por mais 3 anos, então resultados nesse período.",Não,,,typeform 2025-26,historico_typeform.csv,Typeform NPS,8g36nn23w3g7nyi8g36nxpw2bmzvc2si,cadastro 2026-T2 (respondente) (0 dias),cadastro 2026-T2
2026-Q2,Jun–Jul/2026 (T2),2026-06-23 14:39,Gilvane Marchesi,gilvane marchesi,PHARUS,Andrieli Campesato,10.0,Promotor,10.0,,,,,,Totalmente no caminho,"Entendi o método, mas ainda não implementei o suficiente",Atendimento atencioso e real interesse em aumentar gan,,"Atendimento, clareza",Resultados financeiros reais,.,,,typeform 2025-26,historico_typeform.csv,Typeform NPS,2d1sbl5xlq07pdau2vj2d1sspxkysauo,cadastro 2026-T2 (respondente) (0 dias),cadastro 2026-T2
2026-Q2,Jun–Jul/2026 (T2),2026-06-23 15:34,Cassio Guilherme da Silva Moreira,cassio guilherme da silva moreira,PHARUS,Gustavo Papeschi Mariano,9.0,Promotor,10.0,,,,,,"Em progresso, mas com dúvidas",Tenho clareza e estou executando com consistência,Assistência e possibilidades variadas,,Acerto cidade e segurança do gustavo,Retorno. Sucesso . Prosperidade e alavancagem acertivas de retorno,Não,,,typeform 2025-26,historico_typeform.csv,Typeform NPS,ekphdfzpl6smghiekphd2gt3pvg30ldy,cadastro 2026-T2 (respondente) (0 dias),cadastro 2026-T2
2026-Q2,Jun–Jul/2026 (T2),2026-06-23 16:06,Isadhora Souza Ribeiro Santos,isadhora souza ribeiro santos,PHARUS,Samuel Araújo,9.0,Promotor,10.0,,,,,,Totalmente no caminho,Tenho clareza e estou executando com consistência,oportunidades consistentes e acessíveis,,"As oportunidades até então oferecidas, bem como  a variedade das mesmas",Manutenção de estretégias sólidas de implementação. Celeridade na ativação do recurso aplicado. Oportunidades variadas e acessiveis para melhor diversificação da carteira.,"Samuel tem sido um profissional de excelência,  comprometido e atento às demandas e disponibilidade constante para atender às necessidades. É um bom ouvinte, acessível e colaborativo, sempre disposto a contribuir.",,,typeform 2025-26,historico_typeform.csv,Typeform NPS,oggcqypvfujrptht8uoggcqyppklyp18,cadastro 2026-T2 (respondente) (0 dias),cadastro 2026-T2
2026-Q2,Jun–Jul/2026 (T2),2026-06-23 16:24,Ricardo Maldonado Niffinegger,ricardo maldonado niffinegger,PHARUS,Gabriel Oliveira,10.0,Promotor,10.0,,,,,,Totalmente no caminho,Tenho clareza e estou executando com consistência,Consegui sair de uma dívida que estava e reconciliar meu fluxo de caixa,,A operação de trocar dívidas caras por uma mais barata,"Preciso retomar meu aporte para conseguir continuar. Renovei por 1 ano, porém, agora estou sem aporte.",Não,,,typeform 2025-26,historico_typeform.csv,Typeform NPS,ktdwkqodiyu1s0knz6dktdwkqabbi8qn,cadastro 2026-T2 (21 dias),cadastro 2026-T2
2026-Q2,Jun–Jul/2026 (T2),2026-06-23 18:19,Daniele Cristina de Sant’anna Muniz Pimenta,daniele cristina de santanna muniz pimenta,PHARUS,Samuel Araújo,10.0,Promotor,10.0,,,,,,"Em progresso, mas com dúvidas","Entendi o método, mas ainda não implementei o suficiente",Direcionamento,,Acompanhamento e organização,Resultados,Acredito que terei bons resultados,,,typeform 2025-26,historico_typeform.csv,Typeform NPS,jc010kkfqybukmw7kc0jc010b41fbzbq,cadastro 2026-T2 (respondente) (0 dias),cadastro 2026-T2
2026-Q2,Jun–Jul/2026 (T2),2026-06-23 19:21,Lissandra Cavalheiro Maioli,lissandra cavalheiro maioli,PHARUS,Rodrigo Amorim,10.0,Promotor,10.0,,,,,,"Em progresso, mas com dúvidas",Tenho clareza e estou executando com consistência,"Orientações claras, planejamento estratégico, sempre tenho respostas quando preciso",,A disponibilidade e clareza do meu consultor,Visualizar o retorno esperado no planejamento,Não obrigada,,,typeform 2025-26,historico_typeform.csv,Typeform NPS,a2kg3iyo775s2oplqa2kg3jpo74ifxov,cadastro 2026-T2 (respondente) (0 dias),cadastro 2026-T2
2026-Q2,Jun–Jul/2026 (T2),2026-06-23 20:13,Arlindo Viegas Alves da Mota,arlindo viegas alves da mota,PHARUS,Willian Oliveira Schimidt,10.0,Promotor,10.0,,,,,,Totalmente no caminho,"Entendi o método, mas ainda não implementei o suficiente",O acompanhamento foi primordial para que eu pudesse pensar fora da caixa.,,O pegar na mão para acompanhar o passo a passo na minha vida financeira.,Não continuarei por questão de finanças para o pagamento do programa. Ficou alto para mim.,Não acho necessário.,,,typeform 2025-26,historico_typeform.csv,Typeform NPS,x9z58zuvporheg8pcx9z58ofwsglbr56,cadastro 2026-T2 (21 dias),cadastro 2026-T2
2026-Q2,Jun–Jul/2026 (T2),2026-06-23 21:17,Rodrigo de Andrade Venticinque,rodrigo de andrade venticinque,PHARUS,Rodrigo Amorim,8.0,Neutro,10.0,,,,,,Estagnado ou travado,Estou travado em alguma parte e preciso de ajuda,"Minha expectativa era de aprender a mexer com a liloes, cartas de crédito, etc. porém oquebnterninqiebtenhonqie entrar dentro dos negócios que rodam na casa. Cartas de crédito, leilões, etc. gosto muito do Rodrigo Amorim , super atencioso. Mas a mentoria seria para aprender a fazer os negócios e não para formentar os negocios da Pharos. ,","Ter os cursos on line , ead para poder aprender a trabalhar sozinho caso fosse a minha vontade.",,Vai depender de vários fatores. O principal é ver meu resultado,Confesso que estou um pouco decepcionado com a minha expectativa.,,,typeform 2025-26,historico_typeform.csv,Typeform NPS,v51038yr774ms4civ510zjeqgh5u5dpf,cadastro 2026-T2 (21 dias),cadastro 2026-T2
2026-Q2,Jun–Jul/2026 (T2),2026-06-24 10:04,Francisco de Assis Salvador Junior,francisco de assis salvador junior,PHARUS,Rodrigo Lunardi,10.0,Promotor,10.0,,,,,,Totalmente no caminho,Tenho clareza e estou executando com consistência,"Clareza do processo, a lógica do modelo e estar construindo meu próprio patrimônio com auxílio da Quarta Via",,A lógica e a clareza do projeto.,"A confiança, consistência e resultados no projeto.","Gosto muito do raciocínio e domínio de conceitos da equipe, com estratégia clara, bem fundamentada, ética e precisa.",,,typeform 2025-26,historico_typeform.csv,Typeform NPS,p2405f43adreky5wsp2405q402hr9hdx,base mecanismos (0 dias),base mecanismos
2026-Q2,Jun–Jul/2026 (T2),2026-06-24 11:14,Victor Alfredo Mirol,victor alfredo mirol,PHARUS,Abner Braga,10.0,Promotor,10.0,,,,,,"Em progresso, mas com dúvidas","Entendi o método, mas ainda não implementei o suficiente",A utilidade dos conceitos psico-económicos inclusos na proposta geral.,,O aprendizado e o suporte,A experiência diaria,São pioneiros numa tendência que játe,,,typeform 2025-26,historico_typeform.csv,Typeform NPS,5tg44bv6rsdufxwwv5tg45zhf2xuwd4u,base mecanismos (0 dias),base mecanismos
2026-Q2,Jun–Jul/2026 (T2),2026-06-24 11:47,Leandro Vilanova Coelho,leandro vilanova coelho,PHARUS,Willian Oliveira Schimidt,10.0,Promotor,10.0,,,,,,Estagnado ou travado,Estou travado em alguma parte e preciso de ajuda,Qualidade do produto e dos esclarecimentos sobre o mesmo por parte da equipe,,"O atendimento que recebi, principalmente do senhor William","Eu sei que o projeto é consistente. Estou travado por questões pessoais, mas tentando resolver para iniciar",Somente o que foi exposto,,,typeform 2025-26,historico_typeform.csv,Typeform NPS,bi51bw2fa288extgqxcdbi51bwu8i2pn,base mecanismos (0 dias),base mecanismos
2026-Q2,Jun–Jul/2026 (T2),2026-06-25 11:35,Andre Colombo Bermudez,andre colombo bermudez,PHARUS,Samuel Araújo,9.0,Promotor,10.0,,,,,,"Em progresso, mas com dúvidas",Tenho clareza e estou executando com consistência,O auxílio de estrategista e a própria metodologia,,As ferramentas e análises geradas exclusivas para minha realidade e estrategista exclusivo orientando nas decisões e direcionamento,Apliquei algumas estratégias mas ainda nao tive clareza sobre o retorno que a estratégias trouxeram com relacao ao crescimento patrimonial e criação de renda passiva,Eu gostaria de ter uma visão do meu progresso no programa baseado nos meus objetivos,,,typeform 2025-26,historico_typeform.csv,Typeform NPS,z8oe1te2hcok6n9z8oe1io0vw12fqj5v,cadastro 2026-T2 (respondente) (0 dias),cadastro 2026-T2
2026-Q2,Jun–Jul/2026 (T2),2026-06-25 12:03,Carlos Alberto de Andrade Peixoto,carlos alberto de andrade peixoto,PHARUS,Pedro Goulart,10.0,Promotor,10.0,,,,,,Totalmente no caminho,Tenho clareza e estou executando com consistência,Gostei muito do acompanhamento,,Das opções apresentadas,Quando os resultados começarem a aparecer,Não,,,typeform 2025-26,historico_typeform.csv,Typeform NPS,e4f1p5o9jk53cgaynype4f1p5o8ywj7e,base mecanismos (0 dias),base mecanismos
2026-Q2,Jun–Jul/2026 (T2),2026-06-25 12:40,Fabio Henrique Bentivoglio Pereira,fabio henrique bentivoglio pereira,PHARUS,Hendrick Dorner,9.0,Promotor,10.0,,,,,,"Em progresso, mas com dúvidas","Entendi o método, mas ainda não implementei o suficiente",Confiança na equipe,,"Confiança na equipe, atenção dos consultores",Resultados concretos e consistentes nos próximos 12 meses,"Nesse 1 ano e meio junto a equipe Quartavia aprendi e tive uma nova visão do mercado financeiro,  ainda tenho dúvidas sobre como o processo me ajudará a alavancar o patrimônio e ter uma renda passiva consistente daqui 5 ou 6 anos, mas pretendo continuar para ver as estratégias acontecerem.",,,typeform 2025-26,historico_typeform.csv,Typeform NPS,8rxamy8jjj6as90qy8rxnywz4g16n5b7,cadastro 2026-T2 (respondente) (0 dias),cadastro 2026-T2
2026-Q2,Jun–Jul/2026 (T2),2026-06-25 13:17,Isadora Resende Mendes,isadora resende mendes,PHARUS,Willian Oliveira Schimidt,10.0,Promotor,10.0,,,,,,"Em progresso, mas com dúvidas",Tenho clareza e estou executando com consistência,Muita assistência de qualidade,,"A assistência, o nível técnico de conhecimento e a personalização de acordo com meu caso",a assistência e continuar vendo os resultados praticos,"O suporte é toda a ajuda que William nos dá é fundamental. Não tenta vender produto, conhece nossa situação e personaliza tudo de acordo com a realidade atual e muito verdadeiro e objetivo",,,typeform 2025-26,historico_typeform.csv,Typeform NPS,8pqqgcfu37qb08sb5dfvdp08pqqgv4x6,cadastro 2026-T2 (19 dias),cadastro 2026-T2
2026-Q2,Jun–Jul/2026 (T2),2026-06-25 13:52,Paulo Sergio Lima dos Santos,paulo sergio lima dos santos,PHARUS,Abner Braga,9.0,Promotor,10.0,,,,,,"Em progresso, mas com dúvidas","Entendi o método, mas ainda não implementei o suficiente",Retorno obitido,,Esclarecimentos e retorno.,Retorno financeiro,Não,,,typeform 2025-26,historico_typeform.csv,Typeform NPS,vto80mafgyeh579gvtq4vto80mld3csi,base mecanismos (0 dias),base mecanismos
2026-Q2,Jun–Jul/2026 (T2),2026-06-25 17:08,Thays Coelho da Silva Dias,thays coelho da silva dias,PHARUS,Rodrigo Amorim,5.0,Detrator,10.0,,,,,,"Em progresso, mas com dúvidas","Entendi o método, mas ainda não implementei o suficiente",Ainda não vi as estratégias,Agendas alternativas final de semana  ou após as 18h.,,Análise de retorno e tira dúvidas,Até agora não muito inicial,,,typeform 2025-26,historico_typeform.csv,Typeform NPS,75wl38xvexz3036z99n75wl3ey0atzt5,base mecanismos (0 dias),base mecanismos
2026-Q2,Jun–Jul/2026 (T2),2026-06-26 02:46,Thiago Pugliesi Garcia,thiago pugliesi garcia,PHARUS,Gustavo Papeschi Mariano,8.0,Neutro,10.0,,,,,,"Em progresso, mas com dúvidas","Entendi o método, mas ainda não implementei o suficiente","Tivemos muitos problemas de resposta, suporte e atendimento no início. Isto só foi solucionado meses após iniciarmos nosso contrato, e só se melhorou com a chegada do Gustavo Papeschi como nosso atual consultor.  Antes do Gustavo a impressão era de um serviço amador e muitooo abaixo do esperado.","Acredito que neste momento estamos caminhando pra isto, graças ao Gustavo que tem se esforçado e dedicado ao máximo pra tirar a impressão ruim do início de nossa parceria com a quarta via. Outro ponto importante é a melhor informação e opções de recursos visando os clientes em situação de não residente fiscal.",,Ver o retorno e sentir o processo andar.,"Temos um sentimento misto, acreditamos na filosofia, desejamos implementar, mas o início da relação devido as pessoas que foram designadas para nos atender nos deixou uma sensação ruim que ainda persiste em alguns momentos. Nossa relação hoje é muito boa com nosso assessor o que nos traz a esperança que o projeto funciona.",,,typeform 2025-26,historico_typeform.csv,Typeform NPS,drp3e74ghq627a93ridrp3e7kz3n62fq,base mecanismos (0 dias),base mecanismos
2026-Q2,Jun–Jul/2026 (T2),2026-06-26 09:25,Leonardo Franchini Vinhola,leonardo franchini vinhola,PHARUS,Rodrigo Lunardi,10.0,Promotor,10.0,,,,,,Totalmente no caminho,Tenho clareza e estou executando com consistência,"A estrutura do programa é muito sólida, consolida conceitos diferentes de uma forma clara e concisa, permitindo ao participante entender melhor o que fazer. Além disso, o acompanhamento de perto do Engenheiro Patrimonial tanto traz luz às principais dúvidas, quanto ""obriga"" o participante à seguir o combinado, evitando distrações e colaborando para o atingimento das metas.",,"Engenheiro Patrimonial, acompanhamento constante. Estrutura sólida do programa (fundamentos em que o programa se apoia).","Na prática, continuar o bom trabalho, conforme o tempo andar e meus objetivos macro forem sendo atingidos, pretendo ser elegível a fazer parte do Davos se houver convite.",Sem mais comentários.,,,typeform 2025-26,historico_typeform.csv,Typeform NPS,9b734i8i0x2vu2rj9b730kip5z57gk7x,base mecanismos (0 dias),base mecanismos
2026-Q2,Jun–Jul/2026 (T2),2026-06-26 09:56,Fernando Henrique Schneider,fernando henrique schneider,PHARUS,Tales Salinas Rozo,8.0,Neutro,8.0,,,,,,Totalmente no caminho,Tenho clareza e estou executando com consistência,FALTA UM ACOMPANHAMENTO MAIS DE PERTO,AUMENTAR O TEMPO DE REUNIÃO E A TOLERÂNCIA DE ENTRADA NA REUNIÃO,,RESULTADO.,NÃO,,,typeform 2025-26,historico_typeform.csv,Typeform NPS,ki2prnp4j5axj5hki27iz2d7gleykqj0,base mecanismos (0 dias),base mecanismos
2026-Q2,Jun–Jul/2026 (T2),2026-06-26 19:27,Patrícia Soares da Silva,patricia soares da silva,PHARUS,Andrieli Campesato,8.0,Neutro,10.0,,,,,,"Em progresso, mas com dúvidas",Estou travado em alguma parte e preciso de ajuda,Gostei da proposta e estou no início vendo um excelente potencial de ajuda em meu crescimento financeiro,"Por enquanto, não sugiro algo a mais pois ainda preciso me dedicar mais às aulas e marcar mais reuniões com minha tutora. Mas a falta de tempo é minha.",,Ver minha evolução em entender os investimentos e o aumento real da minha rentabilidade financeira,"Gostaria de ter mais aulas básicas sobre investimentos, taxas e todo o mercado financeiro pois sou muito iniciante no assunto",,,typeform 2025-26,historico_typeform.csv,Typeform NPS,k7kx1fugiye86dfk7kx148j93u15xt9y,base mecanismos (0 dias),base mecanismos
2026-Q2,Jun–Jul/2026 (T2),2026-06-28 14:43,Yoandrys Guerra Sánchez,yoandrys guerra sanchez,PHARUS,Gabriel Oliveira,10.0,Promotor,10.0,,,,,,Totalmente no caminho,Tenho clareza e estou executando com consistência,Atendimento e clareza do caminho,,Clareza,Conseguir ter mais aporte,Não,,,typeform 2025-26,historico_typeform.csv,Typeform NPS,lsz8wr5tdiqvlv99agalsz8t9qlz09kj,base mecanismos (0 dias),base mecanismos
2026-Q2,Jun–Jul/2026 (T2),2026-06-29 10:56,Edson Mitsuo Nishida,edson mitsuo nishida,PHARUS,Cleuber Anicesio,9.0,Promotor,10.0,,,,,,"Em progresso, mas com dúvidas","Entendi o método, mas ainda não implementei o suficiente",Consultoria com resultados,,Satisfação e educação do orientador financeiro,Retorno financeiro,Nao,,,typeform 2025-26,historico_typeform.csv,Typeform NPS,qlwus4kkihj6vqlwu9zqjhuy66dz8n7d,base mecanismos (0 dias),base mecanismos
2026-Q2,Jun–Jul/2026 (T2),2026-06-29 11:27,Marcio Hartz,marcio hartz,PHARUS,Gustavo Papeschi Mariano,10.0,Promotor,10.0,,,,,,Totalmente no caminho,Tenho clareza e estou executando com consistência,"Orientação clara, apoio na tomada de decisões, poderia nota 10!",,"A confiança no método e na aplicação do mesmo com a ajuda do meu consultor Gustavo, receita de sucesso!","Nem pensem em me abandonar rsrs, estou com vocês e confio em vocês!!!","O cara entende muito! Me esclarece tudo que solicito, sabe lidar com o assunto e é uma pessoa em que confio muito, tudo isso construído neste período mostrando em todos os detalhes e sendo um baita parceiro! Parabéns a vocês pelos profissionais que estão com vocês, todos que tive contado até hoje foram show de bola!",,,typeform 2025-26,historico_typeform.csv,Typeform NPS,gen4aw0u4vyn1n9cbgen4aw0yq6kw97j,cadastro 2026-T2 (15 dias),cadastro 2026-T2
2026-Q2,Jun–Jul/2026 (T2),2026-06-29 11:49,Thiago Lara Vasques,thiago lara vasques,PHARUS,Cleuber Anicesio,9.0,Promotor,10.0,,,,,,Totalmente no caminho,Tenho clareza e estou executando com consistência,Seriedade,,Contato direto e personalizado,A continuação do trabalho e os resultados chegando.,Não,,,typeform 2025-26,historico_typeform.csv,Typeform NPS,kurkkvybatgfkurkk8d0kzlbtja1ieto,base mecanismos (0 dias),base mecanismos
2026-Q2,Jun–Jul/2026 (T2),2026-06-29 12:11,Fabrício Figueiredo de Alencar,fabricio figueiredo de alencar,PHARUS,Cleuber Anicesio,10.0,Promotor,10.0,,,,,,Totalmente no caminho,"Entendi o método, mas ainda não implementei o suficiente","Metodologia, planejamento e atendimento",,Acompanhamento,Já renovei por 3 anos,Por hora nenhum,,,typeform 2025-26,historico_typeform.csv,Typeform NPS,j0oeal12yxu90mvsoxtrfj0oeal1e98d,base mecanismos (0 dias),base mecanismos
2026-Q2,Jun–Jul/2026 (T2),2026-06-29 13:49,Eliane Kublik de Figueiredo,eliane kublik de figueiredo,PHARUS,Andrieli Campesato,10.0,Promotor,10.0,,,,,,Estagnado ou travado,"Entendi o método, mas ainda não implementei o suficiente",Acho que faz sentido,,Disponibilidade,Não sei ainda,Não,,,typeform 2025-26,historico_typeform.csv,Typeform NPS,xs9o8145cnjltowh8ewrxs9o8gunwa94,base mecanismos (0 dias),base mecanismos
2026-Q2,Jun–Jul/2026 (T2),2026-06-29 16:28,Ernani Vasconcellos Emiliano dos Santos,ernani vasconcellos emiliano dos santos,PHARUS,Gustavo Papeschi Mariano,10.0,Promotor,10.0,,,,,,Totalmente no caminho,Tenho clareza e estou executando com consistência,"Atenção, conhecimento sobre o assunto, agilidade no atendimento",,O atendimento e o conhecimento sobre os assuntos,Resultados,Nenhum.,,,typeform 2025-26,historico_typeform.csv,Typeform NPS,tbs0332i31itwfowh2tbs05vi1yxubzj,cadastro 2026-T2 (respondente) (0 dias),cadastro 2026-T2
2026-Q2,Jun–Jul/2026 (T2),2026-06-30 08:00,Alcione Neves Oliveira,alcione neves oliveira,PHARUS,Andrieli Campesato,10.0,Promotor,10.0,,,,,,"Em progresso, mas com dúvidas",Tenho clareza e estou executando com consistência,Atenção e clareza nas orientações.,,"Qualidade das informações, objetividade e disponibilidade.",Começar a ter retorno efetivo,Não,,,typeform 2025-26,historico_typeform.csv,Typeform NPS,1aohvlxbbd7y3lfr1aohv6waeg227te9,base mecanismos (0 dias),base mecanismos
2026-Q2,Jun–Jul/2026 (T2),2026-06-30 10:03,Mariana Lopes Machado,mariana lopes machado,PHARUS,Andrieli Campesato,8.0,Neutro,9.0,,,,,,Estagnado ou travado,Estou travado em alguma parte e preciso de ajuda,"Serviço excelente, mas custo alto em função, dependendo do caso, do retorno no primeiro ano.","Não sei se é possível, mas talvez um custo menor no primeiro ano, ou desconto nos anos seguintes.",,"Começar a visualizar melhor os resultados, mesmo que futuros","Sinto que o tempo passoj e pouca coisa foi feita efetivamente. Me sinto ainda um pouco perdida nas estratégias e quando vejo, passou o tempo e eu fiquei presa na rotina do dia-a-dia, estou me sentindo um pouco insegura em relação aos passos mês a mês. Talvez ajudasse uma reuniao previamente marcada mes a mes ou a cada 2 semanas (melhor ainda) pra retomar. Mesmo que fosse só pra repetir as estrategias e verificar se está tudo sendo feito certinho. Ao menos agora, no início.",,,typeform 2025-26,historico_typeform.csv,Typeform NPS,bbw7nthtnec9axoahbbw7n6ci6v3jl6z,cadastro 2026-T2 (14 dias),cadastro 2026-T2
2026-Q2,Jun–Jul/2026 (T2),2026-06-30 11:02,Ricardo Rodrigues Fernandes,ricardo rodrigues fernandes,PHARUS,Thiago Henrique Trova,10.0,Promotor,10.0,,,,,,"Em progresso, mas com dúvidas","Entendi o método, mas ainda não implementei o suficiente",Acompanhamento conjunto do analista financeiro,,"Auxílio na estruturação financeira, planejamento sustentável e bons investimentos",Concretizar os resultados esperados do planejamento,Quero me aprofundar mais no processo de amadurecimento financeiro proposto pela Quarta Via.,,,typeform 2025-26,historico_typeform.csv,Typeform NPS,im7vhs6wn2lzr861im7vhd53n7on404s,cadastro 2026-T2 (respondente) (0 dias),cadastro 2026-T2
2026-Q2,Jun–Jul/2026 (T2),2026-06-30 12:59,Alessandra Girotto,alessandra girotto,PHARUS,Gustavo Papeschi Mariano,9.0,Promotor,9.0,,,,,,"Em progresso, mas com dúvidas","Entendi o método, mas ainda não implementei o suficiente",nada a declarar,,apoio,"siceramente não sei, acho o valor caro (apesar de entender tudo que envolve e achar justo, ao mesmo tempo). Mas ser valor justo não significa que seja acessível",nao,,,typeform 2025-26,historico_typeform.csv,Typeform NPS,aknidzu2x3cw0xo73baknidzugwk27ne,base mecanismos (0 dias),base mecanismos
2026-Q2,Jun–Jul/2026 (T2),2026-06-30 15:04,Jander Freitas Silva,jander freitas silva,PHARUS,Willian Oliveira Schimidt,10.0,Promotor,10.0,,,,,,"Em progresso, mas com dúvidas",Tenho clareza e estou executando com consistência,Estratégia e atenção,,Estratégia. Organização e atenção,Alcançar a liberdade financeira,Não. Satisfeito,,,typeform 2025-26,historico_typeform.csv,Typeform NPS,3ggh7pcxaswoqf8rfdb9823ggh7pcxyt,base mecanismos (0 dias),base mecanismos
2026-Q2,Jun–Jul/2026 (T2),2026-06-30 15:08,Nastia Irina de Sousa Santos,nastia irina de sousa santos,PHARUS,Gustavo Papeschi Mariano,9.0,Promotor,9.0,,,,,,Totalmente no caminho,Tenho clareza e estou executando com consistência,Profissionalismo,,Seriedade,Resultados,Transparência,,,typeform 2025-26,historico_typeform.csv,Typeform NPS,htqp7imbz33y7jhe4whtqp7i0fbpq3l7,cadastro 2026-T2 (respondente) (0 dias),cadastro 2026-T2
2026-Q2,Jun–Jul/2026 (T2),2026-06-30 16:11,Ana Paula Andrade e Sousa Medeiros,ana paula andrade e sousa medeiros,PHARUS,Willian Oliveira Schimidt,10.0,Promotor,10.0,,,,,,"Em progresso, mas com dúvidas","Entendi o método, mas ainda não implementei o suficiente",Ótimo atendimento,,"O bom atendimento, a qualidade das orientações",Perceber o crescimento constante do meu capital,Nao,,,typeform 2025-26,historico_typeform.csv,Typeform NPS,qrcqdsy7obzm179iapzqrcq9gn5qjybz,base mecanismos (0 dias),base mecanismos
2026-Q2,Jun–Jul/2026 (T2),2026-06-30 16:18,Neysimelia Costa Villela,neysimelia costa villela,PHARUS,Hendrick Dorner,8.0,Neutro,10.0,,,,,,"Em progresso, mas com dúvidas","Entendi o método, mas ainda não implementei o suficiente",Qualidade e praticidade,Tempo maior de experiência para conhecer com mais profundidade,,Ver resultados concretos após um certo período,Não,,,typeform 2025-26,historico_typeform.csv,Typeform NPS,vv4h2cuppxw3ez1xovv4hu0l7r9jov5i,base mecanismos (0 dias),base mecanismos
2026-Q2,Jun–Jul/2026 (T2),2026-06-30 16:34,Dâmaris Castelo de Luca Affini,damaris castelo de luca affini,PHARUS,Abner Braga,9.0,Promotor,10.0,,,,,,Estagnado ou travado,"Entendi o método, mas ainda não implementei o suficiente",Atendimento e estratégias. Clareza,,Atendimento e insistência,Iniciar o projeto e ver resultados,Não,,,typeform 2025-26,historico_typeform.csv,Typeform NPS,qdqbo7me4hwsnw5i8qdqbosd7br8v5o3,cadastro 2026-T2 (respondente) (0 dias),cadastro 2026-T2
2026-Q2,Jun–Jul/2026 (T2),2026-06-30 16:49,Jean Meire Bastos Macedo Junior,jean meire bastos macedo junior,PHARUS,Willian Oliveira Schimidt,9.0,Promotor,10.0,,,,,,Totalmente no caminho,Tenho clareza e estou executando com consistência,Atendimento excelente,,"Tudo o apoio, alinhamento e direcionamento para conquistas",Custo,Excelência no que se propõe,,,typeform 2025-26,historico_typeform.csv,Typeform NPS,xu2a1hubf6r6zxu20vflvl4s18k8g866,cadastro 2026-T2 (14 dias),cadastro 2026-T2
2026-Q2,Jun–Jul/2026 (T2),2026-06-30 16:52,Gisele Perroud Sampaio,gisele perroud sampaio,PHARUS,Willian Oliveira Schimidt,10.0,Promotor,10.0,,,,,,Totalmente no caminho,Tenho clareza e estou executando com consistência,Soluções,,Soluções,Desconto,Não,,,typeform 2025-26,historico_typeform.csv,Typeform NPS,hllv3iiipol0hllvod3688burj76z5ko,cadastro 2026-T2 (14 dias),cadastro 2026-T2
2026-Q2,Jun–Jul/2026 (T2),2026-06-30 16:52,Fernando Paranaiba Filgueira,fernando paranaiba filgueira,PHARUS,Willian Oliveira Schimidt,10.0,Promotor,10.0,,,,,,Totalmente no caminho,Tenho clareza e estou executando com consistência,Transformador compreender os processos que ensinam,,Clareza nas metodologias e direcionamento das informações,Investir junto do grupo,"Para continuar pensando em investir com vocês, ter a obrigação de continuar na quarta via não é uma ação fácil",,,typeform 2025-26,historico_typeform.csv,Typeform NPS,rlk5jcveidir31g50xmnrlk5jwxywbmr,base mecanismos (0 dias),base mecanismos
2026-Q2,Jun–Jul/2026 (T2),2026-06-30 17:19,Danilo Sampaio de Almeida,danilo sampaio de almeida,PHARUS,Carlos Serafim,10.0,Promotor,10.0,,,,,,Totalmente no caminho,"Entendi o método, mas ainda não implementei o suficiente",Clareza,,Meu estrategista e nota 10,Clareza e confiança no método,Nao,,,typeform 2025-26,historico_typeform.csv,Typeform NPS,lliytpohuo5cywozlliyt47pr11en2ja,base mecanismos (0 dias),base mecanismos
2026-Q2,Jun–Jul/2026 (T2),2026-06-30 17:40,Fernando Koboldt Machado,fernando koboldt machado,PHARUS,Carlos Serafim,10.0,Promotor,10.0,,,,,,Totalmente no caminho,Tenho clareza e estou executando com consistência,Confiança.,,Na confiança das soluções de projeto patrimonial.,Retornos consistentes.,O projeto quarta via é para médio longo prazo. Espero aprender muita coisa com vocês e deixar de herança para meu filho todo esse conhecimento.,,,typeform 2025-26,historico_typeform.csv,Typeform NPS,50nbmwpl8dtyl950nv5sg3m8vj40oclw,cadastro 2026-T2 (respondente) (0 dias),cadastro 2026-T2
2026-Q2,Jun–Jul/2026 (T2),2026-06-30 18:16,Haroldo Almeida Sousa,haroldo almeida sousa,PHARUS,Thiago Henrique Trova,10.0,Promotor,10.0,,,,,,Estagnado ou travado,"Entendi o método, mas ainda não implementei o suficiente",Atenção e sinceridade,,Compreensão da fase que atravesso,Organizar minha vida financeira,Só agradecer,,,typeform 2025-26,historico_typeform.csv,Typeform NPS,gocf8nth5344nxp5qsdx35gocf8ntbyw,cadastro 2026-T2 (14 dias),cadastro 2026-T2
2026-Q2,Jun–Jul/2026 (T2),2026-06-30 18:37,Sandra Takaki França,sandra takaki franca,PHARUS,Thiago Henrique Trova,10.0,Promotor,10.0,,,,,,"Em progresso, mas com dúvidas",Tenho clareza e estou executando com consistência,"Muita orientaçao em um campo completamente inacessivel pra mim , por ignorancia .",,O Thiago Trova é extremamente paciente comigo e muito solicito.,"Ver frutos , mesmo que verdes e pequenos",So estou um pouco insegura pois é a primeira vez que invisto em negocios que nao sao fundos,,,typeform 2025-26,historico_typeform.csv,Typeform NPS,95a6ka0wdjdp6bu8qof95a6ka1dor7pw,base mecanismos (0 dias),base mecanismos
2026-Q2,Jun–Jul/2026 (T2),2026-06-30 18:49,Leonardo Cumin Carignano,leonardo cumin carignano,PHARUS,Rodrigo Lunardi,7.0,Neutro,9.0,,,,,,"Em progresso, mas com dúvidas",Tenho clareza e estou executando com consistência,O trabalho desenvolvido,Melhor resultado,,Mais resultados e apoio para outros projetos não só os que envolve os investimentos trazidos pelo grupo,Nao,,,typeform 2025-26,historico_typeform.csv,Typeform NPS,lhwjzyrckrxi6lhtjg5e3829j0kthcm8,base mecanismos (0 dias),base mecanismos
2026-Q2,Jun–Jul/2026 (T2),2026-06-30 19:11,Marcio Yoshikatsu Medeiros Sakurata,marcio yoshikatsu medeiros sakurata,PHARUS,João Aliceda,6.0,Detrator,10.0,,,,,,"Em progresso, mas com dúvidas","Entendi o método, mas ainda não implementei o suficiente",Ainda estou conhecendo,"Não tenho como dizer ainda, preciso de mais tempo.",,Sentir mais confiança no projeto,Ainda não,,,typeform 2025-26,historico_typeform.csv,Typeform NPS,ah2h19tjq7j6r5ah28h4p9jma6idhhi8,cadastro 2026-T2 (respondente) (0 dias),cadastro 2026-T2
2026-Q2,Jun–Jul/2026 (T2),2026-06-30 19:57,Rodrigo Afonso Goelzer,rodrigo afonso goelzer,PHARUS,João Aliceda,10.0,Promotor,10.0,,,,,,Totalmente no caminho,Tenho clareza e estou executando com consistência,Transparência e adaptabilidade. Sem papo fiado.,,O programa em si. Achei e continuo achando válido especialmente pra mim que não tenho conhecimento/tempo pra correr atrás de maneiras de investir e multiplicar.,Continuarem a serem transparentes e realistas.,Gratidão,,,typeform 2025-26,historico_typeform.csv,Typeform NPS,t9cbttngpb8i7st9cbxccg7eq5vsc2rt,cadastro 2026-T2 (respondente) (0 dias),cadastro 2026-T2
2026-Q2,Jun–Jul/2026 (T2),2026-06-30 20:00,Jorge de Paula Monteiro Junior,jorge de paula monteiro junior,PHARUS,Willian Oliveira Schimidt,10.0,Promotor,10.0,,,,,,Estagnado ou travado,Perdi o vínculo com o projeto e preciso retomar,"Agilidade, clareza e direcionamento!!",,Atendimento e Direcionamento!,Confiança no sistema,Processo de aprendizado e educação!,,,typeform 2025-26,historico_typeform.csv,Typeform NPS,lt4tehsn7jmiw9tlt4teybvzc2lskkhi,cadastro 2026-T2 (14 dias),cadastro 2026-T2
2026-Q2,Jun–Jul/2026 (T2),2026-06-30 21:19,Alejandro Lusardo Bo,alejandro lusardo bo,PHARUS,Rodrigo Lunardi,8.0,Neutro,10.0,,,,,,"Em progresso, mas com dúvidas",Tenho clareza e estou executando com consistência,Sou muito recente ainda no programa,Preciso estar mais tempo no programa e ver tudo em andamento,,"Perceber q o metodo eh solido, tem consistência e funciona",Nao.  Preciso mais tempo no programa,,,typeform 2025-26,historico_typeform.csv,Typeform NPS,hkt9hxxbtrfb4sepjuhkt9hxxsgztu3g,base mecanismos (0 dias),base mecanismos
2026-Q2,Jun–Jul/2026 (T2),2026-06-30 21:58,Alain Rego Moreira,alain rego moreira,PHARUS,Nelson Marques,10.0,Promotor,10.0,,,,,,Totalmente no caminho,Tenho clareza e estou executando com consistência,Excelente acompanhamento,,A forma como o conduz as reuniões além do excelente conhecimento técnico,Eu conseguir atingir as metas,Esta tudo ok,,,typeform 2025-26,historico_typeform.csv,Typeform NPS,yhrgbk3kczeqziamgy2ajyhrgbk3t3ee,cadastro 2026-T2 (respondente) (0 dias),cadastro 2026-T2
2026-Q2,Jun–Jul/2026 (T2),2026-07-01 03:30,José Walter de Araújo Neto,jose walter de araujo neto,PHARUS,Willian Oliveira Schimidt,9.0,Promotor,10.0,,,,,,"Em progresso, mas com dúvidas",Tenho clareza e estou executando com consistência,Os tipos de investimentos,,"A comunicação com o responsável pelo grupo , no caso o William sempre rápido e atencioso","A transparência, o crescimento do patrimônio e a realização  dos lucros de alguns investimentos q ainda não finalizaram",Sempre na busca de explicar minhas dúvidas,,,typeform 2025-26,historico_typeform.csv,Typeform NPS,cby0656nagzs048atuu19cby06za1k6s,base mecanismos (0 dias),base mecanismos
2026-Q2,Jun–Jul/2026 (T2),2026-07-01 08:22,Diego Almoas Ferreira,diego almoas ferreira,PHARUS,Rodrigo Amorim,9.0,Promotor,10.0,,,,,,Totalmente no caminho,"Entendi o método, mas ainda não implementei o suficiente",A qualidade da clareza das informações e a segurança dos próximos passos para se ter uma liberdade financeira,,O fato de ter um plano claro e alternativas para acelerar o plano,O plano sendo implementado e eu seguindo a risca o plano,"Não, estou satisfeito",,,typeform 2025-26,historico_typeform.csv,Typeform NPS,wg6pfzbfywdobvwg6pv2xaiahvxuce11,cadastro 2026-T2 (respondente) (0 dias),cadastro 2026-T2
2026-Q2,Jun–Jul/2026 (T2),2026-07-01 09:30,Ana Claudia Silveira Camargo,ana claudia silveira camargo,PHARUS,Carlos Serafim,10.0,Promotor,10.0,,,,,,"Em progresso, mas com dúvidas","Entendi o método, mas ainda não implementei o suficiente",Importante ferramenta de planejamento patronial,,"Atendimento, apesar de ainda não ter alavancado",Segurança na direção que estou seguindo,"Ainda estou na fase de organização, quero chegar na alavancagem patrimonial",,,typeform 2025-26,historico_typeform.csv,Typeform NPS,9r67d4frir8wn5mf21so9r67d4f5z6ha,base mecanismos (0 dias),base mecanismos
2026-Q2,Jun–Jul/2026 (T2),2026-07-01 09:30,Lauren Cristina Fialho Nether,lauren cristina fialho nether,PHARUS,Rodrigo Lunardi,10.0,Promotor,10.0,,,,,,"Em progresso, mas com dúvidas",Tenho clareza e estou executando com consistência,Responsabilidade com o cliente,,Confiança,O avanço nas finanças,Acho que estou no caminho certo,,,typeform 2025-26,historico_typeform.csv,Typeform NPS,11068lbfz7jftpp6r117y3c011068lbf,base mecanismos (0 dias),base mecanismos
2026-Q2,Jun–Jul/2026 (T2),2026-07-01 09:30,Gabriel do Vale Alcantara,gabriel do vale alcantara,PHARUS,Rodrigo Amorim,10.0,Promotor,10.0,,,,,,Totalmente no caminho,"Entendi o método, mas ainda não implementei o suficiente",organizaçao,,.,"Lucrar junto, fazer negócios.",.,,,typeform 2025-26,historico_typeform.csv,Typeform NPS,a3euj92osnm9ntd86bbva3eujss7cc9t,base mecanismos (0 dias),base mecanismos
2026-Q2,Jun–Jul/2026 (T2),2026-07-01 09:50,Gabriel Barros,gabriel barros,PHARUS,Willian Oliveira Schimidt,10.0,Promotor,9.0,,,,,,Totalmente no caminho,Tenho clareza e estou executando com consistência,Processo simples e objetivo.,,Bom suporte e equipe experiente.,Ter lucro consistente ao longo de 5 anos com as estratégias.,"Não, acho que dentro da minha realidade, as estratégias estão bem alinhadas.",,,typeform 2025-26,historico_typeform.csv,Typeform NPS,52xeuml9z7gtmggbn97t52xeumkxrysq,base mecanismos (0 dias),base mecanismos
2026-Q2,Jun–Jul/2026 (T2),2026-07-01 11:13,Lilian Brauns Teixeira,lilian brauns teixeira,PHARUS,Andrieli Campesato,10.0,Promotor,10.0,,,,,,Totalmente no caminho,Tenho clareza e estou executando com consistência,"Precisão de informações , esclarecimentos , novas perspectivas",,"Foi o contato muito claro , muito esclarecedor , gentil , transformando o mundo financeiro em algo mais palpável , acessível",Ter resultados nos empreendimentos,A Quarta via corresponde ao que eu entendo como  filosofia de lidar com  o dinheiro -,,,typeform 2025-26,historico_typeform.csv,Typeform NPS,0vonmvk2wdh99tzhsh0vonmvkteh1lw1,base mecanismos (0 dias),base mecanismos
2026-Q2,Jun–Jul/2026 (T2),2026-07-01 11:20,Lean Sartori Silva,lean sartori silva,PHARUS,Gabriel Oliveira,10.0,Promotor,10.0,,,,,,Totalmente no caminho,Tenho clareza e estou executando com consistência,A expertise do tratamento dos casos e o atendimento durante a consultoria,,Acompanhamento especialista da mesma pessoa desde o início. Entendendo o contexto sempre,Oportunidades de novas estratégias e modalidades de investimentos,Gerar novos conteúdos e conhecimentos (ou estruturar e fornecer) para o cliente,,,typeform 2025-26,historico_typeform.csv,Typeform NPS,6v25ag7x2hcjg18f87q8dbr6v25ag7z5,base mecanismos (0 dias),base mecanismos
2026-Q2,Jun–Jul/2026 (T2),2026-07-01 11:35,Flávia Takeda,flavia takeda,PHARUS,Andrieli Campesato,10.0,Promotor,10.0,,,,,,"Em progresso, mas com dúvidas","Entendi o método, mas ainda não implementei o suficiente","Andrieli é otima, por questões pessoais tive que pausar",,Suporte constante,Primeiro preciso liberar meu poder de pagamento para conseguir engajar,"Até o momento foi otima, e espero conseguir ajustar minhas questões para voltar em breve",,,typeform 2025-26,historico_typeform.csv,Typeform NPS,plieefa0qok3qhmmksgcplieefaacndm,cadastro 2026-T2 (13 dias),cadastro 2026-T2
2026-Q2,Jun–Jul/2026 (T2),2026-07-01 11:39,Denylson Sanches Fernandes,denylson sanches fernandes,PHARUS,João Aliceda,10.0,Promotor,10.0,,,,,,"Em progresso, mas com dúvidas",Tenho clareza e estou executando com consistência,Estratégias validadas,,Suporte da equipe,Acelerar implementação de estratégias internacionais em dólar,Excelente,,,typeform 2025-26,historico_typeform.csv,Typeform NPS,c9amcb1bkwwjdq74setc95s38d4s7bt2,cadastro 2026-T2 (13 dias),cadastro 2026-T2
2026-Q2,Jun–Jul/2026 (T2),2026-07-01 12:42,Rodrigo Trindade Gonçalves,rodrigo trindade goncalves,PHARUS,Carlos Serafim,9.0,Promotor,9.0,,,,,,"Em progresso, mas com dúvidas","Entendi o método, mas ainda não implementei o suficiente",Atendimento e humanidade.,,Busca pela excelência e melhoria contínua.,Entrega de resultados parciais e quantificáveis,Estou no início da jornada e feedbacks contínuos são importantes. A supervisão e o engenheiro patrimonial têm que caminhar juntos para o alcance das metas de cada assessorado.,,,typeform 2025-26,historico_typeform.csv,Typeform NPS,tqnpbqvzqlrrnewnmstqnpbqoiep4hy5,cadastro 2026-T2 (respondente) (0 dias),cadastro 2026-T2
2026-Q2,Jun–Jul/2026 (T2),2026-07-01 13:45,Fabiano Mendes Rocha Pelloso,fabiano mendes rocha pelloso,PHARUS,Hendrick Dorner,10.0,Promotor,10.0,,,,,,Estagnado ou travado,"Entendi o método, mas ainda não implementei o suficiente",O meu assessor Hendrick é espetacular,,O meu assessor Hendrick,Materializar ações de construção patrimonial,"O meu primeiro estrategista foi um desastre. Praticamente perdi uns 4 a 5 meses até que ele foi substituído pelo atual estrategista, que se chama Hendrick, onde de início me gerou confiança pela capacidade e clareza no tratamento",,,typeform 2025-26,historico_typeform.csv,Typeform NPS,2uj6dlxkk4uf1m2bsu5d2uj6dk2m7i78,base mecanismos (0 dias),base mecanismos
2026-Q2,Jun–Jul/2026 (T2),2026-07-01 14:10,Ralph Caires Rudolph,ralph caires rudolph,PHARUS,Willian Oliveira Schimidt,10.0,Promotor,10.0,,,,,,Totalmente no caminho,"Entendi o método, mas ainda não implementei o suficiente",Comprometimento da equipe,,Experiência,Reativar a inscrição rsss,Parabéns pelo legado,,,typeform 2025-26,historico_typeform.csv,Typeform NPS,zo3anj3xkihknux34ozo3anj3tgwl93e,cadastro 2026-T2 (13 dias),cadastro 2026-T2
2026-Q2,Jun–Jul/2026 (T2),2026-07-01 15:13,Gislaine Rodrigues,gislaine rodrigues,PHARUS,Willian Oliveira Schimidt,10.0,Promotor,10.0,,,,,,"Em progresso, mas com dúvidas",Tenho clareza e estou executando com consistência,Estou sendo bem direciona e bem atendida,,O atendimento e as oportunidades,Os resultados,"Ainda estou no comeco, mas bem segura com meu estrategista me direcionando",,,typeform 2025-26,historico_typeform.csv,Typeform NPS,rithnu5vcpyfhfbcrithn9ufypytppjp,base mecanismos (0 dias),base mecanismos
2026-Q2,Jun–Jul/2026 (T2),2026-07-01 15:20,Milton Reinert,milton reinert,PHARUS,Willian Oliveira Schimidt,10.0,Promotor,10.0,,,,,,Totalmente no caminho,"Entendi o método, mas ainda não implementei o suficiente",Satisfação nos resultados até agora,,BOm acompanhamento,Menor custo,Tudo sob controle,,,typeform 2025-26,historico_typeform.csv,Typeform NPS,w4gfd5x3ra00zhqgviw4gfdfetwyk93j,base mecanismos (0 dias),base mecanismos
2026-Q2,Jun–Jul/2026 (T2),2026-07-01 15:40,Adrian Claudio Mitrany,adrian claudio mitrany,PHARUS,Gabriel Oliveira,10.0,Promotor,10.0,,,,,,Totalmente no caminho,Tenho clareza e estou executando com consistência,Estar sendo ajudado a economizar e otimizar meu fluxo de caixa,,Otimização de fluxo e futuras oportunidades,Conseguir aportar,Nada,,,typeform 2025-26,historico_typeform.csv,Typeform NPS,1t0l123dq8oktb69jm8ys0k1t0l12rya,base mecanismos (0 dias),base mecanismos
2026-Q2,Jun–Jul/2026 (T2),2026-07-01 16:04,Mariana Volpi Oliveira,mariana volpi oliveira,PHARUS,Carlos Serafim,10.0,Promotor,10.0,,,,,,Totalmente no caminho,Tenho clareza e estou executando com consistência,"atendimento, produto e confiabilidade",,nada que desabone,ver resultados positivos,nao,,,typeform 2025-26,historico_typeform.csv,Typeform NPS,wr1mrjhz9y6x0tsrgu9awr1mh02t8kei,base mecanismos (0 dias),base mecanismos
2026-Q2,Jun–Jul/2026 (T2),2026-07-01 16:07,Roberto Missiatto Filho,roberto missiatto filho,PHARUS,Nícolas Alves,10.0,Promotor,10.0,,,,,,Totalmente no caminho,Tenho clareza e estou executando com consistência,Para as pessoas que não possuem ente conhecimento tem estratégias muito boas,,Atendimento e relacionamento personalizado,Orientação é auxílio na tomada de decisão,É um programa completo e bem acompanhado,,,typeform 2025-26,historico_typeform.csv,Typeform NPS,gy4pvs8lkwlbb6394ngy4fnw7u27ck9q,cadastro 2026-T2 (13 dias),cadastro 2026-T2
2026-Q2,Jun–Jul/2026 (T2),2026-07-01 16:13,Anderson Carlos Santos Santiago,anderson carlos santos santiago,PHARUS,Gustavo Papeschi Mariano,9.0,Promotor,10.0,,,,,,"Em progresso, mas com dúvidas","Entendi o método, mas ainda não implementei o suficiente",Domínio no tema.,,Capacidade técnica.,Obter resultado positivo real.,Tem sido interessante.,,,typeform 2025-26,historico_typeform.csv,Typeform NPS,9vp9e4iyf75dwapi8ff9vp9am8q1y3cf,cadastro 2026-T2 (13 dias),cadastro 2026-T2
2026-Q2,Jun–Jul/2026 (T2),2026-07-01 16:24,Renato Sancho Batista,renato sancho batista,PHARUS,Nícolas Alves,10.0,Promotor,10.0,,,,,,Totalmente no caminho,Tenho clareza e estou executando com consistência,"Equipe muito qualificada e a estrutura da Quarta Via é muito interessante, trabalho bem diferenciado.",,"A Estrutura de Hub de Investimentos é muito interessante, pega as finanças de uma forma mais completa, 360.",Resultados diferenciados.,"Por hora, tudo excelente.",,,typeform 2025-26,historico_typeform.csv,Typeform NPS,4kaz5ilyxkyxdvi94kauvwk6vdy8acgb,base mecanismos (0 dias),base mecanismos
2026-Q2,Jun–Jul/2026 (T2),2026-07-01 16:25,Anderson Souza Braga,anderson souza braga,PHARUS,Eduardo Peroni,10.0,Promotor,10.0,,,,,,"Em progresso, mas com dúvidas","Entendi o método, mas ainda não implementei o suficiente",O nível de conhecimento e confiabilidade demonstrado pela equipe da Quartavia,,Nivel de conhecimento da equipe,Começar a auferir resultados positivos,Estou motivado e curioso,,,typeform 2025-26,historico_typeform.csv,Typeform NPS,knlizi7umachmq91rskoknlizcxzk30a,cadastro 2026-T2 (respondente) (0 dias),cadastro 2026-T2
2026-Q2,Jun–Jul/2026 (T2),2026-07-01 16:38,Fernanda Cristina de Oliveira,fernanda cristina de oliveira,PHARUS,Gustavo Papeschi Mariano,4.0,Detrator,10.0,,,,,,"Em progresso, mas com dúvidas",Tenho clareza e estou executando com consistência,Estou no começo do projeto e nao sei dizer o quanto ele funciona para fazer indicacoes,"Esse inicio esta sendo bem bacana, mas tudo muito recente para uma nota máxima, acredito que essa nota so poderei dar mais pra frente quando estiver realmente colhendo frutos",,Colher frutos e ver meu patrimônio crescer,Estamos no caminho e aplicando as estratégias,,,typeform 2025-26,historico_typeform.csv,Typeform NPS,kaa27vj0btjaij22xguhgjpkaa27hh8a,base mecanismos (0 dias),base mecanismos
2026-Q2,Jun–Jul/2026 (T2),2026-07-01 17:07,Delano Carmo da Rocha,delano carmo da rocha,PHARUS,Gustavo Papeschi Mariano,10.0,Promotor,10.0,,,,,,Totalmente no caminho,Tenho clareza e estou executando com consistência,Abertura da mente para o que de fato interessa em matéria de construção de patrimônio,,As aulas foram sensacionais e a interação com o Gustavo foi uma excelente experiência com alinhamento claro de todo o percurso que eu deveria percorrer.,Acho que novas experiências de investimento com maior nível de risco e consequentemente com maiores TIR’s seria algo que me animaria,Nada a acrescentar,,,typeform 2025-26,historico_typeform.csv,Typeform NPS,mb3xo32cy3iwpaafvy1mb3xo32uo1aeh,base mecanismos (0 dias),base mecanismos
2026-Q2,Jun–Jul/2026 (T2),2026-07-01 17:18,Denise Leite Ocampos,denise leite ocampos,PHARUS,Gustavo Papeschi Mariano,10.0,Promotor,10.0,,,,,,Estagnado ou travado,Perdi o vínculo com o projeto e preciso retomar,"Disponibilidade, apoio e definição de estratégias",,Disponibilidade,Os encontros serem mais constantes,"Eu acredito no método, eu sei que não consegui fazer o que ela se propõe devido barreiras financeiras, mas sinto que pago e não tenho resultados.",,,typeform 2025-26,historico_typeform.csv,Typeform NPS,zoza1zylpk6br34ch9zoza2mnsp43nkt,cadastro 2026-T2 (respondente) (0 dias),cadastro 2026-T2
2026-Q2,Jun–Jul/2026 (T2),2026-07-01 17:36,Sinara Leotte Garcia,sinara leotte garcia,PHARUS,Gustavo Papeschi Mariano,9.0,Promotor,9.0,,,,,,Totalmente no caminho,"Entendi o método, mas ainda não implementei o suficiente",Clareza nas orientaçoes e atenção personalizada,,Atenção personalizada,Ver o patrimonio alavancado,Experiência gratificante pelos aprendizados,,,typeform 2025-26,historico_typeform.csv,Typeform NPS,hkuhkkk9cvg5s8cperhku5bj1lw18o6o,cadastro 2026-T2 (respondente) (0 dias),cadastro 2026-T2
2026-Q2,Jun–Jul/2026 (T2),2026-07-01 17:42,Iris Pricilla Ribeiro de Abreu,iris pricilla ribeiro de abreu,PHARUS,Gabriel Oliveira,10.0,Promotor,10.0,,,,,,Totalmente no caminho,Tenho clareza e estou executando com consistência,Atendimento e estratégias,,Atendimento,Ter os resultados o quanto antes,Não,,,typeform 2025-26,historico_typeform.csv,Typeform NPS,o49yhe9lt4eqqosycuov7o49yhe95ai6,cadastro 2026-T2 (respondente) (0 dias),cadastro 2026-T2
2026-Q2,Jun–Jul/2026 (T2),2026-07-01 17:48,Carlos Henrique Müller,carlos henrique muller,PHARUS,Gabriel Oliveira,10.0,Promotor,10.0,,,,,,Totalmente no caminho,Tenho clareza e estou executando com consistência,Métodos e clareza do crescimento patrimonial.,,Atendimento.,Ansioso para iniciar os leilões e outras estratégias de ganho de capital,Não,,,typeform 2025-26,historico_typeform.csv,Typeform NPS,oaf9b56ye59oo10xbotkpoaf9bs5281k,base mecanismos (0 dias),base mecanismos
2026-Q2,Jun–Jul/2026 (T2),2026-07-01 18:08,David Dotoli da Silva,david dotoli da silva,PHARUS,Gustavo Papeschi Mariano,10.0,Promotor,10.0,,,,,,Totalmente no caminho,Tenho clareza e estou executando com consistência,A DIVERSIFICAÇÃO DE INVESTIMENTOS E SEUS RESTORNKZ,,ATENDIMENTO,OBTER RETORNO DE IMEDIATO DE PARTE DO INVESTIMENTO,Não,,,typeform 2025-26,historico_typeform.csv,Typeform NPS,m4ocmvtddvpniekh9m4xgflc5dmo665p,base mecanismos (0 dias),base mecanismos
2026-Q2,Jun–Jul/2026 (T2),2026-07-01 19:21,Maiza Novais Pacheco,maiza novais pacheco,PHARUS,Gabriel Oliveira,9.0,Promotor,10.0,,,,,,Estagnado ou travado,Tenho clareza e estou executando com consistência,Muito bom,,A  Andrieli,Retorno,Andrieli é uma profissional maravilhosa,,,typeform 2025-26,historico_typeform.csv,Typeform NPS,3gxx6zrumzwvm3u7n63gxx6gggmnquut,base mecanismos (0 dias),base mecanismos
2026-Q2,Jun–Jul/2026 (T2),2026-07-01 19:42,Marcos Henrique César Cavalcanti Clemente,marcos henrique cesar cavalcanti clemente,PHARUS,Gustavo Papeschi Mariano,9.0,Promotor,10.0,,,,,,Estagnado ou travado,"Entendi o método, mas ainda não implementei o suficiente","Acredito que tem potencial, porém ainda estou muito no início e na prática ainda não vi",,"Atendimento do Gustavo, ele tomou a frente e tem me passado que vai dar certo",Ações positivas e resultados práticos,"Acredito que o modelo venha a funcionar, mas ainda estou muito no início",,,typeform 2025-26,historico_typeform.csv,Typeform NPS,fgq0iylpgb5vtivgf1yfgq04w90l81fc,cadastro 2026-T2 (13 dias),cadastro 2026-T2
2026-Q2,Jun–Jul/2026 (T2),2026-07-01 21:07,Selma Maria dos Santos,selma maria dos santos,PHARUS,Gustavo Papeschi Mariano,10.0,Promotor,10.0,,,,,,Estagnado ou travado,Perdi o vínculo com o projeto e preciso retomar,Sempre tive um atendimento muito humano e respeitoso,,As informações e o atendimento do consultor Gustavo,"Continuarei. Estou apenas atravessando uma questão pessoal muito desgastante, mas o método é sensacional!","Só elogios, em todos os aspectos. Metodologia muito clara e eficaz. Basta por em prática",,,typeform 2025-26,historico_typeform.csv,Typeform NPS,zcbdyk5axx5se3f1kjpzcbdykimmf3kd,cadastro 2026-T2 (13 dias),cadastro 2026-T2
2026-Q2,Jun–Jul/2026 (T2),2026-07-01 22:23,Adriana Cristina Soares,adriana cristina soares,PHARUS,Gabriel Oliveira,10.0,Promotor,10.0,,,,,,Totalmente no caminho,Tenho clareza e estou executando com consistência,Gabriel está me ajudando a sair do financiamento e trocar pelo consórcio.,,Poder ter ficado com o programa pausado para conseguir aproveitar melhor o tempo agora que estou com reserva,Começar a implementar e ter os resultados o quanto antes,Agradecer o tempo que pausaram meu programa.,,,typeform 2025-26,historico_typeform.csv,Typeform NPS,hff8xiqbjnffohm1su88hff8o5ah9y7n,base mecanismos (0 dias),base mecanismos
2026-Q2,Jun–Jul/2026 (T2),2026-07-02 01:03,Rodrigo Wegner Willrich,rodrigo wegner willrich,PHARUS,Pedro Goulart,10.0,Promotor,10.0,,,,,,Totalmente no caminho,Tenho clareza e estou executando com consistência,A atenção que dao,,Atençao sempre que necessário,Metodo dar certo,"Nao, tudo certo",,,typeform 2025-26,historico_typeform.csv,Typeform NPS,ygrlbzlvtfg5wwqjygrlbzfhe3t9kub9,cadastro 2026-T2 (respondente) (0 dias),base mecanismos
2026-Q2,Jun–Jul/2026 (T2),2026-07-02 05:40,Luiz Antonio Caçola Junior,luiz antonio cacola junior,PHARUS,Abner Braga,10.0,Promotor,10.0,,,,,,Totalmente no caminho,Tenho clareza e estou executando com consistência,Solidez de conteúdo e preparo dos analistas,,"A questão da busca por ativos reais foi uma quebra de paradigma muito grande para mim , pois estava focado exclusivamente no mercado financeiro",Resultados claros,Por hora não,,,typeform 2025-26,historico_typeform.csv,Typeform NPS,cmwmfs0bb5a1ldohwcmwmfh4xo57iihj,cadastro 2026-T2 (respondente) (0 dias),base mecanismos
2026-Q2,Jun–Jul/2026 (T2),2026-07-02 08:11,Catia Simionato,catia simionato,PHARUS,Willian Oliveira Schimidt,8.0,Neutro,10.0,,,,,,"Em progresso, mas com dúvidas",Tenho clareza e estou executando com consistência,"Eu tenho a sensação de que é muito bom, mas como pausei o programa devido a problemas pessoais, ainda não tenho uma total visão para a valiar","Não vejo como algo ainda a melhorar, como informei, ainda não pude ter uma visão completa",,Preciso ainda me organizar melhor para de fato implementar o programa,"Tenho confiança no processo e o William tem sido extremamente compreensivo e atencioso, orientando com clareza",,,typeform 2025-26,historico_typeform.csv,Typeform NPS,rgc76msp4ro0npkosrgc76furhcfj6j8,cadastro 2026-T2 (respondente) (0 dias),cadastro 2026-T2
2026-Q2,Jun–Jul/2026 (T2),2026-07-02 09:22,Alan Henrique da Silva,alan henrique da silva,PHARUS,Julio Cienkonog,10.0,Promotor,10.0,,,,,,Totalmente no caminho,Tenho clareza e estou executando com consistência,Minhas expectativas tem sido atendidas e mesmo ainda não tendo tempo para ver resultados tenho sido tratado muito bem e com eficiência,,Conhecimento técnico e cordialidade no atendimento,Ver resultados consistentes nesse primeiro ano na construção do patinho irá eu entender que os próximos 5 anos realmente vou chegar na meta,Tenho construído uma boa confiança que no início ainda não era mais fraca. Acho que só falta realmente as engrenagens em uso apresentarem os resultados pra fechar que realmente tem valido a pena,,,typeform 2025-26,historico_typeform.csv,Typeform NPS,yen8ddeomnn6hxy86yen8srg5hx17srg,cadastro 2026-T2 (respondente) (0 dias),cadastro 2026-T2
2026-Q2,Jun–Jul/2026 (T2),2026-07-02 10:28,Humberto Bozi Spindola,humberto bozi spindola,PHARUS,Rodrigo Amorim,5.0,Detrator,7.0,,,,,,Totalmente no caminho,Tenho clareza e estou executando com consistência,Por que depende muito do nível de procura do meu amigo,"Mais opções, mais assertividade e mais atenção",,Resultados,Nao,,,typeform 2025-26,historico_typeform.csv,Typeform NPS,wz2ur59je4p0ff58twz2ur0exfxjyj72,cadastro 2026-T2 (respondente) (0 dias),base mecanismos
2026-Q2,Jun–Jul/2026 (T2),2026-07-02 10:38,Diego Mota Fernandes,diego mota fernandes,PHARUS,João Aliceda,10.0,Promotor,10.0,,,,,,Totalmente no caminho,Tenho clareza e estou executando com consistência,"Atenção, acesso fácil e diversidade",,Acesso fácil aos assessor,Apresentação de resultados. Renda passiva já iniciada e real como construção inicial de patrimônio,Nao,,,typeform 2025-26,historico_typeform.csv,Typeform NPS,93lcv07wxbozwu1dtrjyifm93lcv0vru,cadastro 2026-T2 (respondente) (0 dias),cadastro 2026-T2
2026-Q2,Jun–Jul/2026 (T2),2026-07-02 13:07,Leandro Coelho Nardi,leandro coelho nardi,PHARUS,Gabriel Oliveira,9.0,Promotor,10.0,,,,,,Totalmente no caminho,Tenho clareza e estou executando com consistência,Estratégias e possibilidade de acompanhamento patrimonial,,Até agora agradou os investimentos.,Ter os primeiros resultados e sair do fluxo negativo.,Não,,,typeform 2025-26,historico_typeform.csv,Typeform NPS,u5z9worrlp7b5b4umu5z991ahodxrxpn,cadastro 2026-T2 (respondente) (0 dias),base mecanismos
2026-Q2,Jun–Jul/2026 (T2),2026-07-02 13:47,Joao Wilkson Sena Taleires,joao wilkson sena taleires,PHARUS,Hendrick Dorner,10.0,Promotor,10.0,,,,,,Totalmente no caminho,Tenho clareza e estou executando com consistência,Bom,,Bom,Desconto na anuidade,Não,,,typeform 2025-26,historico_typeform.csv,Typeform NPS,ju0gmefjc3k7iv0tbtju0gme5n3w7wyb,cadastro 2026-T2 (respondente) (0 dias),base mecanismos
2026-Q2,Jun–Jul/2026 (T2),2026-07-02 13:47,Bruna Amarante Kuhnen,bruna amarante kuhnen,PHARUS,Pedro Goulart,9.0,Promotor,10.0,,,,,,Totalmente no caminho,Tenho clareza e estou executando com consistência,Atendimento e conhecimento de mercado,,atendimento,ver o crescimento do meu patrimônio,não,,,typeform 2025-26,historico_typeform.csv,Typeform NPS,mqx6cdfhcrumqxju7rs83l3a4x6l9ddb,cadastro 2026-T2 (respondente) (0 dias),base mecanismos
2026-Q2,Jun–Jul/2026 (T2),2026-07-02 14:28,Marilda Alves de Morais,marilda alves de morais,PHARUS,Willian Oliveira Schimidt,9.0,Promotor,9.0,,,,,,"Em progresso, mas com dúvidas","Entendi o método, mas ainda não implementei o suficiente","Por enquanto, não tenho queixas. Acabei de conhecer a Quarta Via e espero dar nota 10 futuramente.",,Tenho recebido atenção sempre que necessito.,Continuaria desde que mantivesse a confiança que depositei desde a assinatura do contrato firmado com a empresa.,"Ainda não conheço bem o estrategista, pois estamos no início das tratativas. Mas espero que continuemos muito bem, como vem sendo.",,,typeform 2025-26,historico_typeform.csv,Typeform NPS,s02s14zhxumo86ks02sen3m9d8lsieq2,cadastro 2026-T2 (respondente) (0 dias),base mecanismos
2026-Q2,Jun–Jul/2026 (T2),2026-07-02 15:41,Thiago Albuquerque Fernandes,thiago albuquerque fernandes,PHARUS,Andrieli Campesato,10.0,Promotor,10.0,,,,,,"Em progresso, mas com dúvidas","Entendi o método, mas ainda não implementei o suficiente",Excelente atendimento e assessoramento da Engenheira Patrimonial Andrieli,,"A excelência na assessoria de Andrieli, a minha Engenheira Patrimonial",Colher os resultados das ações que estou começando a implementar,"Nada, tudo bem no caminho até então",,,typeform 2025-26,historico_typeform.csv,Typeform NPS,u7ii5poyjas0zkoc0eu7iluri20dqrnc,cadastro 2026-T2 (respondente) (0 dias),base mecanismos
2026-Q2,Jun–Jul/2026 (T2),2026-07-02 18:13,Ariadne L M Brito Bertarini,ariadne l m brito bertarini,PHARUS,Cleuber Anicesio,9.0,Promotor,10.0,,,,,,Estagnado ou travado,Perdi o vínculo com o projeto e preciso retomar,A experiência tem sido satisfatória.,,A assistência e disponibilidade do Cleuber tornaram minha experiência mais proveitosa.,A aplicação efetiva com geração de  resultados.,Por enquanto não.,,,typeform 2025-26,historico_typeform.csv,Typeform NPS,kpn04pq1h7oluuxelc835uqkpn04pq1i,cadastro 2026-T2 (respondente) (0 dias),base mecanismos
2026-Q2,Jun–Jul/2026 (T2),2026-07-02 19:18,Isabela Bezri Pennini,isabela bezri pennini,PHARUS,Abner Braga,9.0,Promotor,10.0,,,,,,Totalmente no caminho,Tenho clareza e estou executando com consistência,A equipe tem bom conhecimento,,Enxergar meu futuro,Não sei dizer,Ele é ótimo analista e ótima pessoa,,,typeform 2025-26,historico_typeform.csv,Typeform NPS,p0qizkfskgf9v2p0qizkvk5vdu9wl6kv,cadastro 2026-T2 (respondente) (0 dias),cadastro 2026-T2
2026-Q2,Jun–Jul/2026 (T2),2026-07-02 19:46,Daniel Angelo de Melo,daniel angelo de melo,PHARUS,Gabriel Oliveira,10.0,Promotor,10.0,,,,,,Totalmente no caminho,Tenho clareza e estou executando com consistência,"Gabriel desde que começou a me atender , me ajudou a sair das dívidas e ter um fluxo financeiro onde termino positivo",,Atendimento do Gabriel,Resultados,Não,,,typeform 2025-26,historico_typeform.csv,Typeform NPS,61w8i9iabt061w8in2v682a54zl0a2kf,cadastro 2026-T2 (respondente) (0 dias),base mecanismos
2026-Q2,Jun–Jul/2026 (T2),2026-07-02 21:38,Emerson Emerick Tannus Cheim,emerson emerick tannus cheim,PHARUS,João Aliceda,8.0,Neutro,10.0,,,,,,Estagnado ou travado,Estou travado em alguma parte e preciso de ajuda,"Bom atendimento, estratégias bacanas, porém meio confuso o sistema",Ser mais didático para os leigos no assunto de investimento,,Ver mais clareza e ver um investimento dar retorno,Ainda estou tentando entender todo o sistema ( é complexo),,,typeform 2025-26,historico_typeform.csv,Typeform NPS,0eplt2u9se5i0epr6vnflt8rug89y0cj,cadastro 2026-T2 (respondente) (0 dias),base mecanismos
2026-Q2,Jun–Jul/2026 (T2),2026-07-03 10:07,Rosimery Brandão Barbosa,rosimery brandao barbosa,PHARUS,Thiago Henrique Trova,10.0,Promotor,10.0,,,,,,Totalmente no caminho,Tenho clareza e estou executando com consistência,Estou gostando muito do método e do acompanhamento.,,Saber que estou assessorada por pessoas comprometidas e com conhecimento técnico.,Atingir os objetivos do meu planejamento.,Achei a ideia brilhante e consistente. O Thiago é muito atencioso e competente.,,,typeform 2025-26,historico_typeform.csv,Typeform NPS,hd665kf38kip8rvt4shhd66r409peegv,cadastro 2026-T2 (respondente) (0 dias),cadastro 2026-T2
2026-Q2,Jun–Jul/2026 (T2),2026-07-03 11:25,Masda Cristina de Andrade Souza,masda cristina de andrade souza,PHARUS,Andrieli Campesato,9.0,Promotor,9.0,,,,,,Totalmente no caminho,"Entendi o método, mas ainda não implementei o suficiente","Assisti as lives do Adriano, senti confiança. Estou há 2 meses com a assessoria, ainda n vi o retorno de fato mas estou confiante que as ferramentas estão corretas.",,"Até agora, formato da assessoria. O pós venda, prazo, suporte etc","Realmente ver o retorno financeiro. Preciso ver na prática, se mais do que se paga. Até agora n tive retorno. Mas entendo que será no mínimo em 1 ano para ter essa visibilidade. Mas a minha expectativa é superar e mto o investimento feito. Caso contrário perdi $$ e tempo",O QV60 n é uma boa ferramenta.,,,typeform 2025-26,historico_typeform.csv,Typeform NPS,4eseycql9cp43fnqtg44eseycq63n4wy,cadastro 2026-T2 (respondente) (0 dias),base mecanismos
2026-Q2,Jun–Jul/2026 (T2),2026-07-03 11:35,Milene Guimarães Marquezani,milene guimaraes marquezani,PHARUS,Andrieli Campesato,10.0,Promotor,10.0,,,,,,"Em progresso, mas com dúvidas","Entendi o método, mas ainda não implementei o suficiente",Estou sendo muito bem orientada pela minha consultora,,Excelente atendimento,Tendo realmente os resultados que eu espero com as orientações recebidas,Ainda nao,,,typeform 2025-26,historico_typeform.csv,Typeform NPS,tn7wpe9akvyk3ptz7tnwi9mjgyd6cp0a,cadastro 2026-T2 (respondente) (0 dias),base mecanismos
2026-Q2,Jun–Jul/2026 (T2),2026-07-04 12:32,Cecília Teresa Condi Breviglieri,cecilia teresa condi breviglieri,PHARUS,Carlos Serafim,10.0,Promotor,10.0,,,,,,Totalmente no caminho,Tenho clareza e estou executando com consistência,O atendimento técnico  e  disponíbilidade para o atendimento.,,O acolhimento e o profissionalismo.,"O resultado operacional, convertido em aumento do patrimônio efetivamente.",Não.,,,typeform 2025-26,historico_typeform.csv,Typeform NPS,p2prm93mqlxly91rvbqy7mp2prmhoe8f,cadastro 2026-T2 (respondente) (0 dias),base mecanismos
2026-Q2,Jun–Jul/2026 (T2),2026-07-04 12:51,Simon Alboni,simon alboni,PHARUS,Gustavo Papeschi Mariano,8.0,Neutro,10.0,,,,,,Estagnado ou travado,"Entendi o método, mas ainda não implementei o suficiente","Na realidade è um super meccanismo , não dei 10 porque de fato precisa finalizar o ciclo con rwsultados que ainda não tenho a honra de mostrar",Respondi anteriormente,,Deveria ter dinheiro suficienre pra seguir totalmente o metodo e dessa forma poder julgar de formab mais carteira !,Não,,,typeform 2025-26,historico_typeform.csv,Typeform NPS,4na5rrntub6dkah9i4na5upigsywdcvx,cadastro 2026-T2 (respondente) (0 dias),base mecanismos
2026-Q2,Jun–Jul/2026 (T2),2026-07-04 20:14,Danilo Gabriel do Nascimento Silva Barronovo,danilo gabriel do nascimento silva barronovo,PHARUS,Felipe Aleixo,10.0,Promotor,10.0,,,,,,Totalmente no caminho,"Entendi o método, mas ainda não implementei o suficiente",Disposição em responder as dúvidas e vontade de querer que dê certo todos os movimentos do cliente,,Clareza das ideias e objetivo comum,Resultados,Sucesso,,,typeform 2025-26,historico_typeform.csv,Typeform NPS,aixhjeif301csva12eaixhjephtb275n,cadastro 2026-T2 (respondente) (0 dias),base mecanismos
2026-Q2,Jun–Jul/2026 (T2),2026-07-05 10:58,Ricardo Marcelo Jacob Noronha,ricardo marcelo jacob noronha,PHARUS,Hendrick Dorner,10.0,Promotor,10.0,,,,,,"Em progresso, mas com dúvidas","Entendi o método, mas ainda não implementei o suficiente",SEGURANÇA,,SEGURANÇA,Comprovação prática de que funciona mesmo,por hora não,,,typeform 2025-26,historico_typeform.csv,Typeform NPS,hhm3jhpzk92qy6rxx8chjfhhm3jhpzb4,cadastro 2026-T2 (respondente) (0 dias),base mecanismos
2026-Q2,Jun–Jul/2026 (T2),2026-07-05 16:01,Gisele C T Krüger,gisele c t kruger,PHARUS,Hendrick Dorner,6.0,Detrator,6.0,,,,,,"Em progresso, mas com dúvidas",Tenho clareza e estou executando com consistência,A última aula ficou muito aquém do q eu esperava,"Eu preciso entender de fato q as opções q estão me orientando sao mas melhores. Estou longe de estar convencida, infelizmente",,Perceber q a equipe atua com total transparência e expertise necessária,Não por agora,,,typeform 2025-26,historico_typeform.csv,Typeform NPS,w60puqd7nkgtq67xjzevhifvw60puqdw,cadastro 2026-T2 (respondente) (0 dias),base mecanismos
2026-Q2,Jun–Jul/2026 (T2),2026-07-06 09:13,Pedro Henrique Quintão de Sá Soares,pedro henrique quintao de sa soares,PHARUS,Willian Oliveira Schimidt,10.0,Promotor,10.0,,,,,,"Em progresso, mas com dúvidas","Entendi o método, mas ainda não implementei o suficiente",Eficiência e clareza,,"Clareza nas informações, assertividade",Valor do investimento,Parabéns ao Willian. Excelente estrategista,,,typeform 2025-26,historico_typeform.csv,Typeform NPS,ux3ap8lr7l7hr30ux3g4b48c33p0o571,cadastro 2026-T2 (respondente) (0 dias),cadastro 2026-T2
2026-Q2,Jun–Jul/2026 (T2),2026-07-06 10:16,Tenisa Emanuelly Santos,tenisa emanuelly santos,PHARUS,Andrieli Campesato,9.0,Promotor,10.0,,,,,,Totalmente no caminho,Tenho clareza e estou executando com consistência,Só vou ficar completamente satisfeita quando começarem a entrar os resultados,,O atendimento e a ajuda prestada pela equipe é muito boa,A confirmação dos resultados esperados,Sigo com expectativas ao longo dos próximos meses,,,typeform 2025-26,historico_typeform.csv,Typeform NPS,9lngnrzm7e5tsn3ne9lngnhczmrwaayb,cadastro 2026-T2 (respondente) (0 dias),cadastro 2026-T2
2026-Q2,Jun–Jul/2026 (T2),2026-07-06 19:23,Fábio Rigueto,fabio rigueto,PHARUS,Nícolas Alves,3.0,Detrator,7.0,,,,,,Desacreditei do método,"Entendi o método, mas ainda não implementei o suficiente",Devida a minha experiência principalmente no ano de 2026.,"Nao vejo como um programa contínuo de criação de renda passiva. Ate agora, implementei ações pontuais e sem grandes impactos em transformação de renda passiva",,"Estou desde o início de 2025 e renovei em 2026, porém não continuaria por mais 5 anos diante do investimento que fiz para entrar no programa versus os resultados e objetivo de renda passiva sustentável",Nao,,,typeform 2025-26,historico_typeform.csv,Typeform NPS,39dadtd2rizl0um9b6x39dawi3vuu0g3,cadastro 2026-T2 (respondente) (0 dias),base mecanismos
2026-Q2,Jun–Jul/2026 (T2),2026-07-07 11:29,Júlio César Panizzon,julio cesar panizzon,PHARUS,Willian Oliveira Schimidt,8.0,Neutro,10.0,,,,,,Estagnado ou travado,Estou travado em alguma parte e preciso de ajuda,Poucas ofertas de negocios para aplicar as estrategias,Mais ofertas de negocios para aplicar as estrategias,,"Uma visao mais clara do futuro, baseado nas estrategias aplicadas",Nao,,,typeform 2025-26,historico_typeform.csv,Typeform NPS,sqgseolwkpp5e6rw3isqgseoyrigfl8g,cadastro 2026-T2 (respondente) (0 dias),cadastro 2026-T2
2026-Q2,Jun–Jul/2026 (T2),2026-07-07 14:03,Fernando Fernandes e Vivian Lima Fernandes,fernando fernandes,PHARUS,Rodrigo Lunardi,9.0,Promotor,10.0,,,,,,Totalmente no caminho,Tenho clareza e estou executando com consistência,Organização,,Estou vendo meu crescimento,Retorno maior que o investimento,Acredito que está ajudando a construir meu futuro,,,typeform 2025-26,historico_typeform.csv,Typeform NPS,18tnnxqzic4k5al7i1knbf18tnnxqz8g,cadastro 2026-T2 (respondente) (0 dias),base mecanismos
2026-Q2,Jun–Jul/2026 (T2),2026-07-07 17:35,Cristiano de Jesus Santos,cristiano de jesus santos,PHARUS,Felipe Aleixo,10.0,Promotor,10.0,,,,,,Totalmente no caminho,Tenho clareza e estou executando com consistência,"Até o momento, está sendo dentro da minha expectativa.",,Me sinto amparado pela equipe e principalmente pelo meu Engenheiro Patrimonial,"Nesse ritmo de confiança e clareza, com certeza ficaria mais 5 anos",Me senti confortável e bem à vontade com meu Estrategista nas duas últimas reuniões,,,typeform 2025-26,historico_typeform.csv,Typeform NPS,xvh5rq60ccbrzgqxvh5r0xv0a602wbi5,cadastro 2026-T2 (respondente) (0 dias),cadastro 2026-T2
2026-Q2,Jun–Jul/2026 (T2),2026-07-07 17:38,Renato Ozimo Clemente,renato ozimo clemente,PHARUS,Felipe Aleixo,10.0,Promotor,10.0,,,,,,Totalmente no caminho,"Entendi o método, mas ainda não implementei o suficiente","Atendimento personalizado, conhecimento sobre o assunto abordado",,Atendimento e conhecimento,Continuidade do crescimento patrimonial  e da renda passiva,Estou gostando muito do metodo e do acompanhamento dos especialistas,,,typeform 2025-26,historico_typeform.csv,Typeform NPS,6s2wvd16loov2utr6s2wvak2ychijp9t,cadastro 2026-T2 (respondente) (0 dias),cadastro 2026-T2
2026-Q2,Jun–Jul/2026 (T2),2026-07-07 17:48,Hugo Cardoso Albuquerque,hugo cardoso albuquerque,PHARUS,Felipe Aleixo,10.0,Promotor,10.0,,,,,,Totalmente no caminho,Tenho clareza e estou executando com consistência,Atendimento personalizado focado no crescimento patrimonial,,Atendimento de excelência e personalizado,Ver o patrimônio multiplicar. Resultado.,"Gostaria de ter mais acesso as estratégias de aquisição de imóveis nos EUA, como foi prometido na imersão.",,,typeform 2025-26,historico_typeform.csv,Typeform NPS,9ftzpgzolmwb2llbrz0d9ftnleuszexu,cadastro 2026-T2 (respondente) (0 dias),cadastro 2026-T2
2026-Q2,Jun–Jul/2026 (T2),2026-07-07 17:50,Alexandre Ares,alexandre ares,PHARUS,Thiago Henrique Trova,10.0,Promotor,10.0,,,,,,Totalmente no caminho,Tenho clareza e estou executando com consistência,Capacidade de facilitar a vida financeira da pessoa,,"Explicação passo a passo e planejamento, sem metas irreais",Cumprimento das metas,Não no momento,,,typeform 2025-26,historico_typeform.csv,Typeform NPS,jnmqtwlzuzgj4qav3jnmqtwtz9li0ah3,cadastro 2026-T2 (respondente) (0 dias),base mecanismos
2026-Q2,Jun–Jul/2026 (T2),2026-07-07 17:53,Paulo Vasconcelos Stefani,paulo vasconcelos stefani,PHARUS,Felipe Aleixo,8.0,Neutro,9.0,,,,,,Estagnado ou travado,"Entendi o método, mas ainda não implementei o suficiente",Ainda não tive tempo suficiente para ter,Tempo para conhecer melhor,,"Clareza, confiança e resultados",Não,,,typeform 2025-26,historico_typeform.csv,Typeform NPS,6zg2r5f0hh59d866zg2h027ki5s4efkj,cadastro 2026-T2 (respondente) (0 dias),base mecanismos
2026-Q2,Jun–Jul/2026 (T2),2026-07-07 19:17,Jorge André de Souza,jorge andre de souza,PHARUS,Julio Cienkonog,9.0,Promotor,10.0,,,,,,Totalmente no caminho,Tenho clareza e estou executando com consistência,"Estamos no início da jornada,  mas até o momento estou satisfeito com o que foi apresentado",,Pontualidade e a qualidade com transparência nas informações.,"Projetos e engrenagens lucrativas, velocidade e seguridade nos ganhos financeiros.","No começo da minha jornada,  mas vejo algo promissor...",,,typeform 2025-26,historico_typeform.csv,Typeform NPS,8gia8zn7lisow0bu8gierr69s1ekvc62,cadastro 2026-T2 (respondente) (0 dias),base mecanismos
2026-Q2,Jun–Jul/2026 (T2),2026-07-07 21:33,Juber Pereira de Souza,juber pereira de souza,PHARUS,Felipe Aleixo,9.0,Promotor,10.0,,,,,,Totalmente no caminho,Tenho clareza e estou executando com consistência,"Clareza nas informações, bom desenho de acompanhamento e projetos para expansão do patrimônio.",,As oportunidades de investimento disponíveis apenas nesse grupo e o fato de ter um profissional acompanhando os movimentos,Conseguir multiplicar o patrimônio com a criação de renda passiva,"Quando fiz a assinatura havia uma propaganda de alguns bônus, dentre eles um evento presencial numa casa do grupo. Porém, até hj não recebi nenhuma comunicação sobre isso",,,typeform 2025-26,historico_typeform.csv,Typeform NPS,se7ek75yzzfsshtse7geie8oo6djmh6k,cadastro 2026-T2 (respondente) (0 dias),base mecanismos
2026-Q2,Jun–Jul/2026 (T2),2026-07-08 08:34,Danillo Ewerton Oliveira Amaral,danillo ewerton oliveira amaral,PHARUS,Felipe Aleixo,9.0,Promotor,9.0,,,,,,"Em progresso, mas com dúvidas",Tenho clareza e estou executando com consistência,"Excelente dinâmica, engenheiro sempre disponível, reuniões produtivas",,Praticidade das ações,"Visualização de resultados, comprometimento da equipe na multiplicação de meu patrimônio",Não,,,typeform 2025-26,historico_typeform.csv,Typeform NPS,1eq7k3qvnz93khab8id1eqp28q2mcvrk,cadastro 2026-T2 (respondente) (0 dias),base mecanismos
2026-Q2,Jun–Jul/2026 (T2),2026-07-08 08:51,Victor Torres Pacheco,victor torres pacheco,PHARUS,Felipe Aleixo,10.0,Promotor,10.0,,,,,,"Em progresso, mas com dúvidas",Tenho clareza e estou executando com consistência,"Estou me sentindo assessorado, mas ainda é início, temos um longo caminho a percorrer.",,"A disponibilidade e paciência do Felipe Aleixo em me atender, tirar minhas dúvidas.","Estou bem no início,  preciso ver os projetos sendo concluídos, assim que começar a ter os resultados não vejo porque não continuar.","Por enquanto estamos indo bem, mas estou no início.",,,typeform 2025-26,historico_typeform.csv,Typeform NPS,t7ogp3eqqr2rjj8dm742tut7ogp3eqgf,cadastro 2026-T2 (respondente) (0 dias),cadastro 2026-T2
2026-Q2,Jun–Jul/2026 (T2),2026-07-08 09:17,Daniel Salgado Karpinski,daniel salgado karpinski,PHARUS,Felipe Aleixo,10.0,Promotor,10.0,,,,,,"Em progresso, mas com dúvidas",Tenho clareza e estou executando com consistência,Gostei da dinâmica até o momento,,Oportunidade,A entrega,Nao,,,typeform 2025-26,historico_typeform.csv,Typeform NPS,c4zv75716w31wg7c4zv757tukks01uy1,cadastro 2026-T2 (respondente) (0 dias),cadastro 2026-T2
2026-Q2,Jun–Jul/2026 (T2),2026-07-08 10:35,Bruno Nahorny Ferreira,bruno nahorny ferreira,PHARUS,Felipe Aleixo,9.0,Promotor,10.0,,,,,,"Em progresso, mas com dúvidas","Entendi o método, mas ainda não implementei o suficiente",Estrutura da mentoria,,Estrutura da mentoria,Resultado,Por enquanto não,,,typeform 2025-26,historico_typeform.csv,Typeform NPS,ir2y5r7x1t6d8kuir2yrki94eb6mak35,cadastro 2026-T2 (respondente) (0 dias),base mecanismos
2026-Q2,Jun–Jul/2026 (T2),2026-07-08 11:17,Reinaldo de Carvalho Silva,reinaldo de carvalho silva,PHARUS,Felipe Aleixo,10.0,Promotor,10.0,,,,,,"Em progresso, mas com dúvidas","Entendi o método, mas ainda não implementei o suficiente","É uma forma diferente e (na minha opinião) correta de enxergar e administrar o patrimônio. Geralmente as pessoas não pensam nisso adequadamente, como era o meu caso.",,1) A visão sobre o patrimônio 2) As estratégias de crescimento e manutenção 3) Oportunidades diferenciadas de investimento 4) Percepção de uma empresa séria e honesta,"Resultado é importante, ou melhor, essencial. Se eu tiver resultados que justifiquem o investimento, com certeza permanecerei.",Estou no início ainda. Nada a acrescentar no momento.,,,typeform 2025-26,historico_typeform.csv,Typeform NPS,ey60hbllw7se3i6f92ubey60hblribfi,cadastro 2026-T2 (respondente) (0 dias),cadastro 2026-T2
2026-Q2,Jun–Jul/2026 (T2),2026-07-08 12:31,Marcos Rollemberg Mollo,marcos rollemberg mollo,PHARUS,Felipe Aleixo,10.0,Promotor,10.0,,,,,,"Em progresso, mas com dúvidas","Entendi o método, mas ainda não implementei o suficiente",Espero ter resultado quanto à alavancagem do meu patrimônio,,Senti confiabilidade nas pessoas que consegui até hoje,A própria alavancagem patrimonial,"Só tenho a dizer que ainda não tive resultado porque estou começando agora, mas acredito que dará certo.",,,typeform 2025-26,historico_typeform.csv,Typeform NPS,tj5jb7m55pb0o5k9rtjld3w536sroaih,cadastro 2026-T2 (respondente) (0 dias),cadastro 2026-T2
2026-Q2,Jun–Jul/2026 (T2),2026-07-08 15:33,Michel Francisco Nagme Rachid Costa,michel francisco nagme rachid costa,PHARUS,Felipe Aleixo,10.0,Promotor,10.0,,,,,,Totalmente no caminho,Tenho clareza e estou executando com consistência,Profundidade e direcionamento de qualidade,,Clareza e profundidade das informações,Resultados concretos,Não,,,typeform 2025-26,historico_typeform.csv,Typeform NPS,zj1y0hmo8xaijjmgizj1y0d3nxei6dlg,cadastro 2026-T2 (respondente) (0 dias),cadastro 2026-T2
2026-Q2,Jun–Jul/2026 (T2),2026-07-09 06:42,Paulo Victor Barros Costa,paulo victor barros costa,PHARUS,Felipe Aleixo,10.0,Promotor,10.0,,,,,,"Em progresso, mas com dúvidas","Entendi o método, mas ainda não implementei o suficiente",Direcionamento,,Experiência prática para obtenção de resultados,Alcançar resultados acima do esperado,"Estou no começo, mas otimista do método",,,typeform 2025-26,historico_typeform.csv,Typeform NPS,58bco4c9ufhr3bfn758bc3p2aew3ck2i,cadastro 2026-T2 (respondente) (0 dias),base mecanismos
2026-Q2,Jun–Jul/2026 (T2),2026-07-09 15:22,Anieli Luize Pohl,anieli luize pohl,PHARUS,Felipe Aleixo,10.0,Promotor,10.0,,,,,,Totalmente no caminho,Tenho clareza e estou executando com consistência,"Prestativo, respondeu todas as dúvidas, passou a confiança necessária para a jornada, atendeu às expectativas,.",,"Empatia, soube administrar minha ansiedade.",Previsões e passo a passo até lá.,Sensação de vínculo duradouro.,,,typeform 2025-26,historico_typeform.csv,Typeform NPS,gmtfajo5fim2n3mziuvdgmtfa92wkjhm,cadastro 2026-T2 (respondente) (0 dias),cadastro 2026-T2
2026-Q2,Jun–Jul/2026 (T2),2026-07-09 18:45,Alex Magno Diamante,alex magno diamante,PHARUS,Felipe Aleixo,10.0,Promotor,10.0,,,,,,Totalmente no caminho,Tenho clareza e estou executando com consistência,.,,clareza nas informações,colher os frutos do planejamento,não,,,typeform 2025-26,historico_typeform.csv,Typeform NPS,mc1ewl8lzwt6jap1a62mc1ewle87s8zu,cadastro 2026-T2 (respondente) (0 dias),cadastro 2026-T2
2026-Q2,Jun–Jul/2026 (T2),2026-07-09 20:09,Fabio Crestani,fabio crestani,PHARUS,Julio Cienkonog,9.0,Promotor,10.0,,,,,,"Em progresso, mas com dúvidas","Entendi o método, mas ainda não implementei o suficiente","Bom atendimento, clareza de objetivos, atenção as nossas necessidades",,Visão estratégica sem esquecer das nossas particularidades,progresso e clareza de objetivos constantes,Sempre muito bem atendidos pelo Felipe.,,,typeform 2025-26,historico_typeform.csv,Typeform NPS,pqc43wxfzwoek8igpqc43ljxthmzyb15,cadastro 2026-T2 (respondente) (0 dias),base mecanismos
2026-Q2,Jun–Jul/2026 (T2),2026-07-10 09:08,Giselle Schimidt Ragazzo,giselle schimidt ragazzo,PHARUS,Felipe Aleixo,10.0,Promotor,10.0,,,,,,Totalmente no caminho,"Entendi o método, mas ainda não implementei o suficiente",Felipe compreendeu exatamente nosso contexto atual e propôs planos estratégicos bem aderentes a nossa necessidade.,,A objetividade das reuniões.,Resultados com leilões e consórcios principalmente.,Por enquanto está tudo ok.,,,typeform 2025-26,historico_typeform.csv,Typeform NPS,qfarulwq1i8oqin892cqfaruw3zhglbw,cadastro 2026-T2 (respondente) (0 dias),base mecanismos
2026-Q2,Jun–Jul/2026 (T2),2026-07-10 09:10,Tatiana Maia Pereira do Nascimento,tatiana maia pereira do nascimento,PHARUS,Andrieli Campesato,9.0,Promotor,10.0,,,,,,Totalmente no caminho,Tenho clareza e estou executando com consistência,"Estou no início do processo , mas estou gostando muito das conversas e das orientações",,Tudo muito claro e objetivo.,Ter retorno do que investi para ter a assessoria e ainda mais dinheiro rendendo nos meus investimentos,Não.,,,typeform 2025-26,historico_typeform.csv,Typeform NPS,j5mzr3z4o3hxgj5myp0b17wgcfdrb57x,cadastro 2026-T2 (respondente) (0 dias),cadastro 2026-T2
2026-Q2,Jun–Jul/2026 (T2),2026-07-10 10:18,Márcia Souza da Silveira,marcia souza da silveira,PHARUS,Gabriel Oliveira,10.0,Promotor,10.0,,,,,,Totalmente no caminho,Tenho clareza e estou executando com consistência,Atendimento excelente e estratégias que estão me ajudando muito a alavancar meu patrimônio de forma segura.,,Atendimento excelente e segurança,Que eu alcance o crescimento desejado nesse primeiro ano.,Não,,,typeform 2025-26,historico_typeform.csv,Typeform NPS,evl0ynu7e3iy8mam3myevl0cp5t1ls4p,cadastro 2026-T2 (respondente) (0 dias),cadastro 2026-T2
2026-Q2,Jun–Jul/2026 (T2),2026-07-10 12:41,Debora Fernanda Ventura,debora fernanda ventura,PHARUS,Felipe Aleixo,6.0,Detrator,8.0,,,,,,"Em progresso, mas com dúvidas",Tenho clareza e estou executando com consistência,Estou aguardando as recomendações serem efetivadas e o retorno do investimento,Estratégia individualizada para geração prática de ações que gerem retorno,,Ter retorno prático das ações individualizadas para o meu caso,"Estou descrente com a experiência até o momento, as ações apresentadas para o plano de 12 meses não irão fazer o que alcance minha liberdade financeira e parece que o retorno delws",,,typeform 2025-26,historico_typeform.csv,Typeform NPS,159rqequcw0s61fg1159rqydmlrrkxe7,cadastro 2026-T2 (respondente) (0 dias),base mecanismos
2026-Q2,Jun–Jul/2026 (T2),2026-07-10 13:23,Herman Luiz Perez Rivero,herman luiz perez rivero,PHARUS,Felipe Aleixo,5.0,Detrator,10.0,,,,,,"Em progresso, mas com dúvidas","Entendi o método, mas ainda não implementei o suficiente",não vi ainda entrega,ter um resultado financeiro concreto e nao somente teoria,,resultado,nada a adicionar nesse momento.,,,typeform 2025-26,historico_typeform.csv,Typeform NPS,s7t7naibyxs78316dijnzs5qslqckp83,cadastro 2026-T2 (respondente) (0 dias),base mecanismos
2026-Q2,Jun–Jul/2026 (T2),2026-07-10 15:01,Vinicius dos Santos Cruz,vinicius dos santos cruz,PHARUS,Felipe Aleixo,10.0,Promotor,10.0,,,,,,Totalmente no caminho,"Entendi o método, mas ainda não implementei o suficiente",Por enquanto vem atendendo as espectativas,,O Engenheiro Patrimonial deixa tudo claro e explicado e faz um acompanhamento próximo.,"Os resultados financeiros se mostrarem, por enquanto não implementamos nenhuma estratégia",Não,,,typeform 2025-26,historico_typeform.csv,Typeform NPS,mgsxvv3097l8epp76pmgsxl8r26rkoaa,cadastro 2026-T2 (respondente) (0 dias),cadastro 2026-T2
2026-Q2,Jun–Jul/2026 (T2),2026-07-10 16:24,Daniel Atallah Motta,daniel atallah motta,PHARUS,Felipe Aleixo,9.0,Promotor,10.0,,,,,,Totalmente no caminho,"Entendi o método, mas ainda não implementei o suficiente",Transparência e demonstração de conhecimento da área,,Conhecimento e didática,Conseguir implementar alguma estratégia com êxito,Nao,,,typeform 2025-26,historico_typeform.csv,Typeform NPS,a3nxj7fgpm6r9bfxa9sa3nxj7qowg3n6,cadastro 2026-T2 (respondente) (0 dias),base mecanismos
2026-Q2,Jun–Jul/2026 (T2),2026-07-10 21:06,Celso Candido de Almeida Neto,celso candido de almeida neto,PHARUS,Andrieli Campesato,9.0,Promotor,10.0,,,,,,"Em progresso, mas com dúvidas",Estou travado em alguma parte e preciso de ajuda,A completude da entrega é muito interessante e o apoio da Andrieli é fundamental.,,O apoio da Andrieli e a versatilidade das estratégias.,Resultado,Uma das coisas que ainda tem causado dificuldades é a visão dos dados finaceiros com Open Finance.,,,typeform 2025-26,historico_typeform.csv,Typeform NPS,dcesbmmafpeueytodceshtwelqyjmnns,cadastro 2026-T2 (respondente) (0 dias),cadastro 2026-T2
2026-Q2,Jun–Jul/2026 (T2),2026-07-14 11:59,Francisco de Assis Vale Junior,francisco de assis vale junior,PHARUS,Hendrick Dorner,10.0,Promotor,10.0,,,,,,"Em progresso, mas com dúvidas","Entendi o método, mas ainda não implementei o suficiente",Pq está atendendo as expectativas dos planos de investimentos,,Perspectiva de planos de ação para alavancagem de patrimônio,Resultados ou projeções reais de alavancagem patrimonial,No momento não,,,typeform 2025-26,historico_typeform.csv,Typeform NPS,tvxwn3pqpt3ddb0tvxwxek4mf1quip03,cadastro 2026-T2 (respondente) (0 dias),base mecanismos
2026-Q2,Jun–Jul/2026 (T2),2026-07-14 17:20,Brenda Vieira Martins,brenda vieira martins,PHARUS,Andrieli Campesato,10.0,Promotor,10.0,,,,,,"Em progresso, mas com dúvidas","Entendi o método, mas ainda não implementei o suficiente",Acompanhamento personalizado,,Orientações fundamentadas,Obtendo bons resultados,"Até agora estou satisfeito, só estou precisando iniciar com mais precisão",,,typeform 2025-26,historico_typeform.csv,Typeform NPS,limib9vmus5b3o6limid28eekvyxq1og,cadastro 2026-T2 (respondente) (0 dias),cadastro 2026-T2
2026-Q2,Jun–Jul/2026 (T2),2026-07-15 14:22,Sylvia Maria Antunes Faria,sylvia maria antunes faria,PHARUS,Gabriel Oliveira,2.0,Detrator,5.0,,,,,,Desacreditei do método,Estou travado em alguma parte e preciso de ajuda,não  tive  nenhuma  ação  ou  resultado  que  esperava,"pensei  que   tivesse  assistencia  e   orientação  no  meu  patrimonio ,  mas  só  recebi   ofertas   de  engajamento  em   grupo",,sentir  algum  resultado positivo,gostaria de  interromper o  pagamento,,,typeform 2025-26,historico_typeform.csv,Typeform NPS,ya6gz7b0ujrnh1ya6gzvyweolcl7817d,cadastro 2026-T2 (respondente) (0 dias),cadastro 2026-T2
2026-Q2,Jun–Jul/2026 (T2),2026-07-21 10:57,Matheus Coelho Lopes,matheus coelho lopes,PHARUS,Nelson Marques,7.0,Neutro,8.0,,,,,,Estagnado ou travado,"Entendi o método, mas ainda não implementei o suficiente","Sou bem atendido pelas pessoas, todo mundo muito gente boa, mas já se passaram praticamente 6 meses desde o inicio do meu projeto e até agora não fiz nada do que foi montado pros meus planos, não conseguiram fazer a autoconstrução, nao apareceu nenhuma carta de consórcio que seja atraente, acabei de perder a oportunidade dos leiloes porque em menos de 24 horas todas as vagas foram preenchidas, a unica coisa que consegui fazer nesses 6 meses foi investir no arcadia, mas que nao estava originalmente nos meu plano patrimonial montado pelo acessor.",Eu gostaria de seguir meu plano como foi me passado,,"Eu gostei muito da empresa e das pessoas, só queria ter um pouco mais de clareza sobre as coisas, gosto de entender os detalhes até mesmo para aprender",Nao,,,typeform 2025-26,historico_typeform.csv,Typeform NPS,ecbyna96n5pji3ybzwrecbyns9a9myrl,cadastro 2026-T2 (respondente) (0 dias),base mecanismos
2026-Q2,Jun–Jul/2026 (T2),2026-07-21 13:50,Marcelo Agustini,marcelo agustini,PHARUS,Felipe Aleixo,10.0,Promotor,10.0,,,,,,"Em progresso, mas com dúvidas","Entendi o método, mas ainda não implementei o suficiente",Clareza na metodologia,,Clareza na metodologia,Ver os resultados,.,,,typeform 2025-26,historico_typeform.csv,Typeform NPS,pd5w3k75rnur73xhfqpx35pd5w3kgsxc,cadastro 2026-T2 (respondente) (0 dias),cadastro 2026-T2
2026-Q2,Jun–Jul/2026 (T2),2026-07-24 10:58,Abigail Figueiredo Santana Giansante,abigail figueiredo santana giansante,PHARUS,Julio Cienkonog,10.0,Promotor,10.0,,,,,,Totalmente no caminho,"Entendi o método, mas ainda não implementei o suficiente","Vejo a Quarta Via como uma empresa séria, idônea , com profissionais competentes para cuidar do meu patrimônio e me trazer rentabilidade.",,A transparência e o comprometimento que os profissionais da Quarta Via têm com seu clientes,"Eu continuarei com vcs se os projetos  e estratégias que  me foram apresentados  se concretizarem , me  proporcionando um bom rendimento financeiro.",Até agora eu não tenho nada a reclamar ou a acrescentar. Quero que a minha satisfação cresça a cada dia e que eu não me decepcione com a decisão que tomei.,,,typeform 2025-26,historico_typeform.csv,Typeform NPS,c39rws63o5bf1fjc39rwsmfclx2s0n9l,cadastro 2026-T2 (respondente) (0 dias),base mecanismos
2026-Q2,Jun–Jul/2026 (T2),2026-08-28 15:16,Leandro Antonio de Oliveira Correia,leandro antonio de oliveira correia,PHARUS,Gabriel Oliveira,10.0,Promotor,10.0,,,,,,Estagnado ou travado,"Entendi o método, mas ainda não implementei o suficiente",Qualidade,,Qualidade,Resultado,Não,,,typeform 2025-26,historico_typeform.csv,Typeform NPS,2y57gg84kdf9gpr2y57ggzze3avam6bi,base mecanismos (0 dias),base mecanismos
2026-Q3,Set/2026 (T3),2026-09-15 14:24,Marcelo Luiz Sanson,marcelo luiz sanson,PHARUS,Abner Braga,0.0,Detrator,0.0,,,,,,Desacreditei do método,Estou travado em alguma parte e preciso de ajuda,Falta de resultado,Comprir o que prometeram,,Nada,Insatisfeito,,,typeform 2025-26,historico_typeform.csv,Typeform NPS,7g8ks6ha1pmbfh464yqv7g8ksyxgu476,cadastro 2026-T3 (respondente) (0 dias),base mecanismos
2026-Q3,Set/2026 (T3),2026-09-15 16:37,Henry Saar,henry saar,PHARUS,Cleuber Anicesio,10.0,Promotor,10.0,,,,,,Totalmente no caminho,Tenho clareza e estou executando com consistência,Método diferenciado,,Seriedade e resultados promissores,Minha capacidade financeira e aprovação familiar,"Uma analogia para a QV: Se estiver num rio, deixe a correnteza te levar o mais longe.",,,typeform 2025-26,historico_typeform.csv,Typeform NPS,8kdlb8oq9yirc5hqj7cgxxp8kdlb9guv,cadastro 2026-T3 (respondente) (0 dias),base mecanismos
2026-Q3,Set/2026 (T3),2026-09-15 16:45,Teófilo Edwin Sotomayor Melgarejo,teofilo edwin sotomayor melgarejo,PHARUS,Cleuber Anicesio,0.0,Detrator,1.0,,,,,,Estagnado ou travado,Estou travado em alguma parte e preciso de ajuda,Ainda não teve resultado e já estou um ano na tentativa,Acompanhar  de perto para não cometer erros nas escolhas e conseguir chagar na meta proposta pela quarta via . Sendo assim nosso sucesso vai se refletir no sucesso da quarta via,,Ver os resultados,"Eu acredito na estratégia , mas penso que onitoramento tem que ser mais de perto , eu entendi que tenho só 10 reuniões durante todo o processo e fico até com medo de marcar todas logo para não esgotar as possibilidades . Mas estou estagnado no início do processo 3 cometendo sempre os mesmos erros . Sem poder ativar os outros motores",,,typeform 2025-26,historico_typeform.csv,Typeform NPS,tgfwejx55c4y9y9xtgfwra2kz4d5785e,cadastro 2026-T3 (respondente) (0 dias),base mecanismos
2026-Q3,Set/2026 (T3),2026-09-16 13:32,Maurício Pelegrini,mauricio pelegrini,PHARUS,Gustavo Papeschi Mariano,10.0,Promotor,10.0,,,,,,Totalmente no caminho,Tenho clareza e estou executando com consistência,excelente acompanhamento,,a busca  pela melhor opção em rentabilidade,menor valor mensal,Sempre pronto para ajudar e achar melhor rentabilidade,,,typeform 2025-26,historico_typeform.csv,Typeform NPS,7i42qrnxqg0pwy257i4hx5pncr9kr5cj,cadastro 2026-T3 (respondente) (0 dias),base mecanismos
2026-Q3,Set/2026 (T3),2026-09-16 13:36,Silvio Tosta Dias,silvio tosta dias,PHARUS,Carlos Serafim,10.0,Promotor,10.0,,,,,,"Em progresso, mas com dúvidas",Tenho clareza e estou executando com consistência,Plano claro e direcionamento,,Confiança,Depende do valor a ser investido,Ótimo,,,typeform 2025-26,historico_typeform.csv,Typeform NPS,pmyqv0zw721uvrngimrapmyqq2lrlpjy,cadastro 2026-T3 (respondente) (0 dias),base mecanismos
2026-Q3,Set/2026 (T3),2026-09-16 13:40,Andre Colombo Bermudez,andre colombo bermudez,PHARUS,Samuel Araújo,10.0,Promotor,10.0,,,,,,Totalmente no caminho,"Entendi o método, mas ainda não implementei o suficiente",O conteúdo focado em crescimento patrimonial com mecanismos fora do padrão mais comum utilizado  ( 3 caminhos). Disponibilização de implementação  das estratégias apresentadas com a confiança  e experiencia do time da quarta via,,Acompanhamento mensal individualizado e possibilidade de implementação dos mecanismos acompanhado e orientado pelo time quarta via,"Comecei a aplicar alguns mecanismos limitados obviamente pela minha capacidade/reserva atual, mas ainda nao finalizei nenhuma implementação para ver na prática o resultado real dos mecanismos indicados para meu momento atual",O principal é que durante essa jornada me abriu os olhos para possibilidades que nem fazia ideia que existia.,,,typeform 2025-26,historico_typeform.csv,Typeform NPS,nsyq0bz4sy3zslansyfskyfrnfq06h3h,cadastro 2026-T3 (respondente) (0 dias),base mecanismos
2026-Q3,Set/2026 (T3),2026-09-16 13:48,Sergio de Rezende Sespede,sergio de rezende sespede,PHARUS,Gustavo Papeschi Mariano,10.0,Promotor,10.0,,,,,,Totalmente no caminho,"Entendi o método, mas ainda não implementei o suficiente","Qualidade no atendimento, facilidade de acesso e implementação das modalidades de investimento",,Estruturação de um Plano para bons Investimentos,Resultados consistentes,Nenhum.,,,typeform 2025-26,historico_typeform.csv,Typeform NPS,n7cr2ou8hnxb3tc8p3gn7cr2mkc0yzwt,cadastro 2026-T3 (respondente) (0 dias),base mecanismos
2026-Q3,Set/2026 (T3),2026-09-16 14:08,Sinara Leotte Garcia,sinara leotte garcia,PHARUS,Gustavo Papeschi Mariano,7.0,Neutro,10.0,,,,,,"Em progresso, mas com dúvidas","Entendi o método, mas ainda não implementei o suficiente",Boa orientação sobre organização financeira,"Como sou bem iniciante, sinto que é difícil acompanhar as estrategias sugeridas",,Mais clareza dos objetivos e resultados a acançar,Nao,,,typeform 2025-26,historico_typeform.csv,Typeform NPS,1q82b7vazjztufn4m1q82bs636jlm223,cadastro 2026-T3 (respondente) (0 dias),base mecanismos
2026-Q3,Set/2026 (T3),2026-09-16 14:27,Régis Paraboni,regis paraboni,PHARUS,Gustavo Papeschi Mariano,9.0,Promotor,10.0,,,,,,"Em progresso, mas com dúvidas","Entendi o método, mas ainda não implementei o suficiente",Trabalho recente e ainda não recolhi frutos. Ainda não está 100% validado.,,Clareza e bom acompanhamento.,Tenho certeza de que o método é válido e todas as minhas dúvidas foram respondidas. Muito bem atendido.,Tenho certeza de que a direção está certa. Só aguardar o tempo passar para validar e colher os resultados. São somente 9 meses de trabalho.,,,typeform 2025-26,historico_typeform.csv,Typeform NPS,zpt8wbgtw4w2k3rrrgczpt8wbonovkn3,cadastro 2026-T3 (respondente) (0 dias),base mecanismos
2026-Q3,Set/2026 (T3),2026-09-16 14:46,Alexandra Ferreira Silva,alexandra ferreira silva,PHARUS,Felipe Aleixo,5.0,Detrator,7.0,,,,,,Estagnado ou travado,Estou travado em alguma parte e preciso de ajuda,acho muito distante uma reuniao da outra,reduzir o espaço entre as reunioes,,comecar a ver realmente como funciona essa alavancagem patrimonial,"como houve troca do engenheiro patrimonial , sinto que fiquei perdida, e com esse longo espaçamento entre as reunioes aumentou ainda mais esta sensação",,,typeform 2025-26,historico_typeform.csv,Typeform NPS,pkte0v4fbu0g2mgir8pkt6qcjbalep1x,cadastro 2026-T3 (respondente) (0 dias),base mecanismos
2026-Q3,Set/2026 (T3),2026-09-16 14:51,Wagner Ferreira Nunes,wagner ferreira nunes,PHARUS,Gabriel Oliveira,10.0,Promotor,10.0,,,,,,Totalmente no caminho,Tenho clareza e estou executando com consistência,"Transparência, seriedade e parceria no envolvimento do contexto e expectativas indo além de uma simples acessoria.",,"Apesar de ainda não ter percebido resultados e retornos concretos das estratégias, o nível de relacionamento e envolvimento do estrategista.","Estreitar os laços de parceria junto ao grupo num evento presencia, partilhar experiências e sentir de perto aquilo que estamos construindo.","Apesar de todos as excelentes iniciativas, em se transando da insegurança jurídica atual do país em que vivemos, para mitigar a ansiedade e preocupações futuras, apoio a promoção de um encontro, para estreitar o network em o grupo e os idealizadores do projeto em especial o Adrian.",,,typeform 2025-26,historico_typeform.csv,Typeform NPS,96r1yvif4yz25kwzkijzv96r1yv3gn86,cadastro 2026-T3 (respondente) (0 dias),cadastro 2026-T3
2026-Q3,Set/2026 (T3),2026-09-16 15:23,Paulo Roberto Rui Arantes,paulo roberto rui arantes,PHARUS,Gabriel Oliveira,10.0,Promotor,10.0,,,,,,"Em progresso, mas com dúvidas","Entendi o método, mas ainda não implementei o suficiente","Já estou há um tempo no projeto e sei que trata-se de pessoas de boa índole, excelente conhecimento, atualizadas no mercado financeiro e que estão dispostas a auxiliar os clientes na busca de seus ideiais",,"Gabriel, meu assessor está sempre à disposição para me auxiliar e apresentar oportunidades de negócios/investimentos. A equipe toda é expert no que faz e me sinto seguro com essa parceria","A resposta mais coerente e rápida é se alguma forma conseguir analisar se o retorno que terei renovando por mais 5 anos supera o investimento. Entendo que essa não é uma conta exata nem mesmo precisa já que envolve uma série de detalhes. Quanto eu consegui fazer render meu dinheiro estando no Pharus versus quanto eu conseguiria não estando. Além disso, a parceria envolve esforços de ambos os lados e também é quase impossível saber em que medida eu e o Pharus (Gabriel) estamos nos empenhando em nossas respectivas obrigações. Da minha parte, embora queira muito fazer dar certo e atingir um nível de tranquilidade financeira o quanto antes, entendo que ainda não consigo ser tão consistente em seguir a ""cartilha"". Além disso, nem todas as oportunidades se encaixam com a minha realidade financeira e minha renda, fazendo com que haja alguns gaps entre o que eu deveria e o que eu consigo realizar.","até agora a experiência tem sido muito boa. Acredito que a oportunidades apresentadas são sempre escolhidas a dedo, diversificadas e consistentes o que torna as decisões muito mais tranquilas e seguras. Meu assessor, como disse, está sempre à disposição, tem muito conhecimento do que fala, sabe ouvir e adequar as possibilidades e conhecimentos da Quarta Via à minha realidade. Talvez fosse interessante, como sugestão aqui, termos alguma reunião onde outros estrategistas (especialistas em outras áreas de dentro da Quarta Via) pudessem se reunir pra pensarmos em possibilidades para cada caso específico da realidade de cada cliente. Embora o Gabriel seja excelente, acredito que uma mesa redonda com outros especialistas (leilão, IR, etc) poderia trazer bons insights. Falando em IR, talvez se tivessem alguma área que pudesse analisar o IR do cliente para que haja a certeza de que o que estou pagando é realmente o mínimo ou se existe alguma estratégia para diminuir o tombo (claro, analisando todas as hipóteses e consequências de cada situação)",,,typeform 2025-26,historico_typeform.csv,Typeform NPS,yxa42egjn8x5zbzgowyxa42qt481t54q,cadastro 2026-T3 (respondente) (0 dias),base mecanismos
2026-Q3,Set/2026 (T3),2026-09-16 15:34,Vinicius Ferreira da Silva,vinicius ferreira da silva,PHARUS,Gustavo Papeschi Mariano,10.0,Promotor,10.0,,,,,,"Em progresso, mas com dúvidas","Entendi o método, mas ainda não implementei o suficiente",Uma forma diferente de investimento principalmente para quem não conhece a respeito de investimento nos produtos que Adrian oferece e ensina,,A possibilidade de diversificação,Palpar mais resultado …,Como resultado é a médio e curto prazo o fato de não ver … causa um pouco de insegurança,,,typeform 2025-26,historico_typeform.csv,Typeform NPS,89er8cjh20ajn189er871phlrvc9amxn,cadastro 2026-T3 (respondente) (0 dias),base mecanismos
2026-Q3,Set/2026 (T3),2026-09-16 16:02,Nastia Irina de Sousa Santos,nastia irina de sousa santos,PHARUS,Gustavo Papeschi Mariano,9.0,Promotor,9.0,,,,,,Totalmente no caminho,Tenho clareza e estou executando com consistência,Propostas concretas para se obter resultados no acúmulo de patrimônio,,Bom atendimento e esclarecimento sobre duvidas,Bons resultados,Aprimorar orientações sobre alavancagem financeira e patrimonial,,,typeform 2025-26,historico_typeform.csv,Typeform NPS,mj396qq4i0ypfzoes6mj398tbj8mp1mw,cadastro 2026-T3 (respondente) (0 dias),base mecanismos
2026-Q3,Set/2026 (T3),2026-09-16 16:13,Cristiano de Jesus Santos,cristiano de jesus santos,PHARUS,Felipe Aleixo,10.0,Promotor,10.0,,,,,,Totalmente no caminho,"Entendi o método, mas ainda não implementei o suficiente",Plano Financeiro Estruturado e com várias estrategias,,Acompanhamento Individual com Estrategias Robustas.,"Na medida que os resultados forem surgindo, estimula ainda mais a permanencia.","Felipe é muito acolhedor, paciente, educado e tem altissimo conhecimento, ele e toda a equipe estão de Parabéns!",,,typeform 2025-26,historico_typeform.csv,Typeform NPS,884m5eje0r4iwyb30z08lg884m5ez18h,cadastro 2026-T3 (respondente) (0 dias),base mecanismos
2026-Q3,Set/2026 (T3),2026-09-16 16:16,Cassio Guilherme da Silva Moreira,cassio guilherme da silva moreira,PHARUS,Gustavo Papeschi Mariano,10.0,Promotor,10.0,,,,,,"Em progresso, mas com dúvidas","Entendi o método, mas ainda não implementei o suficiente",Acompanhamento e esclarecimento,,Acompanhamento e esclareciemnt,Resultado,Gustavo sempre estando em prontidão e esclarecendo dúvidas.,,,typeform 2025-26,historico_typeform.csv,Typeform NPS,0k4xi46wj659z7a3gax0k4xazfu67vt3,cadastro 2026-T3 (respondente) (0 dias),base mecanismos
2026-Q3,Set/2026 (T3),2026-09-16 17:05,Marcos Rollemberg Mollo,marcos rollemberg mollo,PHARUS,Felipe Aleixo,7.0,Neutro,10.0,,,,,,"Em progresso, mas com dúvidas","Entendi o método, mas ainda não implementei o suficiente","Gostaria de dar 10,e acho que vou dar 10 no futuro, mas ainda não vi resultado!  Não participei de leilão, ainda.",Concretizar o prometido,,Lucro,Do 10 porque não vi problema algum,,,typeform 2025-26,historico_typeform.csv,Typeform NPS,yex64n97q26ozslp4wyex6i5i5n7kmcl,cadastro 2026-T3 (respondente) (0 dias),base mecanismos
2026-Q3,Set/2026 (T3),2026-09-16 17:48,Wanda Cristina Pinto Lisboa,wanda cristina pinto lisboa,PHARUS,Felipe Aleixo,10.0,Promotor,10.0,,,,,,Totalmente no caminho,Tenho clareza e estou executando com consistência,A atenção dispensada pelo engenheiro patrimonial e disponibilidade para esclarecer os pontos de dúvida auxiliando na tomada de decisão.,,A clareza das explicações e adequação do ritmo à minha experiência pessoal l.,"Como estou implementado meu primeiro projeto concreto, aguardo o resultado para me sentir mais segura para implementar novos projetos.","No momento, não.",,,typeform 2025-26,historico_typeform.csv,Typeform NPS,22cfbszz82h2gajfk22cfbsz2i51apci,cadastro 2026-T3 (respondente) (0 dias),base mecanismos
2026-Q3,Set/2026 (T3),2026-09-16 17:52,Gilvane Marchesi,gilvane marchesi,PHARUS,Andrieli Campesato,10.0,Promotor,10.0,,,,,,"Em progresso, mas com dúvidas",Tenho clareza e estou executando com consistência,Atendimento,,Confiabilidade informações transparentes,Ter resultado financeiro resultado resul,O investimento para entrar no Pharo poderia ser pelo menos em partes revertido a,,,typeform 2025-26,historico_typeform.csv,Typeform NPS,kghevdlo1u4uum8gn8gvmfkkghevdlof,cadastro 2026-T3 (respondente) (0 dias),base mecanismos
2026-Q3,Set/2026 (T3),2026-09-16 19:51,Francisco Marcio Ximenes,francisco marcio ximenes,PHARUS,Felipe Aleixo,8.0,Neutro,10.0,,,,,,Estagnado ou travado,"Entendi o método, mas ainda não implementei o suficiente","Ainda não colhi os resultados de nenhuma operação, o que prejudica a avaliação.","Maior agilidade na execução da estratégia de leilão, considerando imóveis de valor menor para ter maior rotatividade.",,Resultados reais,Não,,,typeform 2025-26,historico_typeform.csv,Typeform NPS,2iqadvcz9814rvlcwjh2irb88l8j9cbb,cadastro 2026-T3 (respondente) (0 dias),base mecanismos
2026-Q3,Set/2026 (T3),2026-09-16 23:51,André Felipe de Moura,andre felipe de moura,PHARUS,Gabriel Oliveira,10.0,Promotor,10.0,,,,,,Totalmente no caminho,"Entendi o método, mas ainda não implementei o suficiente",Excelente apoio na organização da vida financeira !,,Ótimo atendimento e excelentes novas estratégias!,Se o custo não for tão alto !,Excelente experiência!,,,typeform 2025-26,historico_typeform.csv,Typeform NPS,2a20tpz2vrf8zd8s2a24gimlxstwj3i4,cadastro 2026-T3 (respondente) (0 dias),base mecanismos
2026-Q3,Set/2026 (T3),2026-09-17 06:19,Tatiana Hammerschmitt Utzig,tatiana hammerschmitt utzig,PHARUS,Hendrick Dorner,10.0,Promotor,10.0,,,,,,Totalmente no caminho,Tenho clareza e estou executando com consistência,Objetivo alcançado com o que o programa oferece,,A forma que conduzem e me orientam para ativos e para meu futuro,Meus resultados e a prospecção futura me apresentada com consistência,Não,,,typeform 2025-26,historico_typeform.csv,Typeform NPS,npl1m7zz31aqnpl1yylewwr5lhxufyyk,cadastro 2026-T3 (respondente) (0 dias),base mecanismos
2026-Q3,Set/2026 (T3),2026-09-17 09:11,Brenda Vieira Martins,brenda vieira martins,PHARUS,Andrieli Campesato,10.0,Promotor,10.0,,,,,,Totalmente no caminho,"Entendi o método, mas ainda não implementei o suficiente",Acompanhamento e estratégias muito boas,,O acompanhamento em si,Se obtiver bons resultados nesse primeiro ano,"No momento estou satisfeita até então, melhorando a experiência aos poucos",,,typeform 2025-26,historico_typeform.csv,Typeform NPS,i27rkzu19g0jfngouki27rkz6onzkiye,cadastro 2026-T3 (respondente) (0 dias),base mecanismos
2026-Q3,Set/2026 (T3),2026-09-17 10:08,Anna Carla de Oliveira Dini,anna carla de oliveira dini,PHARUS,Gustavo Papeschi Mariano,10.0,Promotor,10.0,,,,,,Totalmente no caminho,"Entendi o método, mas ainda não implementei o suficiente","Com a Quarta Via, por meio do acompanhamento do Gustavo, tenho aprendido a administrar minhas finanças. Tenho ganhado também a noção de curto, médio e longo prazo, o que antes era impossível pra mim.",,Aprender a ter noção de como se planeja uma vida financeira.,Redução no valor que pago à Quarta Via.,"Gosto do tom pessoal que a Quarta Via, como equipe, assume para lidar com o cliente. Há afetividade, não é meramente técnico.",,,typeform 2025-26,historico_typeform.csv,Typeform NPS,sag2oabwlvvpo5dcixidsag2oabywx9p,cadastro 2026-T3 (respondente) (0 dias),base mecanismos
2026-Q3,Set/2026 (T3),2026-09-17 10:24,Daniel Lin Santos,daniel lin santos,PHARUS,Cleuber Anicesio,10.0,Promotor,10.0,,,,,,Totalmente no caminho,Tenho clareza e estou executando com consistência,Poder fazer parte de um ecossistema de construção de riquezas e ter ganhos financeiros com isso,,Poder participar de investimentos de forma prática e simples,Possibilidade de ingresso em novas frentes de investimento,"A experiência tem sido muito positiva, com atendimento atencioso e célere às demandas que apresento ao analista",,,typeform 2025-26,historico_typeform.csv,Typeform NPS,7oc81cv8whv31p6zhburf7oc81cv8tdq,cadastro 2026-T3 (respondente) (0 dias),base mecanismos
2026-Q3,Set/2026 (T3),2026-09-17 10:28,Vinicius dos Santos Cruz,vinicius dos santos cruz,PHARUS,Felipe Aleixo,8.0,Neutro,10.0,,,,,,"Em progresso, mas com dúvidas",Tenho clareza e estou executando com consistência,"Atendimento vem sendo bom, mas por enquanto não obtive resultados financeiros que é o meu objetivo.",Me trazer resultado financeiro acima do meu investimento com a QuartaVia,,Ganhos acima do CDI + Investimento na quartaVia,Não.,,,typeform 2025-26,historico_typeform.csv,Typeform NPS,874hjj75e9sf0q5ut4m87026g28zpjl2,cadastro 2026-T3 (respondente) (0 dias),base mecanismos
2026-Q3,Set/2026 (T3),2026-09-17 11:16,Nelma Martins Marciano,nelma martins marciano,PHARUS,Carlos Serafim,9.0,Promotor,10.0,,,,,,"Em progresso, mas com dúvidas","Entendi o método, mas ainda não implementei o suficiente",Atendimento,,Atendimento personalizado,Evolução patrimonial,Expectativa,,,typeform 2025-26,historico_typeform.csv,Typeform NPS,1hkbjeg4xoekwxhct3t061hkbjegg44c,cadastro 2026-T3 (respondente) (0 dias),base mecanismos
2026-Q3,Set/2026 (T3),2026-09-17 11:27,Mark Lima Santos,mark lima santos,PHARUS,Carlos Serafim,9.0,Promotor,10.0,,,,,,"Em progresso, mas com dúvidas","Entendi o método, mas ainda não implementei o suficiente","Por enquanto está tudo correndo bem, mas ainda não sei o que fazer com meus ativos. Ainda não tenho um plano. Não sei se vai dar certo. Não sei se valeu a pena. Ainda é cedo para dizer.",,"Tudo perece fazer sentido e ser organizado, mas os resultados só serão percebidos com o passar do tempo.",Ter resultados palpáveis e concretos.,Aguardo na reunião que vai dizer quanto e em quais estratégias deverei entrar.,,,typeform 2025-26,historico_typeform.csv,Typeform NPS,i9nhkj3l7w2urcjirypi9nhkvlvon8k3,cadastro 2026-T3 (respondente) (0 dias),base mecanismos
2026-Q3,Set/2026 (T3),2026-09-17 12:58,Heloisa Helena Ribeiro Torres,heloisa helena ribeiro torres,PHARUS,Andrieli Campesato,7.0,Neutro,10.0,,,,,,"Em progresso, mas com dúvidas",Tenho clareza e estou executando com consistência,Ainda estamos no início do projeto e não temos resultados para apresentar. O atendimento é bem preciso,"Da parte de vcs, nada ainda. Acredito que será só uma questão de resultados o que leva tempo mesmo",,Resultado concretos,Estamos confiantes com o projeto.,,,typeform 2025-26,historico_typeform.csv,Typeform NPS,r55z93592k7qhmt8r55z9xtueu537oki,cadastro 2026-T3 (respondente) (0 dias),base mecanismos
2026-Q3,Set/2026 (T3),2026-09-17 13:44,Amauri Tadeu Darcadia,amauri tadeu darcadia,PHARUS,Rodrigo Amorim,10.0,Promotor,10.0,,,,,,Totalmente no caminho,"Entendi o método, mas ainda não implementei o suficiente",Atenção de todos,,A claridade na condução dos objetivos,Ver progresso nos meus objetivos,Sei que preciso de maior ativação dos motores para evoluir,,,typeform 2025-26,historico_typeform.csv,Typeform NPS,2uellkrmlykr547a9ubjq2uellklc42o,cadastro 2026-T3 (respondente) (0 dias),base mecanismos
2026-Q3,Set/2026 (T3),2026-09-17 13:50,Renato Pansera Spiritus,renato pansera spiritus,PHARUS,Abner Braga,6.0,Detrator,7.0,,,,,,Estagnado ou travado,Estou travado em alguma parte e preciso de ajuda,Nao vi advanço,Nao sei,,Atingir minhas metas de crescimento,Quero e preciso de mais velocidade,,,typeform 2025-26,historico_typeform.csv,Typeform NPS,7e37rfsnzqufi8kb6x4vy7e37rfscbtf,cadastro 2026-T3 (respondente) (0 dias),base mecanismos
2026-Q3,Set/2026 (T3),2026-09-17 13:51,Marco Paolo Diniz Corrêa Ceraldi,marco paolo diniz correa ceraldi,PHARUS,Felipe Aleixo,9.0,Promotor,10.0,,,,,,Estagnado ou travado,"Entendi o método, mas ainda não implementei o suficiente",atendimento cordial do felipe.,,a atençao e atendimento do felipe.,eu ainda preciso ver mais resultados para responder,"ainda aguardo iniciar pois até o momento fizemos reuniao somente para alinhar algumas coisas, mas n fiz invenstimento ou estrategia de capital.",,,typeform 2025-26,historico_typeform.csv,Typeform NPS,gyrvs0022g2w1kkakgyrvs04lj87r9ii,cadastro 2026-T3 (respondente) (0 dias),cadastro 2026-T2
2026-Q3,Set/2026 (T3),2026-09-17 14:01,Henrique Ryuji Takahashi,henrique ryuji takahashi,PHARUS,Rodrigo Amorim,10.0,Promotor,10.0,,,,,,"Em progresso, mas com dúvidas",Tenho clareza e estou executando com consistência,Organizacao,,"Rumo claro, organizacao",Resultado,Nao,,,typeform 2025-26,historico_typeform.csv,Typeform NPS,f6f7xh4dqdq2j8pjs4f6f7xh0o3srrbm,cadastro 2026-T3 (respondente) (0 dias),base mecanismos
2026-Q3,Set/2026 (T3),2026-09-17 14:08,Emanuel Rocha Borges,emanuel rocha borges,PHARUS,Abner Braga,10.0,Promotor,10.0,,,,,,"Em progresso, mas com dúvidas","Entendi o método, mas ainda não implementei o suficiente",Transparência e clareza das informações.,,"Planejamento de acordo com a realidade do cliente, compreendendo a realidade e circunstância de cada um.",Mudança crescente na minha renda.,Ainda não,,,typeform 2025-26,historico_typeform.csv,Typeform NPS,qfrtrm3jl5x7qfv6bvk6v6qfrtrm6ipn,cadastro 2026-T3 (respondente) (0 dias),base mecanismos
2026-Q3,Set/2026 (T3),2026-09-17 14:20,Lejandre Karol Fortes Meneses,lejandre karol fortes meneses,PHARUS,Gabriel Oliveira,6.0,Detrator,9.0,,,,,,"Em progresso, mas com dúvidas","Entendi o método, mas ainda não implementei o suficiente","Entrei no plano em maio, estamos em setembro e Ainda não surgiram os empreendimentos prometidos  (leilões).",Mais transparência nos investimentos. Por exemplo solicitei dados reais dos últimos leilões e demorou meses para me informarem 3 imóveis com os dados. Planilha desenvolvida para simular o aumento patrimonial é irrealista. Ela leva em conta sincronismo perfeito entre investimentos. Na prática pode esperar meses. E tempo é fundamental.,,Ver na prática os resultados dos investimentos e ter considerável desconto na taxa de renovação.,Já era uma pessoa financeiramente organizada. Então para mim o que mais vale é o plano de aumento patrimonial em prática. No entanto os leilões em série prometidos estão demorando muito.,,,typeform 2025-26,historico_typeform.csv,Typeform NPS,msbtr5b2kiokrb5o22xmsbtr5kxgpucz,cadastro 2026-T3 (respondente) (0 dias),base mecanismos
2026-Q3,Set/2026 (T3),2026-09-17 14:21,Érico Yudi Hotta Pereira,erico yudi hotta pereira,PHARUS,Rodrigo Amorim,7.0,Neutro,8.0,,,,,,"Em progresso, mas com dúvidas","Entendi o método, mas ainda não implementei o suficiente","Ainda não foi apresentado , ou mostrado os produtos , motivo o qual eu entrei. Esta fazendo somente o mapeamento ainda, entao nao consigo avaliar se o programa é realmente o que eu esperava ou nao","Entender o porque cada um entrou, e por mais que essa etapa inicial seja necessaria, ja ofecerer os dispositivos que fizeram a pessoa contratar",,"Está ainda muito no começo da jornada, não é possivel avaliar",Não,,,typeform 2025-26,historico_typeform.csv,Typeform NPS,cdmw7c1liv716ahktgcdmw7c17h0xvhx,cadastro 2026-T3 (respondente) (0 dias),base mecanismos
2026-Q3,Set/2026 (T3),2026-09-17 14:30,Eloísa Lauritzen Câmara,eloisa lauritzen camara,PHARUS,Andrieli Campesato,10.0,Promotor,10.0,,,,,,"Em progresso, mas com dúvidas",Tenho clareza e estou executando com consistência,Competência,,Responsabilidade da equipe,Manutenção do que já é entregue,Não,,,typeform 2025-26,historico_typeform.csv,Typeform NPS,r7qqsu3t7efihupxfdq3r7qq88png6ms,cadastro 2026-T3 (respondente) (0 dias),base mecanismos
2026-Q3,Set/2026 (T3),2026-09-17 14:39,Márcia Souza da Silveira,marcia souza da silveira,PHARUS,Gabriel Oliveira,10.0,Promotor,10.0,,,,,,Totalmente no caminho,Tenho clareza e estou executando com consistência,Confiança e profissionalismo,,Confiança,Resultados positivos,Não,,,typeform 2025-26,historico_typeform.csv,Typeform NPS,9tu9sn4acodvw9tua55u9xch5254eu4y,cadastro 2026-T3 (respondente) (0 dias),base mecanismos
2026-Q3,Set/2026 (T3),2026-09-17 14:50,Alvaro Eduardo Sardinha,alvaro eduardo sardinha,PHARUS,Rodrigo Amorim,10.0,Promotor,10.0,,,,,,Totalmente no caminho,Tenho clareza e estou executando com consistência,Até agora o atendimento e o objetivo do programa estão bem claro.,,A boa estruturação da orientação que estou recebendo.,Retorno do investimento bem consolidado.,Poderia ter uma sequência de reuniões menos espaçadas.,,,typeform 2025-26,historico_typeform.csv,Typeform NPS,i3xz7nuy54t7m34bi3xz7hu8w1wibeq1,cadastro 2026-T3 (respondente) (0 dias),base mecanismos
2026-Q3,Set/2026 (T3),2026-09-17 14:56,Monique Lima da Motta,monique lima da motta,PHARUS,Rodrigo Amorim,10.0,Promotor,10.0,,,,,,Totalmente no caminho,Tenho clareza e estou executando com consistência,A confiança e a competência da empresa,,O atendimento personalizado,Continuarei,Nda,,,typeform 2025-26,historico_typeform.csv,Typeform NPS,hujlwzcq8pw1179kphujlwud0ba1rwtk,cadastro 2026-T3 (respondente) (0 dias),base mecanismos
2026-Q3,Set/2026 (T3),2026-09-17 16:08,Kleber Tomé da Silva,kleber tome da silva,PHARUS,Gabriel Oliveira,10.0,Promotor,10.0,,,,,,Totalmente no caminho,Tenho clareza e estou executando com consistência,"Confiança, plano sólido, atendimento diferenciado.",,Plano sólido.,"Atingir o objetivo no primeiro ano, no segundo, terceiro e assim sucessivamente.","Acho que foi minha melhor decisão em muitos anos. Plano confiável e claro. Acompanhamento próximo e com clareza e objetividade. Desde o inicio tive esta impressão e depois só confirmou que foi uma ótima decisão. Obrigado, amigos.",,,typeform 2025-26,historico_typeform.csv,Typeform NPS,vcm2lowimk48gk8lrtvcmfzucpp6rxid,cadastro 2026-T3 (respondente) (0 dias),base mecanismos
2026-Q3,Set/2026 (T3),2026-09-17 16:16,Elizeu Barreira Lemos Júnior,elizeu barreira lemos junior,PHARUS,Gabriel Oliveira,10.0,Promotor,10.0,,,,,,Totalmente no caminho,"Entendi o método, mas ainda não implementei o suficiente",Acredito no empenho e desejo dos projetos de fazer acontecer.,,Transparência das informações.,Ainda estou no começo más acredito que faremos bons negócios.,Está tudo bem.,,,typeform 2025-26,historico_typeform.csv,Typeform NPS,83jw1nb47dvas7rw2zxblf83jw1n0oml,cadastro 2026-T3 (respondente) (0 dias),base mecanismos
2026-Q3,Set/2026 (T3),2026-09-17 16:17,Ricardo Matter Moreno,ricardo matter moreno,PHARUS,Rodrigo Amorim,10.0,Promotor,10.0,,,,,,"Em progresso, mas com dúvidas","Entendi o método, mas ainda não implementei o suficiente","Propriedade no assunto, confiança, credibilidade",,"Propriedade no assunto, forma de expressar sobre o assunto","Forma de escalar, forma de crescimento financeiro",Nenhum,,,typeform 2025-26,historico_typeform.csv,Typeform NPS,f0rnhpilzqza518uxnqf0rx6tfbqvsoe,cadastro 2026-T3 (respondente) (0 dias),base mecanismos
2026-Q3,Set/2026 (T3),2026-09-17 18:03,Diego Almoas Ferreira,diego almoas ferreira,PHARUS,Rodrigo Amorim,10.0,Promotor,10.0,,,,,,"Em progresso, mas com dúvidas","Entendi o método, mas ainda não implementei o suficiente",Plano e acompanhamento real do passo a passo mastigado,,A proximidade e as oportunidades durante todo o processo,Resultados consistentes,Nenhum ponto,,,typeform 2025-26,historico_typeform.csv,Typeform NPS,876dfobs0yj0xx876dk90to1uuczfz9k,cadastro 2026-T3 (respondente) (0 dias),base mecanismos
2026-Q3,Set/2026 (T3),2026-09-17 18:55,Rafael Viana Palomaro,rafael viana palomaro,PHARUS,Gabriel Oliveira,10.0,Promotor,10.0,,,,,,Totalmente no caminho,Tenho clareza e estou executando com consistência,Atendimento do Gabriel,,Atendimento e segurança,"Já renovei por 2 anos, quero ver resultados",Não,,,typeform 2025-26,historico_typeform.csv,Typeform NPS,gu7uh9876uwtc74v1hgu7us04bz3ftfc,cadastro 2026-T3 (respondente) (0 dias),base mecanismos
2026-Q3,Set/2026 (T3),2026-09-17 19:47,Wellington Pereira,wellington pereira,PHARUS,Gabriel Oliveira,7.0,Neutro,9.0,,,,,,"Em progresso, mas com dúvidas","Entendi o método, mas ainda não implementei o suficiente","Vi relatos muito positivos mas muitos relatos ruins também, ainda estou formando minha própria opinião mas até aqui minha experiência tem sido positiva","Se continuarem cumprindo as metas acordadas a cada encontro, e me apresentarem um plano que faça sentido com meus objetivos econômicos e de construção de patrimônio, certamente merecerão um 10",,"Como comentei anteriormente, ainda estamos em fase de construção do plano, preciso ter clareza de que o mesmo vai se adequar aos meus objetivos",Sem comentários no momento,,,typeform 2025-26,historico_typeform.csv,Typeform NPS,b3g78g76yt8k1rmev2qz8b3g78ghjvs7,cadastro 2026-T3 (respondente) (0 dias),base mecanismos
2026-Q3,Set/2026 (T3),2026-09-17 20:04,Heloisa Andrade Gomes,heloisa andrade gomes,PHARUS,Andrieli Campesato,8.0,Neutro,9.0,,,,,,Estagnado ou travado,"Entendi o método, mas ainda não implementei o suficiente",Vale mais a pena quando já passou dos 3 primeiros passos.,Não sei.,,O progresso financeiro sólido,Não,,,typeform 2025-26,historico_typeform.csv,Typeform NPS,02psv5o8ceyu700q6xh2a402psmxp32z,cadastro 2026-T3 (respondente) (0 dias),base mecanismos
2026-Q3,Set/2026 (T3),2026-09-17 20:21,Denise Leite Ocampos,denise leite ocampos,PHARUS,Gustavo Papeschi Mariano,8.0,Neutro,10.0,,,,,,"Em progresso, mas com dúvidas","Entendi o método, mas ainda não implementei o suficiente",Eu achei o valor do acompanhamento alto,"Ter preços mais acessíveis e personalizados às demandas dos clientes. No meu caso, eu precisava organizar minhas Finanças primeiro para ter a mentoria do patrimônio. Como demorei um ano para vender um apto para então ter receita para a mentoria, eu senti que paguei alto já que a parte principal será iniciada agora quando estou na renovação.",,Resultados,Não,,,typeform 2025-26,historico_typeform.csv,Typeform NPS,mijxb83e0jreb40dhl8avomijxb83ev3,cadastro 2026-T3 (respondente) (0 dias),base mecanismos
2026-Q3,Set/2026 (T3),2026-09-17 20:29,Daniel Correia Cavalcante,daniel correia cavalcante,PHARUS,Abner Braga,9.0,Promotor,10.0,,,,,,"Em progresso, mas com dúvidas",Tenho clareza e estou executando com consistência,O programa está fazendo com que tomemos melhores decisões e está trazendo previsibilidade,,O atendimento das reuniões e a compreensão do momento desafiador que estamos passando,Resultado,Sem comentários agora,,,typeform 2025-26,historico_typeform.csv,Typeform NPS,sqj8lquppunzfjip6myma84sqj8lqu6c,cadastro 2026-T3 (respondente) (0 dias),base mecanismos
2026-Q3,Set/2026 (T3),2026-09-17 20:33,Poliana Cristina Souto Maior da Silva,poliana cristina souto maior da silva,PHARUS,Gabriel Oliveira,10.0,Promotor,10.0,,,,,,Totalmente no caminho,"Entendi o método, mas ainda não implementei o suficiente",O suporte que vocês me dão e as oportunidades da escala patrimonial que venho tendo.,,O fato de eu quitar dividas ruins e adquirir dívidas boas.,"Pretendo continuar, se o valor for acessível e compatível ao meu momento atual",Equipe excelente,,,typeform 2025-26,historico_typeform.csv,Typeform NPS,9kkl8idw9h9tjxx847x9kkl8i5ibh8v9,cadastro 2026-T3 (respondente) (0 dias),base mecanismos
2026-Q3,Set/2026 (T3),2026-09-17 20:54,Janice Lima Silveira,janice lima silveira,PHARUS,Samuel Araújo,9.0,Promotor,10.0,,,,,,Totalmente no caminho,"Entendi o método, mas ainda não implementei o suficiente",Equipe acessível que visualiza a realidade do cliente sem “forçar” metas ou aplicações,,Planejamento individualizado,Visualizar resultados sólidos e me sentir segura com a equipe,"Me surpreendendo positivamente a cada dia, principalmente com o fato de conseguir visualizar todo o processo de maneira clara e participar ativamente das tomadas de decisões",,,typeform 2025-26,historico_typeform.csv,Typeform NPS,f62trn0eyf9nefzp7f62tgcndt52tzkb,cadastro 2026-T3 (respondente) (0 dias),base mecanismos
2026-Q3,Set/2026 (T3),2026-09-17 21:16,Ana Maria Soria,ana maria soria,PHARUS,Cleuber Anicesio,10.0,Promotor,10.0,,,,,,"Em progresso, mas com dúvidas",Tenho clareza e estou executando com consistência,Atendimento e direcionamento,,Direcionamento,O início de resultados concretos na receita,Não,,,typeform 2025-26,historico_typeform.csv,Typeform NPS,36uwrcug3vnl04ehhf0f36uwrcug7keb,cadastro 2026-T3 (respondente) (0 dias),base mecanismos
2026-Q3,Set/2026 (T3),2026-09-17 21:19,Marisa Paula Peraro,marisa paula peraro,PHARUS,Andrieli Campesato,6.0,Detrator,7.0,,,,,,"Em progresso, mas com dúvidas",Estou travado em alguma parte e preciso de ajuda,Ainda não vi o devido valor no programa,Ser mais organizados.,,Não sei,"A forma de estrutura ainda tem momentos que me geram incerteza. Os cursos são caseiros, sendo filmando sem equipe, algo que ainda não tem profissionalismo.",,,typeform 2025-26,historico_typeform.csv,Typeform NPS,d7s3hu106sk8d7ujpu2dh44umy0h4nb6,cadastro 2026-T3 (respondente) (0 dias),base mecanismos
2026-Q3,Set/2026 (T3),2026-09-17 21:28,Luciana Maraldi Freire,luciana maraldi freire,PHARUS,Andrieli Campesato,10.0,Promotor,10.0,,,,,,Totalmente no caminho,Tenho clareza e estou executando com consistência,"Atendimento personalizado, profissionalismo, oferta variada de produtos do  mercado real",,"Acesso aos produtos, ao grupo de investidores em mercado real sem precisar procurar sozinha. Segurança maior para fechar negócios. Suporte técnico em todas as negociações.","Após o ganho de capital realizar  o primeiro financiamento de imóvel para alugar ou receber primeiro lucro de venda de imóvel de leilão. Enfim, ver que o método funciona e sentir confiança de investir mais. Sempre com transparência.",A Quartavia me deixa mais tranquila para focar no trabalho e assim poder ter mais resultados.,,,typeform 2025-26,historico_typeform.csv,Typeform NPS,ojz48amp2m8oqp6ojz48u5phie9v0xxu,cadastro 2026-T3 (respondente) (0 dias),base mecanismos
2026-Q3,Set/2026 (T3),2026-09-17 21:59,Paolo Henrique Cassano,paolo henrique cassano,PHARUS,Cleuber Anicesio,10.0,Promotor,10.0,,,,,,"Em progresso, mas com dúvidas","Entendi o método, mas ainda não implementei o suficiente",acompanhamento durante o processo,,gostei,seguir com mais instrucoes,nada,,,typeform 2025-26,historico_typeform.csv,Typeform NPS,m9xjaw49n0pvnbimhf6m9xjaw0yge0tm,cadastro 2026-T3 (respondente) (0 dias),base mecanismos
2026-Q3,Set/2026 (T3),2026-09-18 02:40,Maria Emília Pimentel,maria emilia pimentel,PHARUS,Carlos Serafim,10.0,Promotor,10.0,,,,,,"Em progresso, mas com dúvidas","Entendi o método, mas ainda não implementei o suficiente",Estou me sentindo segura,,As reuniões q estou tendo está me levando a um nível supeior de entendimento de como posso alavancar meu patrimônio,Ver resultado,Tem sido muito boa mas ainda estou avançando e conhecendo,,,typeform 2025-26,historico_typeform.csv,Typeform NPS,f5oztq4k2d1bv6l1sf5ozt356exiis3r,cadastro 2026-T3 (respondente) (0 dias),base mecanismos
2026-Q3,Set/2026 (T3),2026-09-18 04:53,Daniela Patriani Antonio,daniela patriani antonio,PHARUS,Cleuber Anicesio,8.0,Neutro,9.0,,,,,,Desacreditei do método,Tenho clareza e estou executando com consistência,"Frustada com a espera/demora para participar da “fabrica de recebiveis..” de geracao de renda passiva recorrente a 1,5% am, e tbem por esta txa ser menor que a de 1,6% am que eu tinha investido 5 cotas de 50 no ano passado com voces, em incorporação e me foi dito que esse investimento a 1,6 foi descontinuado.. decepcionante!!","Voltar a me disponibilizar o investimento de renda passiva recorrente a 1,6% am e devolver os 5.000,00 que paguei para participar do leilao serial, por favor, flexibilizando as regras do contrato assinado ref ao leilao.",,"Voltar a me disponibilizar o investimento que gera renda passiva recorrente a 1,6 am e devolver os 5.000,00 da entrada no leilao serial, flexibilizando as regras do contrato do leilao, uma vez que nem foi iniciado ainda. Obrigada","Me identifico totalmente com a linha de crescimento patrimonial de vices, baseado em imoveis, e demais ativos reais e renda fixa, mas na pratica esta deixando a desejar.",,,typeform 2025-26,historico_typeform.csv,Typeform NPS,2g5758zex1ke4ykmcci9f2g575zfkhrq,cadastro 2026-T3 (respondente) (0 dias),base mecanismos
2026-Q3,Set/2026 (T3),2026-09-18 07:51,George Costa Soares,george costa soares,PHARUS,Felipe Aleixo,10.0,Promotor,10.0,,,,,,"Em progresso, mas com dúvidas","Entendi o método, mas ainda não implementei o suficiente",Clareza e sinceridade nas informações,,Explicação detalhada e simples do mecanismo de ação,Aplicação de um mecanismo com segurança e já algum retorno,Estava com outra Elenice que complicou muito a abordagem. Ele trouxe mais segurança e clareza,,,typeform 2025-26,historico_typeform.csv,Typeform NPS,95pyuhehykv3yqv95pyr75o525mgfcey,cadastro 2026-T3 (respondente) (0 dias),base mecanismos
2026-Q3,Set/2026 (T3),2026-09-18 07:58,Rivanildo Jose de Souza,rivanildo jose de souza,PHARUS,Nelson Marques,8.0,Neutro,10.0,,,,,,Totalmente no caminho,Tenho clareza e estou executando com consistência,Ainda tenho pouco tempo na Quartavia.,Continuar com as entregas.,,Começar a ter os resultados desejados.,Expectativas altas.,,,typeform 2025-26,historico_typeform.csv,Typeform NPS,hk5mzj58i7ry6ffvhk5m0g74lzc2hl3v,cadastro 2026-T3 (respondente) (0 dias),base mecanismos
2026-Q3,Set/2026 (T3),2026-09-18 10:05,Adriana Baêta Chaves Correia,adriana baeta chaves correia,PHARUS,Andrieli Campesato,10.0,Promotor,10.0,,,,,,Totalmente no caminho,Tenho clareza e estou executando com consistência,"Gostei de tudo, desde o curso com o Adrian, mas minha consultora Andrieli é o principal motivo, ela é excelente",,Minha consultora Andrieli,"Eu entrei há dois meses, mas eu continuaria pela clareza de direcionamento",Estou gostando muito,,,typeform 2025-26,historico_typeform.csv,Typeform NPS,yq9y9d2hb8yquj7kegluhyq9y6wgpwjt,cadastro 2026-T3 (respondente) (0 dias),base mecanismos
2026-Q3,Set/2026 (T3),2026-09-18 10:05,Ademir Barioni,ademir barioni,PHARUS,Abner Braga,10.0,Promotor,10.0,,,,,,Totalmente no caminho,Tenho clareza e estou executando com consistência,"Conhecimento, atenção, proatividade e vontade de ajudar no processo de construção do patrimônio",,Atendimento personalizado e estruturado,Clareza dos próximos passos e visão de todas as oportunidades que podem ser geradas,Estou feliz com esta oportunidade e ansioso para os próximos passos,,,typeform 2025-26,historico_typeform.csv,Typeform NPS,8b3bmojo79st8jdsg0wpd8b3bmomn0qj,cadastro 2026-T3 (respondente) (0 dias),base mecanismos
2026-Q3,Set/2026 (T3),2026-09-18 10:22,Eduardo Marinho Tassi,eduardo marinho tassi,PHARUS,Abner Braga,8.0,Neutro,10.0,,,,,,"Em progresso, mas com dúvidas","Entendi o método, mas ainda não implementei o suficiente",Suporte e orientação,Oferta de produtos em cotas menores de 3 a 5 mil por exemplo,,Vislumbrar retornos antes desse prazo.,nada,,,typeform 2025-26,historico_typeform.csv,Typeform NPS,m293v7xlquows0jwb2ym293v7xiufkj5,cadastro 2026-T3 (respondente) (0 dias),base mecanismos
2026-Q3,Set/2026 (T3),2026-09-18 10:38,Walter Evandro Zari,walter evandro zari,PHARUS,Gabriel Oliveira,10.0,Promotor,10.0,,,,,,Totalmente no caminho,"Entendi o método, mas ainda não implementei o suficiente",Conhecimento e aplicação,,Mudança de visão para criação de patrimônio,Ter clareza e resultados no caminho,Nao,,,typeform 2025-26,historico_typeform.csv,Typeform NPS,yizpvv4kxvngp5jxd2f50wnyizpvvkzv,cadastro 2026-T3 (respondente) (0 dias),base mecanismos
2026-Q3,Set/2026 (T3),2026-09-18 10:43,Raquel Abreu de Assis,raquel abreu de assis,PHARUS,Abner Braga,8.0,Neutro,10.0,,,,,,Totalmente no caminho,Tenho clareza e estou executando com consistência,Atenção e conhecimento demonstrado pelo consultor,Ainda não recebi nenhuma proposta que compesasse o investimento que fiz,,Que os investimentos valessem o quanto já investi,Não,,,typeform 2025-26,historico_typeform.csv,Typeform NPS,ncvaxl6lap4yrbtazeyncvaxlpayk6qr,cadastro 2026-T3 (respondente) (0 dias),base mecanismos
2026-Q3,Set/2026 (T3),2026-09-18 10:51,João Batista Oliveira Leal,joao batista oliveira leal,PHARUS,Abner Braga,10.0,Promotor,10.0,,,,,,Totalmente no caminho,"Entendi o método, mas ainda não implementei o suficiente",Oportunidade de rendimentos melhores,,Investimentos melhores que os tradicionais,A clareza nas explicações e a confiabilidade no grupo,No momento não,,,typeform 2025-26,historico_typeform.csv,Typeform NPS,u97fe43bwwzmh7t3auu97fe4n6wzmomw,cadastro 2026-T3 (respondente) (0 dias),base mecanismos
2026-Q3,Set/2026 (T3),2026-09-18 11:07,Thales Bravo Marques Rizzo,thales bravo marques rizzo,PHARUS,Abner Braga,9.0,Promotor,10.0,,,,,,Totalmente no caminho,"Entendi o método, mas ainda não implementei o suficiente",Processos um pouco lentos,,"Atendimento de qualidade, próximo e constante",Retorno satisfatório,Sugiro ofertar mais oportunidades,,,typeform 2025-26,historico_typeform.csv,Typeform NPS,cssswy117qyrai29adlcssswspvgt0kx,cadastro 2026-T3 (respondente) (0 dias),base mecanismos
2026-Q3,Set/2026 (T3),2026-09-18 11:26,Diogo da Silveira Menegaz,diogo da silveira menegaz,PHARUS,Nelson Marques,7.0,Neutro,7.0,,,,,,Estagnado ou travado,"Entendi o método, mas ainda não implementei o suficiente","Acho que, pelo valor investido, são poucas interações e oportunidades de negócio",Ter um contato mais próximo independente se existe ou não condições de investir,,Não pagar a anuidade,Não,,,typeform 2025-26,historico_typeform.csv,Typeform NPS,qtz6fwwpbxuel5zcqtz3fg1pdxja03ze,cadastro 2026-T3 (respondente) (0 dias),base mecanismos
2026-Q3,Set/2026 (T3),2026-09-18 11:59,Geiffer Matiello,geiffer matiello,PHARUS,Nelson Marques,2.0,Detrator,6.0,,,,,,Estagnado ou travado,Tenho clareza e estou executando com consistência,Baixo retorno sobre o investimento,"O que foi apresentado e de fato executado está muito longe do apresentado e ao final do primeiro ano, teremos apenas prejuízo no negócio em si. A nota seria muito melhor se ao menos recebesse o valor para cobrir os custos mensais do grupo",,Resultados consistentes e que cobrissem o custo mensal,Não foi como esperava,,,typeform 2025-26,historico_typeform.csv,Typeform NPS,7ragh8n3479yjt381n8luloj7ragh8nw,cadastro 2026-T3 (respondente) (0 dias),base mecanismos
2026-Q3,Set/2026 (T3),2026-09-18 12:57,Arthur de Lemos Ferreira Rocha,arthur de lemos ferreira rocha,PHARUS,Nelson Marques,9.0,Promotor,10.0,,,,,,"Em progresso, mas com dúvidas",Tenho clareza e estou executando com consistência,Apresentação de novas vias de investimento e crescimento de patrimônio,,Suporte e acompanhamento,Entrega de resultados concretos,Não,,,typeform 2025-26,historico_typeform.csv,Typeform NPS,oz3ll8i3j5iy876xroz3ll88c7zj89c1,cadastro 2026-T3 (respondente) (0 dias),base mecanismos
2026-Q3,Set/2026 (T3),2026-09-18 12:58,Simoni Herrero da Silva,simoni herrero da silva,PHARUS,Samuel Araújo,0.0,Detrator,1.0,,,,,,Desacreditei do método,"Entendi o método, mas ainda não implementei o suficiente",Não tive retorno do investimento,"Eficiência, atenção e mais qualidade no atendimento",,Resultados. Eficiência. Renegociação,Decepcionada. A ponto de pedir meu dinheiro de volta.,,,typeform 2025-26,historico_typeform.csv,Typeform NPS,wlfdi4jrhg1csq15tw08brwlfd75rs6y,cadastro 2026-T3 (respondente) (0 dias),base mecanismos
2026-Q3,Set/2026 (T3),2026-09-18 14:25,Rogerio de Moraes Rodrigues,rogerio de moraes rodrigues,PHARUS,Nelson Marques,10.0,Promotor,10.0,,,,,,"Em progresso, mas com dúvidas",Perdi o vínculo com o projeto e preciso retomar,ajuda com investimentos e organização da vida financeira,,Ajuda para organizar  a vida financeira,ver meu crescimento patrimonial,não,,,typeform 2025-26,historico_typeform.csv,Typeform NPS,fy47nsh91wwuwnbefy47nud13in9gpro,cadastro 2026-T3 (respondente) (0 dias),base mecanismos
2026-Q3,Set/2026 (T3),2026-09-18 14:40,Gisele Tanaka Shinzato,gisele tanaka shinzato,PHARUS,Thiago Freire,10.0,Promotor,10.0,,,,,,Totalmente no caminho,Tenho clareza e estou executando com consistência,Confiança,,Atendimento personalizado,Confiança e resultado,Gostando muito,,,typeform 2025-26,historico_typeform.csv,Typeform NPS,ppehn4dowqb7dt3bppe86hb45alpr9e6,cadastro 2026-T3 (respondente) (0 dias),base mecanismos
2026-Q3,Set/2026 (T3),2026-09-18 14:57,Rodrigo Trindade Gonçalves,rodrigo trindade goncalves,PHARUS,Carlos Serafim,9.0,Promotor,9.0,,,,,,"Em progresso, mas com dúvidas",Tenho clareza e estou executando com consistência,Contato facilitado,,Contato com o engenheiro patrimonial,Condição de funanceira,Não,,,typeform 2025-26,historico_typeform.csv,Typeform NPS,xc6blc4ynvyr4aeqpxc6qlzs4h9h7zge,cadastro 2026-T3 (respondente) (0 dias),base mecanismos
2026-Q3,Set/2026 (T3),2026-09-18 15:10,Guilherme Almeida Francisco,guilherme almeida francisco,PHARUS,Samuel Araújo,1.0,Detrator,3.0,,,,,,Desacreditei do método,Estou travado em alguma parte e preciso de ajuda,Até o presente momento não agregou em nada.,Precisa entregar o q prometeu,,Que possa mudar o quadro,Preciso de atenção especial ou devolução do valor contratado,,,typeform 2025-26,historico_typeform.csv,Typeform NPS,d8pnkd2z9jfzqov6yard8pnkd2eat3ot,cadastro 2026-T3 (respondente) (0 dias),base mecanismos
2026-Q3,Set/2026 (T3),2026-09-18 15:22,Gilberto da Silva Arbia,gilberto da silva arbia,PHARUS,Gustavo Papeschi Mariano,7.0,Neutro,10.0,,,,,,"Em progresso, mas com dúvidas","Entendi o método, mas ainda não implementei o suficiente",Bom acompanhamento dos meus investimentos,Maior transparência nos processos de leilao,,Ter absoluta clareza dos processos,Nenhum comentário adicional,,,typeform 2025-26,historico_typeform.csv,Typeform NPS,jaadv14ymr1tbv2ojaatd7e70iaie3g6,cadastro 2026-T3 (respondente) (0 dias),base mecanismos
2026-Q3,Set/2026 (T3),2026-09-18 15:40,André Lobo Douat,andre lobo douat,PHARUS,Rodrigo Amorim,9.0,Promotor,10.0,,,,,,"Em progresso, mas com dúvidas","Entendi o método, mas ainda não implementei o suficiente",Ainda estou no início do processo e não estou 100% confiante,,O atendimento e conhecimento dos modos de alavancagem,"Preciso de resultados, que ainda não vieram...","Como não entendo dos processos,  me sinto inseguro!",,,typeform 2025-26,historico_typeform.csv,Typeform NPS,lih0py8u12z21t61eay4yflih0pyqed6,cadastro 2026-T3 (respondente) (0 dias),base mecanismos
2026-Q3,Set/2026 (T3),2026-09-18 15:43,Jack Dwek,jack dwek,PHARUS,Pedro Goulart,7.0,Neutro,9.0,,,,,,"Em progresso, mas com dúvidas",Tenho clareza e estou executando com consistência,Estou conhecendo,Alcançar os objetivos apresentados sobre retorno do investimento dentro do prazo esperado,,alcançar os resultados esperados,Iniciando,,,typeform 2025-26,historico_typeform.csv,Typeform NPS,fbalmkuyi6tnzr7ropqfbalmk8zzg9d5,cadastro 2026-T3 (respondente) (0 dias),base mecanismos
2026-Q3,Set/2026 (T3),2026-09-18 15:43,Joalicio de Almeida Honório Junior,joalicio de almeida honorio junior,PHARUS,João Aliceda,4.0,Detrator,10.0,,,,,,Estagnado ou travado,Estou travado em alguma parte e preciso de ajuda,"Entrei a pouco tempo. Mas, ainda não recebi o planejamento prometido, mesmo após enviar todas informações solicitadas. Outro ponto são comprovações fiéis do que já foi feito e o que estão fazendo, documentados para dar mais credibilidade ao trabalho, uma vez que a maioria das pessoas que entraram agora assim como eu, vimos apenas em rede social, que diga de passagem e uma terra sem lei. Outra coisa que me chamou muita atenção NEGATIVA são os processos feitos por pessoas que por algum motivo não conseguiu cancelar o contrato após desistir. Sem avaliar o mérito de quem está certo ou errado, mas pega mal e pode atrapalhar negócios futuros.",Mais transparecia e comprovação via documentos que comprovem a idoneidade da empresa e de todos envolvidos,,Transparência e entrega do planejamento,Não,,,typeform 2025-26,historico_typeform.csv,Typeform NPS,5wl6c3mwfvqyh18naypwv4enpt55wl6c,cadastro 2026-T3 (respondente) (0 dias),base mecanismos
2026-Q3,Set/2026 (T3),2026-09-18 15:47,Arthur Silveira Neto,arthur silveira neto,PHARUS,Cleuber Anicesio,7.0,Neutro,8.0,,,,,,"Em progresso, mas com dúvidas",Tenho clareza e estou executando com consistência,Relação custo/benefício,Baixar o valor do serviço,,Se não tivesse custo por isso,Não,,,typeform 2025-26,historico_typeform.csv,Typeform NPS,4rhsvug3mqkex2y2as14rhsvug3tl7kd,cadastro 2026-T3 (respondente) (0 dias),base mecanismos
2026-Q3,Set/2026 (T3),2026-09-18 15:53,Daniele Christine Sena de Moura,daniele christine sena de moura,PHARUS,João Aliceda,10.0,Promotor,9.0,,,,,,Estagnado ou travado,Estou travado em alguma parte e preciso de ajuda,Confiança. Um dos maiores ativos que uma empresa pode alcançar perante sua clientela,,"A seriedade e atenção aos detalhes dos consultores. A expectativa, claro, é ver o Adrian na  nossa frente, nao e jamais desmerecendo a competência de ninguem da equipe. Sei que todos foram escolhidos a dedo. Mas quando deparamos com uma equipe engajada, preparada, capacitada e atenciosa,dá a sensação de que estamos no lugar certo.","Tenho questões pessoais a resolver ainda como dívidas muito altas e só após sanar essas questões, consigo fôlego pra dar o start necessário",Até o momento tudo positivo,,,typeform 2025-26,historico_typeform.csv,Typeform NPS,5wqv79dukinialicgwhjv5wqv3k90dwf,cadastro 2026-T3 (respondente) (0 dias),base mecanismos
2026-Q3,Set/2026 (T3),2026-09-18 15:57,Rodrigo César Koetz de Castro,rodrigo cesar koetz de castro,PHARUS,Ana Ávalos,6.0,Detrator,9.0,,,,,,Estagnado ou travado,Estou travado em alguma parte e preciso de ajuda,Noossa experiência ainda não deslanchou,"Minha agenda é bastante conturbada e não conseguimos ainda fluir. Gostaria de avançar para o Davos, por exemplo, mas não me antecipei porque estamos muito atrás.",,Começar...,A experiência como um todo não está sendo prazerosa ou frutífera e o tempo está passando.,,,typeform 2025-26,historico_typeform.csv,Typeform NPS,lik07owvptd1pdd4y9rd86lik07o1aoe,cadastro 2026-T3 (respondente) (0 dias),base mecanismos
2026-Q3,Set/2026 (T3),2026-09-18 16:11,Alan Pontes Galvão,alan pontes galvao,PHARUS,Rodrigo Lunardi,10.0,Promotor,10.0,,,,,,Totalmente no caminho,Tenho clareza e estou executando com consistência,Entregam uma acessória competente,,Competência!,Resultado! Ainda estamos no processo. Falta o resultado,São realistas com os investimentos oferecidos,,,typeform 2025-26,historico_typeform.csv,Typeform NPS,w3a187wt3e3ovgpje38hw3a1875b0p5g,cadastro 2026-T3 (respondente) (0 dias),base mecanismos
2026-Q3,Set/2026 (T3),2026-09-18 16:14,José Carlos Corrêa da Cunha Filho,jose carlos correa da cunha filho,PHARUS,João Aliceda,8.0,Neutro,8.0,,,,,,Estagnado ou travado,Estou travado em alguma parte e preciso de ajuda,"Achei que ne ajudariam mais no controle financeiro, mais ativos",Ondigo anteriormente,,Mais pró-atividade sobre meus gastos planilhas etc,.,,,typeform 2025-26,historico_typeform.csv,Typeform NPS,6ve7gu9i5k6jx8qqubhd6ve7g1zvklcc,cadastro 2026-T3 (respondente) (0 dias),base mecanismos
2026-Q3,Set/2026 (T3),2026-09-18 16:16,Augusto Cézar Mendes Pisco Néri,augusto cezar mendes pisco neri,PHARUS,Cleuber Anicesio,10.0,Promotor,10.0,,,,,,"Em progresso, mas com dúvidas",Tenho clareza e estou executando com consistência,Expectativa futura de resultados.,,Seriedade,Alcançar os primeiros objetivos traçados para 12 meses,Estou confiante no crescimento dessa parceria.,,,typeform 2025-26,historico_typeform.csv,Typeform NPS,f18wmvweqhd2i8dzg9kof18wmvw3yard,cadastro 2026-T3 (respondente) (0 dias),base mecanismos
2026-Q3,Set/2026 (T3),2026-09-18 16:20,Cristiana Tavaniello Fortes,cristiana tavaniello fortes,PHARUS,Samuel Araújo,10.0,Promotor,10.0,,,,,,"Em progresso, mas com dúvidas","Entendi o método, mas ainda não implementei o suficiente",Atendimento perfeito,,Paciência com o momento que eu estou vivendo e mesmo assim a equipe respeita os limites de não poder estar interagindo o que seria necessário,Resultados favoráveis,No momento só agradecer pela paciência mesmo,,,typeform 2025-26,historico_typeform.csv,Typeform NPS,msl9jniprov97joymsl9x6mzurj1p23s,cadastro 2026-T3 (respondente) (0 dias),base mecanismos
2026-Q3,Set/2026 (T3),2026-09-18 16:23,Charlles André Souza de Almeida,charlles andre souza de almeida,PHARUS,Nícolas Alves,10.0,Promotor,10.0,,,,,,Totalmente no caminho,Tenho clareza e estou executando com consistência,Estou muito satisfeito,,Disponibilidade e transferência,Ter mentoria de qualidade,Não,,,typeform 2025-26,historico_typeform.csv,Typeform NPS,qndpki0c9p5nqj5jqndpkigz4uz2htg3,cadastro 2026-T3 (respondente) (0 dias),base mecanismos
2026-Q3,Set/2026 (T3),2026-09-18 16:27,Alcides Cavasini Neto,alcides cavasini neto,PHARUS,Rodrigo Amorim,10.0,Promotor,10.0,,,,,,"Em progresso, mas com dúvidas","Entendi o método, mas ainda não implementei o suficiente",Possibilidades de crescimento financeiro,,Parceria e atenção,Ver meu patrimônio aumentar/multiplicar,Não,,,typeform 2025-26,historico_typeform.csv,Typeform NPS,gnk7224afse9fmimrikygnk7o1e7e7f1,cadastro 2026-T3 (respondente) (0 dias),base mecanismos
2026-Q3,Set/2026 (T3),2026-09-18 16:27,Douglas Covre,douglas covre,PHARUS,João Aliceda,8.0,Neutro,9.0,,,,,,"Em progresso, mas com dúvidas",Tenho clareza e estou executando com consistência,"Boa proposta, força a nos programarmos financeiramente pelo compromisso assumido, boa assessoria nas decisões financeiras. Ponto de melhora: valor muito alto já no início da estratégia, podia ser algo que aumentasse conforme o retorno e o patrimônio.","Valores proporcionais no início, conforme resposta anterior. Mas 8 eu considero uma boa nota.?",,"Traçar metas em curto prazo, valor proporcional ao capital gerido, reuniões mais regulares.",Nao,,,typeform 2025-26,historico_typeform.csv,Typeform NPS,l41acvp7mbx0wiwyphzhghgnl41acvpm,cadastro 2026-T3 (respondente) (0 dias),base mecanismos
2026-Q3,Set/2026 (T3),2026-09-18 16:37,Lissandra Cavalheiro Maioli,lissandra cavalheiro maioli,PHARUS,Rodrigo Amorim,8.0,Neutro,10.0,,,,,,"Em progresso, mas com dúvidas",Tenho clareza e estou executando com consistência,Ainda estamos muito no começo do processo,Na verdade acredito que o tempo dirá através dos resultados,,Ver o retorno daquilo que estamos projetando,Por enquanto não,,,typeform 2025-26,historico_typeform.csv,Typeform NPS,jckjyx0l1gfpkwqjm1jckbmu9kgigdbp,cadastro 2026-T3 (respondente) (0 dias),base mecanismos
2026-Q3,Set/2026 (T3),2026-09-18 16:47,Marcio de Cerqueira Lario,marcio de cerqueira lario,PHARUS,Rodrigo Amorim,6.0,Detrator,10.0,,,,,,Estagnado ou travado,"Entendi o método, mas ainda não implementei o suficiente",Os mecanismos não são simples de executar e as opções de geração de rendas passivas e a promessa de que com um imóvel de 1 milhão de reais seria possível uma renda de até 30 mil reais mensais ainda não me foi passada em detalhes. Vendas complementares de serviços de assessoria sem a entrega completa também incomodaram,Entregar as facilidades prometidas no curso e nas reuniões de avaliação patrimonial… de forma mais ágil e,,Conseguir gerar a renda passiva indicada de 33 com meu imóvel de mais de um milhão de reais e sem riscos .,Mais opções de entrada em projetos de rendas passivas,,,typeform 2025-26,historico_typeform.csv,Typeform NPS,z2dxa1ecp4wtmsz28zfite4cuqa2hgae,cadastro 2026-T3 (respondente) (0 dias),base mecanismos
2026-Q3,Set/2026 (T3),2026-09-18 16:58,Renan Batista de Lima e Souza,renan batista de lima e souza,PHARUS,João Aliceda,1.0,Detrator,5.0,,,,,,Desacreditei do método,Tenho clareza e estou executando com consistência,Não entrega o que foi prometido.,Executar o que foi vendido.,,Não continuarei. Pois não tenho confiança no trabalha realizado. A propaganda feita é uma é o realizado e muito diferente. Fui totalmente enganado para entrar no grupo.,Nao,,,typeform 2025-26,historico_typeform.csv,Typeform NPS,h60pg5sny4x2pmieo42h60pg5gzruee2,cadastro 2026-T3 (respondente) (0 dias),base mecanismos
2026-Q3,Set/2026 (T3),2026-09-18 17:03,Danilo Soares Santana,danilo soares santana,PHARUS,Cleuber Anicesio,10.0,Promotor,10.0,,,,,,Totalmente no caminho,Tenho clareza e estou executando com consistência,Clareza e confiança,,Domínio do conteúdo,Boas oportunidades,Me sinto confiante em investir com eles,,,typeform 2025-26,historico_typeform.csv,Typeform NPS,zyvkxtg0vomtcbeezyvkxju4iw0xksox,cadastro 2026-T3 (respondente) (0 dias),base mecanismos
2026-Q3,Set/2026 (T3),2026-09-18 17:10,Fernando Fernandes Guimarães,fernando fernandes guimaraes,PHARUS,João Aliceda,0.0,Detrator,0.0,,,,,,Desacreditei do método,Perdi o vínculo com o projeto e preciso retomar,Pura enganação,Oferecer o que é prometido nas propagandas. Joguei dinheiro no lixo,,Não me enganarão de novo,Pura enganação,,,typeform 2025-26,historico_typeform.csv,Typeform NPS,k49o0yws7u2k43hp1k49o05e89h4g3b6,cadastro 2026-T3 (respondente) (0 dias),base mecanismos
2026-Q3,Set/2026 (T3),2026-09-18 17:18,Nadja Helena Martins Saraiva,nadja helena martins saraiva,PHARUS,Nelson Marques,10.0,Promotor,10.0,,,,,,"Em progresso, mas com dúvidas","Entendi o método, mas ainda não implementei o suficiente","O programa tem me ajudado a ter mais clareza na minha relação com o dinheiro. Tem me feito parar, refletir sobre meus comportamentos financeiros e, principalmente, repensar meu posicionamento em relação aos meus investimentos.",,"O que mais me agradou foi o contato semanal e a possibilidade de ter alguém com quem conversar, trocar e refletir sobre minhas decisões. Faz muita diferença saber que estou falando com uma pessoa que entende a minha realidade e fala a mesma linguagem que eu. Isso torna o processo mais próximo, prático e aplicável à minha vida.","Resultado. Continuar percebendo, de forma concreta, que o programa está gerando evolução nas minhas decisões, no meu comportamento financeiro e, principalmente, nos resultados do meu patrimônio.",Nesse momento não,,,typeform 2025-26,historico_typeform.csv,Typeform NPS,1v23als9vbflj911xmin1v23a0omuu2h,cadastro 2026-T3 (respondente) (0 dias),base mecanismos
2026-Q3,Set/2026 (T3),2026-09-18 17:27,Marleno Litaiff Monteiro Jr.,marleno litaiff monteiro jr.,PHARUS,Willian Oliveira Schimidt,10.0,Promotor,10.0,,,,,,Totalmente no caminho,"Entendi o método, mas ainda não implementei o suficiente",Credibilidade e confiança,,A confiança transmitida,Resultados e melhoria da qualidade de vida,Esperança no sucesso,,,typeform 2025-26,historico_typeform.csv,Typeform NPS,7t0wzqpsqjlkwarrq3vkv7t0wzqm4j2r,cadastro 2026-T3 (respondente) (0 dias),base mecanismos
2026-Q3,Set/2026 (T3),2026-09-18 17:29,Claudia Susana Lamperti,claudia susana lamperti,PHARUS,Tales Salinas Rozo,10.0,Promotor,10.0,,,,,,Estagnado ou travado,"Entendi o método, mas ainda não implementei o suficiente",Dedicação e atenção da equipe,,Atenção e vontade fazer dar certo,Conseguiria permanecer no programa ao adquirir uma renda mensal,Ótima experiência,,,typeform 2025-26,historico_typeform.csv,Typeform NPS,rulk79b2rojoaewn0wigdjq3sbrulk79,cadastro 2026-T3 (respondente) (0 dias),base mecanismos
2026-Q3,Set/2026 (T3),2026-09-18 17:31,Maria Antonieta de Campos Tinôco,maria antonieta de campos tinoco,PHARUS,Andrieli Campesato,9.0,Promotor,10.0,,,,,,"Em progresso, mas com dúvidas","Entendi o método, mas ainda não implementei o suficiente",A aquisição do imóvel em leilão está demorada.,,O atendimento da Andrieli. Profissional de alto desempenho.,Ter acompanhamento e resultados. A questão dos consórcios não senti segurança em fazer.,Até o momento estamos muito bem assessorados. Mas ao mesmo tempo acho devagar o processo.,,,typeform 2025-26,historico_typeform.csv,Typeform NPS,9abb8kzay4l9t7h4egyy9abb8kehwfd6,cadastro 2026-T3 (respondente) (0 dias),base mecanismos
2026-Q3,Set/2026 (T3),2026-09-18 17:35,Marcio Yoshikatsu Medeiros Sakurata,marcio yoshikatsu medeiros sakurata,PHARUS,João Aliceda,3.0,Detrator,10.0,,,,,,Estagnado ou travado,"Entendi o método, mas ainda não implementei o suficiente","Participo do programa há alguns meses, mas os avanços têm sido limitados. Até o momento, consegui apenas iniciar o consórcio e não vi nenhuma outra oportunidade real do plano patrimonial sair do papel, o que me faz considerar a desistência.  Compreendo que certos processos exigem tempo, mas, nesse ritmo, não alcançaremos as metas estabelecidas. Vale destacar que o João é um excelente profissional, mas o escopo de atuação dele acaba ficando restrito pela falta de oportunidades disponíveis, como leilões, CCBs e investimentos no exterior.",Fazer o plano patrimonial proposta sair do papel,,Ver que estamos evoluindo,Não,,,typeform 2025-26,historico_typeform.csv,Typeform NPS,azrbalm8s0lew58mkb90exazrbalkgfk,cadastro 2026-T3 (respondente) (0 dias),base mecanismos
2026-Q3,Set/2026 (T3),2026-09-18 17:40,Caio Ivo de Almeida,caio ivo de almeida,PHARUS,Rodrigo Lunardi,9.0,Promotor,10.0,,,,,,Totalmente no caminho,Tenho clareza e estou executando com consistência,"Proposta estruturada para crescimento patrimonial, porém ainda estou bem no início do programa e não posso afirmar nada sobre os resultados.",,Proposta estruturada de crescimento patrimonial.,Resultados consistentes para crescimento patrimonial.,Não,,,typeform 2025-26,historico_typeform.csv,Typeform NPS,jqifkm62j5w0kjqikohz7pj6od3ek00s,cadastro 2026-T3 (respondente) (0 dias),base mecanismos
2026-Q3,Set/2026 (T3),2026-09-18 17:45,Leonardo Souza Rola,leonardo souza rola,PHARUS,Pedro Goulart,10.0,Promotor,10.0,,,,,,Totalmente no caminho,Tenho clareza e estou executando com consistência,Por toda a orientação e empenho em ensinar os caminhos reais para o verdadeiro ganho.,,Percebe-se o empenho real de ensinar. Em pouco tempo eu já tenho uma outra visão para investimento,"Na verdade, eu já pretendo manter o vínculo.",Não,,,typeform 2025-26,historico_typeform.csv,Typeform NPS,eh74l5k5ojylilsydajnhyeh74lzq5u2,cadastro 2026-T3 (respondente) (0 dias),base mecanismos
2026-Q3,Set/2026 (T3),2026-09-18 17:48,Weslley Gonçalves Cintra,weslley goncalves cintra,PHARUS,Thiago Freire,0.0,Detrator,0.0,,,,,,Desacreditei do método,Tenho clareza e estou executando com consistência,"Pouca evolução, de 2 em 2 meses troca o engenheiro que não tem habilidade nem pra sugerir um investimento, bem fraco nao indico pra ninguém e nao vejo hora de sair desse prejuízo","Entregar o que promete na venda, nao ficar trocando o engenheiro e ter um time mais qualificado",,"Nada, não vejo a hora de terminar essa péssima experiência",Não merece comentários,,,typeform 2025-26,historico_typeform.csv,Typeform NPS,1rcc714m6qr533u66ml1rcc71eh2mwci,cadastro 2026-T3 (respondente) (0 dias),base mecanismos
2026-Q3,Set/2026 (T3),2026-09-18 17:49,Marcos Pereira Bruzzi,marcos pereira bruzzi,PHARUS,Rodrigo Lunardi,10.0,Promotor,10.0,,,,,,Totalmente no caminho,Tenho clareza e estou executando com consistência,Transparência no atencimento,,Transparência no atendimento,Clareza nas informações prestadas,Empresa séria que cumpre o que negocia,,,typeform 2025-26,historico_typeform.csv,Typeform NPS,s3mecgr2qv31mhjvds3m9g4c0iczgap5,cadastro 2026-T3 (respondente) (0 dias),base mecanismos
2026-Q3,Set/2026 (T3),2026-09-18 17:56,Fabiano Todeschini,fabiano todeschini,PHARUS,Samuel Araújo,7.0,Neutro,8.0,,,,,,Totalmente no caminho,Tenho clareza e estou executando com consistência,"Eu achei que teria mais insights, acredito que tenho um nível de controle e investimento alto, e que ele serviria para pessoas mais Júnior na gestão financeira.",Acredito que alinhar as expectativas no início.,,Eu acredito que as ofertas de leilão em,Nao,,,typeform 2025-26,historico_typeform.csv,Typeform NPS,l4363qy3xrn2w05rbnql4363qh51ydou,cadastro 2026-T3 (respondente) (0 dias),base mecanismos
2026-Q3,Set/2026 (T3),2026-09-18 18:00,Ernani Vasconcellos Emiliano dos Santos,ernani vasconcellos emiliano dos santos,PHARUS,Gustavo Papeschi Mariano,10.0,Promotor,10.0,,,,,,Totalmente no caminho,Tenho clareza e estou executando com consistência,Satisfação do atendimento prestado,,"Sobre o atendimento prestado, a prontidão nas respostas",Ver os resultados. Ainda na fase de plantio,No momento nao,,,typeform 2025-26,historico_typeform.csv,Typeform NPS,uh0nrfxh3vazu1ohw0q0quh0nrawykwe,cadastro 2026-T3 (respondente) (0 dias),base mecanismos
2026-Q3,Set/2026 (T3),2026-09-18 18:04,Fernando Pessoa Weiss,fernando pessoa weiss,PHARUS,Pedro Goulart,10.0,Promotor,10.0,,,,,,"Em progresso, mas com dúvidas","Entendi o método, mas ainda não implementei o suficiente","Até o momento estou confiante, embora sem operações em andamento ainda",,Atenção dos consultores e projeto de investimento,Resultados,Nao,,,typeform 2025-26,historico_typeform.csv,Typeform NPS,dpju6grb64ftwrnmdpju6gp2m7of35jy,cadastro 2026-T3 (respondente) (0 dias),base mecanismos
2026-Q3,Set/2026 (T3),2026-09-18 18:06,Ricardo Fernandes Lopes,ricardo fernandes lopes,PHARUS,Rodrigo Lunardi,10.0,Promotor,10.0,,,,,,Totalmente no caminho,Tenho clareza e estou executando com consistência,Transparência do negócio é profissionalismo da equipe,,"Projeto, profissionalismo e transparência",Ficaria se todo o que foi projetado se torne realidade,Estou muito satisfeito com o nosso projeto,,,typeform 2025-26,historico_typeform.csv,Typeform NPS,qccl0gkpjzg2zbwtc1ypwqccl00b4ctk,cadastro 2026-T3 (respondente) (0 dias),base mecanismos
2026-Q3,Set/2026 (T3),2026-09-18 18:20,Dalynajara Ciarlini Mendes,dalynajara ciarlini mendes,PHARUS,Thiago Henrique Trova,10.0,Promotor,10.0,,,,,,Totalmente no caminho,Tenho clareza e estou executando com consistência,Acompanhamento tranquilo com clareza das etapas e deixando confiança,,A clareza e o conhecimento,A  continuação do empenho de vcs em nos ajudar com as dúvidas,"No momento tranquila  , e já indiquei p colegas q já ingressaram",,,typeform 2025-26,historico_typeform.csv,Typeform NPS,ibs9q9dg02bog96vyqibsx8md007aa7o,cadastro 2026-T3 (respondente) (0 dias),base mecanismos
2026-Q3,Set/2026 (T3),2026-09-18 18:22,Luiz Fernando Rigotti,luiz fernando rigotti,PHARUS,Gabriel Oliveira,8.0,Neutro,9.0,,,,,,"Em progresso, mas com dúvidas",Estou travado em alguma parte e preciso de ajuda,Ainda não tenho resultados concretos.,"Acompanhamento mais frequentemente, sei que no meu caso o resultado é mais demorado.",,Resultados reais,"Mais informações sobre mercado hoje,",,,typeform 2025-26,historico_typeform.csv,Typeform NPS,5w6n78dh81pnufr5w6n7orsfvyjla1nq,cadastro 2026-T3 (respondente) (0 dias),base mecanismos
2026-Q3,Set/2026 (T3),2026-09-18 18:29,Jose Renato Lima dos Santos,jose renato lima dos santos,PHARUS,Rodrigo Lunardi,9.0,Promotor,0.0,,,,,,"Em progresso, mas com dúvidas","Entendi o método, mas ainda não implementei o suficiente","Presença, disponibilidade, clareza e respeito",,O entendimento de minha situação e a preocupação de indicar os melhores caminhos,"Se pudesse haver algo no que investir para obter renda passiva, ainda que pequena, dentro de poucos meses, eu estaria interessado.","Sigamos em frente, com otimismo e com garra!",,,typeform 2025-26,historico_typeform.csv,Typeform NPS,opl5lq1b6d2e2ie978qopl5lqa3rndvz,cadastro 2026-T3 (respondente) (0 dias),cadastro 2026-T3
2026-Q3,Set/2026 (T3),2026-09-18 18:33,Caio Macieira de Almeida Aguilar,caio macieira de almeida aguilar,PHARUS,Rodrigo Amorim,10.0,Promotor,10.0,,,,,,Totalmente no caminho,"Entendi o método, mas ainda não implementei o suficiente",Qualificação do time e atenção ao cliente,,Atenção ao cliente,Mudança de comportamento e resultados,"Meu estrategista é excelente, acompanha de perto e sempre disponível e nos retorna dúvidas em prontidão",,,typeform 2025-26,historico_typeform.csv,Typeform NPS,o83mpftv8ism73o837cwz1nfc4n9i07c,cadastro 2026-T3 (respondente) (0 dias),base mecanismos
2026-Q3,Set/2026 (T3),2026-09-18 18:56,Ernane de Oliveira Graciano,ernane de oliveira graciano,PHARUS,Hendrick Dorner,10.0,Promotor,10.0,,,,,,Totalmente no caminho,Tenho clareza e estou executando com consistência,Até o momento sentir muita transparência e profissionalismo por parte de todos!,,"As oportunidades que terei fazendo parte do ecossistema da QuartaVia, cases já implementado ou em curso, o que demonstra solidez e experiência da equipe!",A garantia de que estou fazendo parte de um grupo honesto e transparente na condução dos projetos.,"Sou novo por aqui, mas até esse momento, tenho sentido confiança no processo que me fará um novo e experiente investidor.",,,typeform 2025-26,historico_typeform.csv,Typeform NPS,kkln7jjjwgqyqizb27dkk0h191da57wr,cadastro 2026-T3 (respondente) (0 dias),base mecanismos
2026-Q3,Set/2026 (T3),2026-09-18 19:04,Francisco Daniel Costa,francisco daniel costa,PHARUS,Pedro Goulart,10.0,Promotor,10.0,,,,,,Totalmente no caminho,"Entendi o método, mas ainda não implementei o suficiente",Atendimento,,Atendimento e dominio do assunto,Resultados positivos,Não,,,typeform 2025-26,historico_typeform.csv,Typeform NPS,02mg1n0tlgxcwjdfphgp02mg1nsc64hv,cadastro 2026-T3 (respondente) (0 dias),base mecanismos
2026-Q3,Set/2026 (T3),2026-09-18 19:18,Daniele Cristina de Sant’anna Muniz Pimenta,daniele cristina de santanna muniz pimenta,PHARUS,Samuel Araújo,10.0,Promotor,10.0,,,,,,Totalmente no caminho,Tenho clareza e estou executando com consistência,Direcionamento,,"Me sinto bem orientada, no caminho certo",Resultados dos investimentos,Satisfeita,,,typeform 2025-26,historico_typeform.csv,Typeform NPS,dkevaxkpcr1pefckdkejcvli27iqk2bj,cadastro 2026-T3 (respondente) (0 dias),base mecanismos
2026-Q3,Set/2026 (T3),2026-09-18 19:27,Carlos Eduardo Fontenele Ferraz,carlos eduardo fontenele ferraz,PHARUS,Felipe Aleixo,10.0,Promotor,10.0,,,,,,"Em progresso, mas com dúvidas",Tenho clareza e estou executando com consistência,"relacionamento, boas praticas e informaçoes bem claras sobre os processos",,conversa simples e pratica em relação aos principais problemas elencados e as principais solucoes ofertadas,condiçoes de renovação que possibilitem a perpetuaçao do relacionamento,"felipe é atencioso e busca ser bem objetivo em relação a reeducação financeira, o que ajuda muito na relaçao de confiança com a quartavia",,,typeform 2025-26,historico_typeform.csv,Typeform NPS,3zx4dyv5ib74cr53zx4dy4u3duycyj1g,cadastro 2026-T3 (respondente) (0 dias),base mecanismos
2026-Q3,Set/2026 (T3),2026-09-18 19:33,Paulo Roberto Cardoso,paulo roberto cardoso,PHARUS,Rodrigo Lunardi,4.0,Detrator,9.0,,,,,,Desacreditei do método,Perdi o vínculo com o projeto e preciso retomar,O que foi falado na apresentação de venda do produto de 20mil não apresentou nada de diferente que já tem no meecado,"Vejo que a forma de captação de vocês eh mais como um banco que usa o dinheiro dos que capitalizam vossa empresa . Portanto aquele historia do consórcio rápido diferente etc não aconteceu . Os investimentos em bolsões de compra de imóveis são elevados e com baixa rentabilidade.. então não me apresentaram nada significativo , ora cotas de investimentos nos eua  valores altos retorno depois de 2anoa ou mais na faixa de 25 a 30% .",,Propostas sadias rentáveis e verdadeiras,Insatisfeito,,,typeform 2025-26,historico_typeform.csv,Typeform NPS,dlz8ursijb64bken200dlz8u0zmh6nt2,cadastro 2026-T3 (respondente) (0 dias),base mecanismos
2026-Q3,Set/2026 (T3),2026-09-18 19:51,Manoel Furtado de Lacerda Neto,manoel furtado de lacerda neto,PHARUS,Gustavo Papeschi Mariano,10.0,Promotor,10.0,,,,,,Totalmente no caminho,Tenho clareza e estou executando com consistência,Seriedade e compromisso,,Investimentos diferenciados,Retornos dentro do planejado,Não,,,typeform 2025-26,historico_typeform.csv,Typeform NPS,8hioj2a3nhcp3i8hioj6jwsavsn9l9e1,cadastro 2026-T3 (respondente) (0 dias),base mecanismos
2026-Q3,Set/2026 (T3),2026-09-18 20:04,Leticia Roberta Pozzobon,leticia roberta pozzobon,PHARUS,Andrieli Campesato,10.0,Promotor,10.0,,,,,,Totalmente no caminho,"Entendi o método, mas ainda não implementei o suficiente","A Quarta Via nos dá acesso a investimentos de altíssima qualidade, além de um suporte consultivo personalizado.m",,Acesso à oportunidades de investimento diferenciadas,Obter retornos compatíveis com a promessa,Não,,,typeform 2025-26,historico_typeform.csv,Typeform NPS,k9h7j1ukw1n2p6dccyll9rck9h7j1h8m,cadastro 2026-T3 (respondente) (0 dias),base mecanismos
2026-Q3,Set/2026 (T3),2026-09-18 20:34,Elisson Antonio Francelino dos Santos,elisson antonio francelino dos santos,PHARUS,Rodrigo Lunardi,10.0,Promotor,10.0,,,,,,"Em progresso, mas com dúvidas",Tenho clareza e estou executando com consistência,Confiança,,Confiança e empatia,Resultados,Seguimos,,,typeform 2025-26,historico_typeform.csv,Typeform NPS,qi84as9qivey6xgqio574mmcu1fr6mqx,cadastro 2026-T3 (respondente) (0 dias),base mecanismos
2026-Q3,Set/2026 (T3),2026-09-18 22:48,Dennys Albuquerque Rodrigues,dennys albuquerque rodrigues,PHARUS,Nícolas Alves,8.0,Neutro,10.0,,,,,,Totalmente no caminho,"Entendi o método, mas ainda não implementei o suficiente","o programa é interessante, mas requer maturidade financeira do mentorado.","Fornecer um pacote com vídeos instrutivos na plataforma, e/ou arquivos que expliquem o modelo sugerido mais detalhadamente.",,"Eu precisaria ver sentido na parceria, em termos de ganho de conhecimento, segurança e oportunidades de negócio real",o estrategista responsável pelo meu atendimento (Nicolas Alves) se mostrou atencioso e prestativo desde o início. Isso gera confiança e segurança.,,,typeform 2025-26,historico_typeform.csv,Typeform NPS,io9w5tdka0zqx5p56io9w5tfqe27384l,cadastro 2026-T3 (respondente) (0 dias),base mecanismos
2026-Q3,Set/2026 (T3),2026-09-19 07:25,Abilio Bernardes Friques,abilio bernardes friques,PHARUS,Carlos Serafim,8.0,Neutro,9.0,,,,,,"Em progresso, mas com dúvidas",Tenho clareza e estou executando com consistência,Estamos no inicio,"Assim que comecar a ter resultado, com certeza sera 10",,Iniciar resultados,Ainda nao iniciamos,,,typeform 2025-26,historico_typeform.csv,Typeform NPS,lmbnn9in96zugclm58l877nbndxd0uru,cadastro 2026-T3 (respondente) (0 dias),base mecanismos
2026-Q3,Set/2026 (T3),2026-09-19 10:30,Lívia Silva Hall,livia silva hall,PHARUS,Gustavo Papeschi Mariano,10.0,Promotor,10.0,,,,,,Totalmente no caminho,Tenho clareza e estou executando com consistência,Suporte absoluto em todas as tomadas de decisões e circunstâncias que acontecem no meio do caminho,,Me sinto segura nos caminhos que escolhemos seguir,Manter o mesmo estrategista que iniciou o processo comigo,Gostaria que com o passar do tempo os cliente fiéis tivessem desconto nos próximos anos,,,typeform 2025-26,historico_typeform.csv,Typeform NPS,35ny52vektf2ffurp35ny52fapi0se2j,cadastro 2026-T3 (respondente) (0 dias),base mecanismos
2026-Q3,Set/2026 (T3),2026-09-19 11:28,Mônica Vargas Abrucese Miranda,monica vargas abrucese miranda,PHARUS,Rodrigo Lunardi,8.0,Neutro,10.0,,,,,,"Em progresso, mas com dúvidas","Entendi o método, mas ainda não implementei o suficiente","Não é uma assistência barata e fazendo parte da população com um bom ganho mas com custos altos ,orçamento no limite , mais uma despesa pode influenciar na tomada de decisões , inclusive nos aportes","Na verdade , vcs são muito bons , os recursos de quem entra é que não são tão bons para poder investir alto nas propostas que são feitas , ex 50 mil de lance , compra de apartamentos/ studios com m2 muito elevado , enfim , não dá pra entrar em tudo",,Não saberia dizer exatamente nesse momento,"Estamos , eu e meu esposo , felizes de fazermos parte da Quarta via . Sentimos não poderemos aderir a todas as propostas e também  nos gera um pouco de insegurança assumir valores altos na compra de imóveis para se pagar a longo prazo",,,typeform 2025-26,historico_typeform.csv,Typeform NPS,i3y99skuohaekei3y99brzjwusk46a63,cadastro 2026-T3 (respondente) (0 dias),base mecanismos
2026-Q3,Set/2026 (T3),2026-09-19 11:33,Gilberto Able de Rezende Chaves,gilberto able de rezende chaves,PHARUS,Rodrigo Lunardi,10.0,Promotor,9.0,,,,,,"Em progresso, mas com dúvidas",Tenho clareza e estou executando com consistência,Responsabilidade dos analistas,,A capacidade dos analistas,Comprovar a eficiência,Não,,,typeform 2025-26,historico_typeform.csv,Typeform NPS,oc5tcho228fl6b32zoc5t26cqsr0lzpa,cadastro 2026-T3 (respondente) (0 dias),base mecanismos
2026-Q3,Set/2026 (T3),2026-09-19 15:00,Mailson Bandeira Vanzeler,mailson bandeira vanzeler,PHARUS,Abner Braga,5.0,Detrator,10.0,,,,,,"Em progresso, mas com dúvidas","Entendi o método, mas ainda não implementei o suficiente",Conheço a pouco tempo,"Compramos resultado, quando tiver resultado a nota será 10.",,Resultado,Não,,,typeform 2025-26,historico_typeform.csv,Typeform NPS,cbdyqupq8g1w5cbdyqsb8k3nrzbjf4eh,cadastro 2026-T3 (respondente) (0 dias),cadastro 2026-T3
2026-Q3,Set/2026 (T3),2026-09-19 20:28,Guilherme Maximiliano Lima,guilherme maximiliano lima,PHARUS,João Aliceda,5.0,Detrator,7.0,,,,,,Estagnado ou travado,"Entendi o método, mas ainda não implementei o suficiente","Ainda estou conhecendo o programa e confesso que ainda estou desconfiado se é um bom negócio. As primeiras opções apresentadas de Leilão e compra de imóveis na planta não eram atrativas e não garantiriam o payback proposto (no segundo caso gerando até prejuízo). Não está claro sobre os ganhos da quarta via em cada oportunidade apresentada. Falta transparência. Exemplo é o Arcádia com $8k depositado no Brasil e não fazendo parte do LLC (que abrange os outros 32k das quotas). Para mim isso é puro lucro da quarta via, mas não existe essa transparência de que é assim que funciona. Outro ponto: os contratos trazem todo o risco  das operações para o cliente, que não tem liberdade para solicitar nenhuma modificação.","1. Maior transparência quanto aos ganhos da Quarta Via em cada negocio proposto. 2. Flexibilidade em ajustes contratuais. 3. Compartilhamento de riscos das operações, já que na maioria das vezes, a Quarta avia tem plenos poderes.",,"“Eu tinha expectativa de que eu teria aprendizado de como implantar por mim mesmo, mas a assessoria se limita a prover apenas produtos de parceiros ou da própria empresa. Confesso que esse ponto me frustrou. Por isso ressalto que, com este modelo, ainda precisa melhorar enormemente a transparência das operações propostas. Minha impressão é que estão me oferecendo opções que favoreçam a quarta via e não a mim, já que no mercado encontro oportunidades muito mais atraentes.",Não,,,typeform 2025-26,historico_typeform.csv,Typeform NPS,j2ukwva77zkd7cpwj2ukwvgbque1c03f,cadastro 2026-T3 (respondente) (0 dias),cadastro 2026-T3
2026-Q3,Set/2026 (T3),2026-09-20 15:55,Ana Paula Pereira Pinto,ana paula pereira pinto,PHARUS,João Aliceda,0.0,Detrator,5.0,,,,,,Estagnado ou travado,Estou travado em alguma parte e preciso de ajuda,"Os dados financeiros estão errados desde que foi preenchido em julho/2026 e até hoje não ajustaram, apesar de já termos pedido pra corrigir diversas vezes.",Ter uma assessoria que nos oriente a fazer investimentos que estejam alinhados aos nossos projetos futuros.,,Ter resultados acima da média do mercado.,"Ele começou bem, mas apesar dos nossos pedidos não resolveu o problema da plataforma e até agora não nos ofereceu nada que estivesse alinhado ao nosso momento para investimento.",,,typeform 2025-26,historico_typeform.csv,Typeform NPS,r1lmttrkjwvxuvr1lmt3hesnaekaokg5,cadastro 2026-T3 (respondente) (0 dias),cadastro 2026-T3
2026-Q3,Set/2026 (T3),2026-09-20 16:33,Fabio Murillo de Oliveira,fabio murillo de oliveira,PHARUS,Felipe Aleixo,10.0,Promotor,10.0,,,,,,Totalmente no caminho,Tenho clareza e estou executando com consistência,Expectativa de aumento de patrimônio,,"Aparentemente, a engenharia faz sentido",Resultado esperado para a estratégia adotada,"Por ora, não",,,typeform 2025-26,historico_typeform.csv,Typeform NPS,1n48bp8clnkipiauu1n48bp1ek7uwo0c,cadastro 2026-T3 (respondente) (0 dias),cadastro 2026-T3
2026-Q3,Set/2026 (T3),2026-09-20 18:12,Aguinaldo Vieira de Abreu,aguinaldo vieira de abreu,PHARUS,Rodrigo Amorim,10.0,Promotor,10.0,,,,,,Totalmente no caminho,"Entendi o método, mas ainda não implementei o suficiente",apresentação de uma visão diferenciada para alavancagem de patrimonío,,clareza na construção de estratégia patrimonil,atingir os meus objetivos,não,,,typeform 2025-26,historico_typeform.csv,Typeform NPS,223id1h6rmsx3ny1l5223idgg8oobur1,cadastro 2026-T3 (respondente) (0 dias),cadastro 2026-T3
2026-Q3,Set/2026 (T3),2026-09-20 22:17,Daniel Melchiades da Silva,daniel melchiades da silva,PHARUS,Cleuber Anicesio,4.0,Detrator,7.0,,,,,,Desacreditei do método,Perdi o vínculo com o projeto e preciso retomar,Não sentir confiança,Maior clareza e especificação das,,Maior clareza e segurança nas informacoes,Não,,,typeform 2025-26,historico_typeform.csv,Typeform NPS,e9zeb5xkqd8q4mwrca8gve9zeb5x56jr,cadastro 2026-T3 (respondente) (0 dias),base mecanismos
2026-Q3,Set/2026 (T3),2026-09-20 23:45,Robson Silva,robson silva,PHARUS,Nelson Marques,7.0,Neutro,9.0,,,,,,"Em progresso, mas com dúvidas","Entendi o método, mas ainda não implementei o suficiente","Achei q era uma coisa, entrei para investir fora e agora vi q é um plano de acompanhamento e isso eu não estava interessado de fazer",Ser transparente desde o início,,Ter clareza nos resultados não adianta eu pagar para ter um acompanhamento e não ter ganhos q façam isso valer a pena,"A venda inicial era fazer investimentos nos EUA só q vi q não é isso q o programa faz depois de já ter entrado, sinceramente arrependido não era isso q eu queria",,,typeform 2025-26,historico_typeform.csv,Typeform NPS,f82jsgf4cwe2ue2styf82jsghx7e4li9,cadastro 2026-T3 (respondente) (0 dias),base mecanismos
2026-Q3,Set/2026 (T3),2026-09-21 09:46,Jonathas Alberto Ribeiro Abdou,jonathas alberto ribeiro abdou,PHARUS,João Aliceda,5.0,Detrator,5.0,,,,,,"Em progresso, mas com dúvidas","Entendi o método, mas ainda não implementei o suficiente","Eu achava que as interessões com o engenheiro patrimonial serial mais ricas e detalhadas. Parecia que ele seguia um roteiro e a entrega na explicação e know how do engenheiro não ficava tão explicita pra mim. Ultima sessão parecia que eles estava com pressa (foi só 30min de conversa). Pela valor cobrado, esperava uma personalização melhor",Personalizar melhor as entregas nas primeiras conversas. Achava que as janelas de investimentos fossem mais frequentes.,,"Resultado comprovado. O Gráfico que vi hoje (reunião de fluxo de caixa) de ganho de capital, dava um retorno de 1,08% do CDI. Pra ter esse ganho deixo no Tesouro Selic com 100% do CDI e paro de pagar as parcelas do Pharus que ganharia mais.",Insights interessantes. Acho que daria para ser uma boa experiencia. Mas hoje não tenho mais certeza de que fiz um bom negócio investir 20K no programa.,,,typeform 2025-26,historico_typeform.csv,Typeform NPS,79j36cz2gfdx3yxv3279j32newizjh7y,cadastro 2026-T3 (respondente) (0 dias),base mecanismos
2026-Q3,Set/2026 (T3),2026-09-21 10:39,Carlos Eduardo Lourenço de Andrade,carlos eduardo lourenco de andrade,PHARUS,Pedro Goulart,10.0,Promotor,10.0,,,,,,"Em progresso, mas com dúvidas","Entendi o método, mas ainda não implementei o suficiente",Atendimento personalizado e profissional.,,O profissionalismo da equipe!,Continuar com o planejamento,Não,,,typeform 2025-26,historico_typeform.csv,Typeform NPS,e254r6qd8ejzt2vs7cde254r61kbfeyq,cadastro 2026-T3 (respondente) (0 dias),base mecanismos
2026-Q3,Set/2026 (T3),2026-09-21 10:50,Tenisa Emanuelly Santos,tenisa emanuelly santos,PHARUS,Andrieli Campesato,10.0,Promotor,10.0,,,,,,Totalmente no caminho,Tenho clareza e estou executando com consistência,Tenho tido boa assistência e bons resultados,,Resultados,Bons resultados,Muito bom,,,typeform 2025-26,historico_typeform.csv,Typeform NPS,q8uvaf2kcbkkkz1q8ub6ktbktrrs1evd,cadastro 2026-T3 (respondente) (0 dias),base mecanismos
2026-Q3,Set/2026 (T3),2026-09-21 10:51,Danillo Vaz,danillo vaz,PHARUS,Felipe Aleixo,10.0,Promotor,10.0,,,,,,Totalmente no caminho,Tenho clareza e estou executando com consistência,"Pricipalmente pelo meu consultor patrimonial. Felipe, transmite confiança e sempre disposto a auxiliar.",,"Não fico engessado o crescimento a alavancagem com um unico método, sempre traz varias frentes para que isso seja consolidado.","Ter o dinheiro para pagar mensalmente pelo serviço e que os desembolsos não sejam apenas para cumprir uma formalidade, mas que mês a mês possamos ver mudanças e crescimento.",Não.,,,typeform 2025-26,historico_typeform.csv,Typeform NPS,tpky68yuwyu76bbpnrd1sanqgytpky68,cadastro 2026-T3 (respondente) (0 dias),base mecanismos
2026-Q3,Set/2026 (T3),2026-09-21 10:59,Rodrigo Afonso Goelzer,rodrigo afonso goelzer,PHARUS,João Aliceda,10.0,Promotor,10.0,,,,,,"Em progresso, mas com dúvidas",Tenho clareza e estou executando com consistência,"São responsáveis, transparentes e confiáveis",,A sinceridade e confiança,N/a,João é fantástico. Me entende.,,,typeform 2025-26,historico_typeform.csv,Typeform NPS,v8b9b317o1mo1g5jrenfv8b9im9a8ylp,cadastro 2026-T3 (respondente) (0 dias),base mecanismos
2026-Q3,Set/2026 (T3),2026-09-21 10:59,Vinicius Augusto Vieira Sousa,vinicius augusto vieira sousa,PHARUS,Abner Braga,9.0,Promotor,10.0,,,,,,"Em progresso, mas com dúvidas","Entendi o método, mas ainda não implementei o suficiente",Pessoas precisam entender como funciona a quarta via para poder confiar no processo,,A idealização de rendimentos futuros,Retornos financeiros concretos,.,,,typeform 2025-26,historico_typeform.csv,Typeform NPS,865z79lqak0ruylp865znq073e7k5pi7,cadastro 2026-T3 (respondente) (0 dias),base mecanismos
2026-Q3,Set/2026 (T3),2026-09-21 11:13,Vanessa Aparecida Eiras Ferrari,vanessa aparecida eiras ferrari,PHARUS,João Aliceda,9.0,Promotor,10.0,,,,,,Totalmente no caminho,"Entendi o método, mas ainda não implementei o suficiente","Acessoramento completo, baseado em cada momento financeiro, suporte constante",,"Ter informações sempre verificadas, explicações claras",Conseguir crescer mais o patrimônio para gerar uma renda que nao dependa exclusivamente do meu trabalho,Possibilitou ver outros horizontes para a crescimento financeiro para nao ficar,,,typeform 2025-26,historico_typeform.csv,Typeform NPS,t9p3ku3hpbme6dcmt9p339wsay8bywoq,cadastro 2026-T3 (respondente) (0 dias),base mecanismos
2026-Q3,Set/2026 (T3),2026-09-21 11:40,Gabriel Terra,gabriel terra,PHARUS,Abner Braga,10.0,Promotor,10.0,,,,,,"Em progresso, mas com dúvidas","Entendi o método, mas ainda não implementei o suficiente",atendimento,,boas orientações,boas perspectivas,não,,,typeform 2025-26,historico_typeform.csv,Typeform NPS,bghksh7bbyb49d32usx9bghkrdgamzgb,cadastro 2026-T3 (respondente) (0 dias),base mecanismos
2026-Q3,Set/2026 (T3),2026-09-21 12:07,Emanuel Paixão de Oliveira,emanuel paixao de oliveira,PHARUS,Rodrigo Amorim,9.0,Promotor,10.0,,,,,,Totalmente no caminho,Tenho clareza e estou executando com consistência,"Atenção dispensada, e soluções pensadas sob medida para a realidade do cliente.",,"A atenção, rapidez nos atendimentos e dúvidas e as soluções factíveis pensadas para a realidade do cliente.",A manutenção da mesma qualidade do serviço.,Não.,,,typeform 2025-26,historico_typeform.csv,Typeform NPS,iww4pwoxohlgip2oi3s5mf06ppmqe01r,cadastro 2026-T3 (respondente) (0 dias),base mecanismos
2026-Q3,Set/2026 (T3),2026-09-21 12:52,Edma Aparecida Rodrigues,edma aparecida rodrigues,PHARUS,Abner Braga,9.0,Promotor,10.0,,,,,,Totalmente no caminho,Tenho clareza e estou executando com consistência,Boas oportunidades de negócio.,,Mercado diferenciado,Resultado prometido,Soluções de investimentos diferentes do tradicional,,,typeform 2025-26,historico_typeform.csv,Typeform NPS,iu2rchlbsd5zklytvxvkipiu2rchdwkc,cadastro 2026-T3 (respondente) (0 dias),base mecanismos
2026-Q3,Set/2026 (T3),2026-09-21 13:32,Luiz Eduardo Fonteles Ritt,luiz eduardo fonteles ritt,PHARUS,Nícolas Alves,9.0,Promotor,10.0,,,,,,"Em progresso, mas com dúvidas","Entendi o método, mas ainda não implementei o suficiente",Oportunidades boaz e consultoria presente e com conhecimento,,Disponibilidade e profissionalismo,Resultados,Tem sido uma excelente experiência,,,typeform 2025-26,historico_typeform.csv,Typeform NPS,ttwr79ajfwcrk3khttwrjtieg2ft0uof,cadastro 2026-T3 (respondente) (0 dias),base mecanismos
2026-Q3,Set/2026 (T3),2026-09-21 13:46,Juliana Siqueira de Souza,juliana siqueira de souza,PHARUS,João Aliceda,9.0,Promotor,9.0,,,,,,"Em progresso, mas com dúvidas",Tenho clareza e estou executando com consistência,A equipe é estruturada com variedade em mecanismos!,,"Diversificação apresentada e ganho no mercado ""real"", so nao dei 10 pq as indicações no mercado financeiro estão à parte.",Nao estou certa ainda se ja nao atingi um limite pessoal nos valores necessarios para manter as estrategias ofertadas. De forma que o valor pago anualmente compense o retorno.,"A inclusão de acessoria em investimentos no mercado financeiro, ainda que não seja o foco, seria um atrativo, visto isto ser uma realidade entre as estrategias da quarta via",,,typeform 2025-26,historico_typeform.csv,Typeform NPS,hhbnq92622ekk2bshhbnq9870gg66nf6,cadastro 2026-T3 (respondente) (0 dias),base mecanismos
2026-Q3,Set/2026 (T3),2026-09-21 13:56,Flávia Quintaes Louvain,flavia quintaes louvain,PHARUS,Abner Braga,10.0,Promotor,10.0,,,,,,Totalmente no caminho,"Entendi o método, mas ainda não implementei o suficiente",Disponibilidade,,Disponibilidade e clareza,Ainda não tenho como avaliar,Nao,,,typeform 2025-26,historico_typeform.csv,Typeform NPS,okhgk4cs88rzkluokhgl4c6pggngqoak,cadastro 2026-T3 (respondente) (0 dias),base mecanismos
2026-Q3,Set/2026 (T3),2026-09-21 13:59,Tatiana Maia Pereira do Nascimento,tatiana maia pereira do nascimento,PHARUS,Andrieli Campesato,9.0,Promotor,10.0,,,,,,"Em progresso, mas com dúvidas",Tenho clareza e estou executando com consistência,Atenção e disponibilidade,,O atendimento personalizado e focado nos meus objetivos,Ter um bom retorno dos meus investimentos,Não,,,typeform 2025-26,historico_typeform.csv,Typeform NPS,i1pgxepcp930wi1pgsqjy8zwbe506jvo,cadastro 2026-T3 (respondente) (0 dias),base mecanismos
2026-Q3,Set/2026 (T3),2026-09-21 14:01,Ricardo Rodrigues Fernandes,ricardo rodrigues fernandes,PHARUS,Thiago Henrique Trova,10.0,Promotor,10.0,,,,,,Totalmente no caminho,"Entendi o método, mas ainda não implementei o suficiente",Trabalho sério e estruturado,,Possibilidade de investir em ativos reais e ter apoio de um estrategista financeiro.,Continuar vendo resultados sólidos.,No momento não.,,,typeform 2025-26,historico_typeform.csv,Typeform NPS,86s01ql00ygtdjnm990wv86s0xmqunas,cadastro 2026-T3 (respondente) (0 dias),base mecanismos
2026-Q3,Set/2026 (T3),2026-09-21 14:02,Paulo Rogério Saens Alvarenga,paulo rogerio saens alvarenga,PHARUS,Thiago Henrique Trova,8.0,Neutro,10.0,,,,,,Totalmente no caminho,"Entendi o método, mas ainda não implementei o suficiente",Acho que as opções concretas de operações demoram a chegar,Trazer mais opções de investimento para acelerarmos concretamente,,Aceleração das ações e consequentes resultados,"Não, tudo bem",,,typeform 2025-26,historico_typeform.csv,Typeform NPS,gaebwnuhw4ohfvor4gaebwnu0s40oh84,cadastro 2026-T3 (respondente) (0 dias),base mecanismos
2026-Q3,Set/2026 (T3),2026-09-21 14:02,José Ricardo Marinheiro Rodrigues,jose ricardo marinheiro rodrigues,PHARUS,Abner Braga,8.0,Neutro,10.0,,,,,,"Em progresso, mas com dúvidas",Tenho clareza e estou executando com consistência,"Estrutura muito boa, estratégias de ganho de p capital abaixo de outros mercados sem consultoria","Outras estruturas de ganho de capital, aportes com períodos menores como investimentos no agro, retornos maiores",,"Estou a pouco tempo, terei essa reposta depois","Muito bom, explodiu minha cabeça, equipe bem preparada",,,typeform 2025-26,historico_typeform.csv,Typeform NPS,p6g6wim6e17rb1o6v5nimp6g6wiclptx,cadastro 2026-T3 (respondente) (0 dias),base mecanismos
2026-Q3,Set/2026 (T3),2026-09-21 14:13,André Augusto Lemos Vidal de Negreiros,andre augusto lemos vidal de negreiros,PHARUS,Samuel Araújo,10.0,Promotor,10.0,,,,,,Totalmente no caminho,Tenho clareza e estou executando com consistência,confiança,,planejamento,ter resultados,.,,,typeform 2025-26,historico_typeform.csv,Typeform NPS,e1zy0n77e9g5s6068yghe1zy0n7750vm,cadastro 2026-T3 (respondente) (0 dias),base mecanismos
2026-Q3,Set/2026 (T3),2026-09-21 14:33,Daniela Guimarães Caporali,daniela guimaraes caporali,PHARUS,João Aliceda,10.0,Promotor,10.0,,,,,,Totalmente no caminho,"Entendi o método, mas ainda não implementei o suficiente",O João engenheiro Patrimonial está fazendo toda a diferença na minha experiência com a,,"O acompanhamento próximo do João, o empenho dele no meu crescimento Patrimonial e a paciência em me ensinar tudo",Ver meu patrimônio crescer consistentemente,Não,,,typeform 2025-26,historico_typeform.csv,Typeform NPS,tcfned5ip6uqcc7dtcfned91caajbnmk,cadastro 2026-T3 (respondente) (0 dias),base mecanismos
2026-Q3,Set/2026 (T3),2026-09-21 15:13,Márcio Naysinger Ebling,marcio naysinger ebling,PHARUS,Felipe Aleixo,9.0,Promotor,9.0,,,,,,"Em progresso, mas com dúvidas",Tenho clareza e estou executando com consistência,Seriedade,,Clareza nas abordagens,Começar a ter ganhos reais. Por enquanto não comecei a ter ganhos ainda. Só investi,Nao,,,typeform 2025-26,historico_typeform.csv,Typeform NPS,hv3xkd02z3pr9plqins8hv3xkdydbu38,cadastro 2026-T3 (respondente) (0 dias),base mecanismos
2026-Q3,Set/2026 (T3),2026-09-21 15:13,Fabio Mendes Zeferino,fabio mendes zeferino,PHARUS,Pedro Goulart,10.0,Promotor,10.0,,,,,,Totalmente no caminho,Tenho clareza e estou executando com consistência,Relacionamento com a equipe e transparência nas informações e dúvidas,,Ótimo relacionamento e esclarecimento,A continuidade do atendimento e valer mais acessível,A experiência até aqui está sendo realmente muito proveitosa,,,typeform 2025-26,historico_typeform.csv,Typeform NPS,oy9h4pmzhgle9lhallw2oy9h4qvanyd3,cadastro 2026-T3 (respondente) (0 dias),base mecanismos
2026-Q3,Set/2026 (T3),2026-09-21 15:43,Alan Basílio Martins,alan basilio martins,PHARUS,Gabriel Oliveira,10.0,Promotor,10.0,,,,,,Totalmente no caminho,Tenho clareza e estou executando com consistência,Diversidade,,Estratégias com retorno acima do CDI,Ter mais dinheiro para fazer mais.,Não,,,typeform 2025-26,historico_typeform.csv,Typeform NPS,xt0dmnpjx3ng3zqbzhu14xxt0dmnyhj3,cadastro 2026-T3 (respondente) (0 dias),base mecanismos
2026-Q3,Set/2026 (T3),2026-09-21 16:00,Ramon Andrés Cota Pérez,ramon andres cota perez,PHARUS,Felipe Aleixo,10.0,Promotor,10.0,,,,,,Totalmente no caminho,Tenho clareza e estou executando com consistência,O atendimento e as oportunidades,,O atendimento personalizado e as oportunidades.,"Ver os resultados, uma vez que, como estou no começo ainda não colhi os frutos do investimento.",Não tenho nada a completar uma vez que as oportunidades estão surgindo e agora é começar a executar e depois colher os frutos.,,,typeform 2025-26,historico_typeform.csv,Typeform NPS,4ch95et7sxgfwi4chifsjgs8jkzekrif,cadastro 2026-T3 (respondente) (0 dias),base mecanismos
2026-Q3,Set/2026 (T3),2026-09-21 16:09,Victor Torres Pacheco,victor torres pacheco,PHARUS,Felipe Aleixo,8.0,Neutro,10.0,,,,,,Totalmente no caminho,"Entendi o método, mas ainda não implementei o suficiente","Estou no começo ainda, talvez quando as coisas estiverem funcionando melhor vire um 10","O Felipe, meu assessor, é muito atencioso.  Mas eu tinha uma expectativa de resultados um pouco mais rápidos.  Parece que vai demorar para colhermos",,Resultados,Não,,,typeform 2025-26,historico_typeform.csv,Typeform NPS,q2ojr2ml7oqgan1u09lfq2ojr21of3l6,cadastro 2026-T3 (respondente) (0 dias),base mecanismos
2026-Q3,Set/2026 (T3),2026-09-21 16:13,Matheus Gonçalves Lima Ferreira,matheus goncalves lima ferreira,PHARUS,Felipe Aleixo,10.0,Promotor,10.0,,,,,,Estagnado ou travado,"Entendi o método, mas ainda não implementei o suficiente",Estratégias sólidas e suporte muito bom,,Atendimento personalizado,"Meu momento não está propício para investir por conta de instabilidade no trabalho, mas a resposta mais direta seria resultado. Tendo resultado é difícil eu querer mexer em algo que funciona","Não, atendimento muito bom",,,typeform 2025-26,historico_typeform.csv,Typeform NPS,1ehk3t4fikebomxl1ehuk3e302mxr1sp,cadastro 2026-T3 (respondente) (0 dias),cadastro 2026-T3
2026-Q3,Set/2026 (T3),2026-09-21 16:40,Thiago Techio de Castro,thiago techio de castro,PHARUS,Felipe Aleixo,5.0,Detrator,10.0,,,,,,"Em progresso, mas com dúvidas",Tenho clareza e estou executando com consistência,"A ideia é boa, o atendimento é muito bom, o nível de conhecimento é muito, acima do esperado, mas a implementação não é tão simples, muito da estratégia está pautada na confiança que quem está com a procuração irá fazer um trabalho bom. Tem contratos e tudo mais, mas no final das contas de der merda os contrária possuem cláusulas que eximem os administradores/gestores. Para quem não tem noção de mercado financeiro e de financas pessoais agrega muito o bate papo com os acessores, mas para quem já tem um nível melhor o que agrega são os investimentos conjuntos.","A experiência está sendo boa, a recomendação é que ainda não me sinto seguro em fazer tendo em vista que não implementei nenhuma estrutura que tenha me dado retorno por enquanto.",,Resultados objetivos,No momento não.,,,typeform 2025-26,historico_typeform.csv,Typeform NPS,8ongd9nc527xhha8ongdx4gmdw1kbztg,cadastro 2026-T3 (respondente) (0 dias),base mecanismos
2026-Q3,Set/2026 (T3),2026-09-21 17:19,Sérgio Pimentel Fernandes,sergio pimentel fernandes,PHARUS,Thiago Henrique Trova,7.0,Neutro,9.0,,,,,,Totalmente no caminho,Tenho clareza e estou executando com consistência,Pouco tempo para avaliar o real ganho das propostas apresentadas!,"Basicamente cumprir os resultados previstos no que é me ofertado, me falta tempo de projeto para essa avaliação!",,"Implementações cumprirem rendimentos propostos , claro que a depender do que estiver acontecendo com a economia, aceito momentos piores do que o “proposto”, mas no geral cumprir o combinado!",Acho que seria interessante algum tipo de aconselhamento tributário,,,typeform 2025-26,historico_typeform.csv,Typeform NPS,0mxl131juocdx060mxlvxm5jlsq9ypjz,cadastro 2026-T3 (respondente) (0 dias),base mecanismos
2026-Q3,Set/2026 (T3),2026-09-21 17:21,Anieli Luize Pohl,anieli luize pohl,PHARUS,Felipe Aleixo,10.0,Promotor,10.0,,,,,,Totalmente no caminho,Tenho clareza e estou executando com consistência,Comprometimento,,Comprometimento e profissionalismo,Resultados,Não,,,typeform 2025-26,historico_typeform.csv,Typeform NPS,1ct0nqmd7olingo1c5y12gz42m0o147r,cadastro 2026-T3 (respondente) (0 dias),base mecanismos
2026-Q3,Set/2026 (T3),2026-09-21 17:42,Gabriel de Oliveira Rodrigues,gabriel de oliveira rodrigues,PHARUS,Carlos Serafim,7.0,Neutro,8.0,,,,,,Estagnado ou travado,Estou travado em alguma parte e preciso de ajuda,"As estratégias são para altissima renda, não se aplicam a todos. E meu plano demorou bastante para ser montado, somente com o 3o gestor que o plano foi para a frente","Agilidade para trocar profissionais quando não estão atendendo; plano claro e adequado a renda de cada um. EX: eu tenho um patrimonio de ~500K, me apresentaram uma estrategia de 400 e pouco, o que comprometeria todo meu patrimonio e eu não teria nenhuma outra oportunidade em 3-4 anos.",,"Um plano claro sobre onde posso chegar em 1 ano, 3 e 5. Perspectiva das estratégias. Estratégias com tickets adequado a minha realidade.","Agora estou vendo progresso, mas os primeiros meses foram bem ruins.",,,typeform 2025-26,historico_typeform.csv,Typeform NPS,scyaewaid9ubaamkxkierscyae4oykf0,cadastro 2026-T3 (respondente) (0 dias),base mecanismos
2026-Q3,Set/2026 (T3),2026-09-21 17:50,Alex Magno Diamante,alex magno diamante,PHARUS,Felipe Aleixo,10.0,Promotor,10.0,,,,,,Totalmente no caminho,"Entendi o método, mas ainda não implementei o suficiente",Oportunidades apresentadas,,Atendimento,Resultados,Não,,,typeform 2025-26,historico_typeform.csv,Typeform NPS,26ygqfcgt4ggxa77p26ygqfsf50jgqbj,cadastro 2026-T3 (respondente) (0 dias),base mecanismos
2026-Q3,Set/2026 (T3),2026-09-21 17:52,Pedro Emílio de Souza Braga,pedro emilio de souza braga,PHARUS,Samuel Araújo,3.0,Detrator,4.0,,,,,,"Em progresso, mas com dúvidas",Perdi o vínculo com o projeto e preciso retomar,"Modelo de mentoria confusa, o conteúdo técnico de engenharia patrimonial não foi bem sistematizado para criar uma nova cultura no aluno. Além disso, quando tratamos do acompanhamento do mentor, promessas não cumpridas, erros com relação ao meu planejamento em concreto. Infelizmente abandonei o processo por ter me decepcionado com o nível do acompanhamento. Hoje já faço minha gestão sozinho e em paralelo. Infelizmente a entrega de valor deixou de ser percebida após o fim do webnar de lançamento.",Melhorar em muito o modelo de mentoria e trazer mais conteúdo sistematizado para realmente educar o aluno para um novo patamar de habilidade financeira. Inclusive penso que o ganho no modelo de intermediação de vocês seria exponencial. O Adrian é realmente muito bom. Mas a empresa até aqui não conseguiu operacionalizar a entrega do valor que promete.,,No mínimo ter uma nova possibilidade de experiência pra tornar possível mudar de opinião. Evidentemente sem custos adicionais,Não. Disse tudo que gostaria,,,typeform 2025-26,historico_typeform.csv,Typeform NPS,oy10d4gmjgrhyh3aouoy10icnzukgij6,cadastro 2026-T3 (respondente) (0 dias),base mecanismos
2026-Q3,Set/2026 (T3),2026-09-21 18:01,Marcelo Agustini,marcelo agustini,PHARUS,Felipe Aleixo,10.0,Promotor,10.0,,,,,,Totalmente no caminho,"Entendi o método, mas ainda não implementei o suficiente",O programa é bem estruturado,,"Atendimento muito bom, demonstram conhecimento sobre o que estão fazendo",Um bom equilíbrio entre investimento e retorno,Nao,,,typeform 2025-26,historico_typeform.csv,Typeform NPS,9f31p4k0kupj90v4lhh79f31pawcm9n9,cadastro 2026-T3 (respondente) (0 dias),base mecanismos
2026-Q3,Set/2026 (T3),2026-09-21 18:02,Juliana Matos da Silva,juliana matos da silva,PHARUS,Samuel Araújo,10.0,Promotor,10.0,,,,,,Totalmente no caminho,Tenho clareza e estou executando com consistência,Reunião excelente,,Comunicação clara,Retorno dos leiloes,Nao,,,typeform 2025-26,historico_typeform.csv,Typeform NPS,ajocma2w5tgc1nwbzeajocmwi6tufa16,cadastro 2026-T3 (respondente) (0 dias),base mecanismos
2026-Q3,Set/2026 (T3),2026-09-21 18:07,Isadhora Souza Ribeiro Santos,isadhora souza ribeiro santos,PHARUS,Samuel Araújo,9.0,Promotor,10.0,,,,,,Totalmente no caminho,"Entendi o método, mas ainda não implementei o suficiente",Alguns programas estão demorando para dar retorno segundo a data que era prevista,,As oportunidades diversas,A permanência do leque de oportunidades e o retorno financeiro com as aplicações,No momento não,,,typeform 2025-26,historico_typeform.csv,Typeform NPS,l3soop5ipnbowr6trdy0l3soopfc68rq,cadastro 2026-T3 (respondente) (0 dias),base mecanismos
2026-Q3,Set/2026 (T3),2026-09-21 18:14,Juliano Mosquera Simões,juliano mosquera simoes,PHARUS,Abner Braga,10.0,Promotor,10.0,,,,,,"Em progresso, mas com dúvidas","Entendi o método, mas ainda não implementei o suficiente",Clareza e disponibilidade de tirar qualquer dúvida,,"Apesar de ainda não estar tendo resultado, uma base está sendo formada e tenho acreditado no processo",Um resultado mais rápido,Horizontes foram  abertos e esperanças foram plantadas,,,typeform 2025-26,historico_typeform.csv,Typeform NPS,jlnb71wh8qm225wokaujlnb71uk8785x,cadastro 2026-T3 (respondente) (0 dias),base mecanismos
2026-Q3,Set/2026 (T3),2026-09-21 18:25,Jefferson Allan Borges,jefferson allan borges,PHARUS,Felipe Aleixo,10.0,Promotor,10.0,,,,,,"Em progresso, mas com dúvidas","Entendi o método, mas ainda não implementei o suficiente","Autoridade no assunto e ecossistema dos ""afiliados""",,Confiança,"Conhecer demais oportunidades de ativos, principalmente negocios que pudessem alavancar no curto periodo, ex. Leilão imoveis (compra/venda)",Por hora não,,,typeform 2025-26,historico_typeform.csv,Typeform NPS,pni1mozh94vin7pni162djbhxf23qwa1,cadastro 2026-T3 (respondente) (0 dias),base mecanismos
2026-Q3,Set/2026 (T3),2026-09-21 18:25,Ruy Tamoyo Vendas Rodrigues Júnior,ruy tamoyo vendas rodrigues junior,PHARUS,Samuel Araújo,10.0,Promotor,10.0,,,,,,"Em progresso, mas com dúvidas",Estou travado em alguma parte e preciso de ajuda,"Nada a reclamar, até o momento",,A boa expectativa,Resultados,Não,,,typeform 2025-26,historico_typeform.csv,Typeform NPS,ltsmg0hlcak8vayvtdzlltsmg07gzd22,cadastro 2026-T3 (respondente) (0 dias),base mecanismos
2026-Q3,Set/2026 (T3),2026-09-21 18:29,Adriano Freitas de Assis,adriano freitas de assis,PHARUS,João Aliceda,9.0,Promotor,9.0,,,,,,"Em progresso, mas com dúvidas","Entendi o método, mas ainda não implementei o suficiente",Organização e oportunidades para alavancar o patrimônio.,,Organização e oportunidades para alavancar o patrimônio.,Resultados consistentes.,.,,,typeform 2025-26,historico_typeform.csv,Typeform NPS,byghtd0b3j01g2sctbyg3lpoqajmfrfi,cadastro 2026-T3 (respondente) (0 dias),base mecanismos
2026-Q3,Set/2026 (T3),2026-09-21 18:33,Michele Terra Abe,michele terra abe,PHARUS,Felipe Aleixo,10.0,Promotor,10.0,,,,,,"Em progresso, mas com dúvidas","Entendi o método, mas ainda não implementei o suficiente",Seriedade,,Comprometimento,Acompanhamento e preço,Nao,,,typeform 2025-26,historico_typeform.csv,Typeform NPS,b9m7ll4iap4n39meygl4b9m7ll4p3f6t,cadastro 2026-T3 (respondente) (0 dias),base mecanismos
2026-Q3,Set/2026 (T3),2026-09-21 18:43,Johnny de Geus Junior,johnny de geus junior,PHARUS,Tales Salinas Rozo,8.0,Neutro,10.0,,,,,,"Em progresso, mas com dúvidas","Entendi o método, mas ainda não implementei o suficiente",Não é fácil fazer indicação pra alguém da área financeira dela! Assunto delicado,Na prática as coisas não são tão fáceis como o que realmente podemos alcançar verdadeiramente,,"Acho q somos muito pequenos ainda para alcançar um objetivo tão grande, e a falta de conhecimento dificulta…as vezes penso q esse custo da acessória poderíamos guardar!! Mas aí vc se vê sozinho … gostamos muito de quem nos atende agora ( Tales) pessoa bem confiável!! Acredito q vamos continuar","Informação mais sucintas, como pequenos informes para quem não tem tempo mesmo com as cargas da vida de ficar num podcasts por muito tempo!!",,,typeform 2025-26,historico_typeform.csv,Typeform NPS,rhqvv3rtebg54zysrhqvvcbolktjxu2l,cadastro 2026-T3 (respondente) (0 dias),base mecanismos
2026-Q3,Set/2026 (T3),2026-09-21 18:47,Daniel Salgado Karpinski,daniel salgado karpinski,PHARUS,Felipe Aleixo,10.0,Promotor,10.0,,,,,,"Em progresso, mas com dúvidas",Tenho clareza e estou executando com consistência,"Até o momento estou satisfeito com as oportunidades, porém ainda não obtive completamente os resultados. Ainda estamos no inicio dos projetos.",,Proximidade e comunicação,Saber o resultado dos primeiros investimentos,Nao,,,typeform 2025-26,historico_typeform.csv,Typeform NPS,v91ms2ii7s9032nflzyv91ms274t5qpa,cadastro 2026-T3 (respondente) (0 dias),base mecanismos
2026-Q3,Set/2026 (T3),2026-09-21 18:51,Lenis Laura Alvarez Colpaert,lenis laura alvarez colpaert,PHARUS,Cleuber Anicesio,10.0,Promotor,10.0,,,,,,"Em progresso, mas com dúvidas","Entendi o método, mas ainda não implementei o suficiente",Atenção dispensada,,O atendimento sempre que precisamos,Se houvesse a garantia dos resultados prometidos.,Nao,,,typeform 2025-26,historico_typeform.csv,Typeform NPS,st4nvlz3mcokapst4gxvfit2c1zr3z0v,cadastro 2026-T3 (respondente) (0 dias),base mecanismos
2026-Q3,Set/2026 (T3),2026-09-21 18:52,Diego Mota Fernandes,diego mota fernandes,PHARUS,João Aliceda,10.0,Promotor,10.0,,,,,,"Em progresso, mas com dúvidas","Entendi o método, mas ainda não implementei o suficiente",Fácil acesso,,Ajuda em ideias de empreendimentos diversos,Mostrar resultados para me convencer,Não,,,typeform 2025-26,historico_typeform.csv,Typeform NPS,x74gap4ms59u9q5nx74gabp181dwf5et,cadastro 2026-T3 (respondente) (0 dias),base mecanismos
2026-Q3,Set/2026 (T3),2026-09-21 18:56,Dan Vandresen,dan vandresen,PHARUS,João Aliceda,8.0,Neutro,8.0,,,,,,"Em progresso, mas com dúvidas","Entendi o método, mas ainda não implementei o suficiente",Ainda estou com os investimentos acontecendo e não vi o retorno. Mas está tudo bem claro e acontecendo como previa. Tudo fluindo bem. O 10 vem a partir do memento que tiver as primerias experiencias de retorno real.,"Contato mais próximo, consultor mais inteirado dos investimentos acontecendo, e talvez uma estrutura que trabalhe investimentos de médio prazo como o Arcadia que estou em paralelo com investimentos de curto prazo com mais giro pra conseguirmos trabalhar mais com o dinheiro. (Isso de um ponto de vista de quem não entende muito).",,"A partir do momento que eu ver os primeiros retornos acontecendo, seja do Arcadia ou da venda do apartamento comprado em leilão eu pretendo continuar com o método se os resultados forem positivos. Acredito no projeto. Vejo que o que me limita hoje é ter o capital basicamente todo alocado em investimentos de médio prazo e estar esperando pelos resultados.",Tem sido uma experiência positiva. No aguardo dos resultados que estamos construindo.,,,typeform 2025-26,historico_typeform.csv,Typeform NPS,mn3zo1uhi3muma3tmn3zo1smo6d81uav,cadastro 2026-T3 (respondente) (0 dias),base mecanismos
2026-Q3,Set/2026 (T3),2026-09-21 19:31,Gabriela Blatt Pereira,gabriela blatt pereira,PHARUS,Samuel Araújo,10.0,Promotor,10.0,,,,,,"Em progresso, mas com dúvidas","Entendi o método, mas ainda não implementei o suficiente",Me guiar no caminho,,paciencia e dedicação em mostrar o caminho e entender o momento,quero continuar e ter mais segurança,não,,,typeform 2025-26,historico_typeform.csv,Typeform NPS,0odmkt3a0odmr8zetrpgx9huea9b7mr8,cadastro 2026-T3 (respondente) (0 dias),base mecanismos
2026-Q3,Set/2026 (T3),2026-09-21 20:30,Rebeca Meirelles de Araújo Assis,rebeca meirelles de araujo assis,PHARUS,João Aliceda,10.0,Promotor,10.0,,,,,,Totalmente no caminho,Tenho clareza e estou executando com consistência,Investimentos diversos e estrategistas patrimoniais com muita qualidade na explicacao e acompanhamento da carteira,,"Acompanhamento longitudinal, investimento em economia real, diversificação, atencao do estrategista",Retorno dos investimentos conforme planejado,Estou completamente satisfeito. Renovei apos meu primeiro ano e continuo meu plano de aposentadoria investindo com a quartavia,,,typeform 2025-26,historico_typeform.csv,Typeform NPS,fc1oy3q9rojjigoafc1oykitcleapwv2,cadastro 2026-T3 (respondente) (0 dias),base mecanismos
2026-Q3,Set/2026 (T3),2026-09-21 20:33,Thais Goldman Fares,thais goldman fares,PHARUS,Samuel Araújo,10.0,Promotor,10.0,,,,,,Totalmente no caminho,Tenho clareza e estou executando com consistência,Confiança no melhor interesse do serviço.,,Mesmo da anterior,Resultados nos próximos 3 anos que já me inscrevi.,Não,,,typeform 2025-26,historico_typeform.csv,Typeform NPS,xpmw6socf6h1j4vxqdtaxpmw6srk5a4z,cadastro 2026-T3 (respondente) (0 dias),base mecanismos
2026-Q3,Set/2026 (T3),2026-09-21 20:42,Reinaldo de Carvalho Silva,reinaldo de carvalho silva,PHARUS,Felipe Aleixo,10.0,Promotor,10.0,,,,,,"Em progresso, mas com dúvidas","Entendi o método, mas ainda não implementei o suficiente",Emprrsa séria e com credibilidade,,"A proposta e estratégias são bem diferentes do que se vê por aí, embora óbvias, de certa forma",Resultados,"Um material estruturado das estratégias seria interessante, e pra qual propósito ela se destina. Lives são dispersas.",,,typeform 2025-26,historico_typeform.csv,Typeform NPS,lkuiejn2kjpxee7zvvlkuiejva1d3y7y,cadastro 2026-T3 (respondente) (0 dias),base mecanismos
2026-Q3,Set/2026 (T3),2026-09-21 21:00,Luciana Ferreira Campos Vasconcelos,luciana ferreira campos vasconcelos,PHARUS,Andrieli Campesato,7.0,Neutro,10.0,,,,,,"Em progresso, mas com dúvidas",Tenho clareza e estou executando com consistência,Pouco tempo pra avaliar resultados.,Entregar resultados anunciados,,Resultados,"A Andrieli tem um perfil coerente com a proposta da empresa. Ela é objetiva, resolutiva, ágil e tem boa percepção sobre a necessidade do cliente",,,typeform 2025-26,historico_typeform.csv,Typeform NPS,nrj6d6wabstptb4ophg7rynrj6d6wxza,cadastro 2026-T3 (respondente) (0 dias),base mecanismos
2026-Q3,Set/2026 (T3),2026-09-21 21:02,Iris Pricilla Ribeiro de Abreu,iris pricilla ribeiro de abreu,PHARUS,Gabriel Oliveira,10.0,Promotor,10.0,,,,,,Totalmente no caminho,Tenho clareza e estou executando com consistência,Atendimento,,Gabriel sempre se preocupa comigo,Valor,Não,,,typeform 2025-26,historico_typeform.csv,Typeform NPS,25p4ywteh83fsv8jcv25p4yw7hrrcl99,cadastro 2026-T3 (respondente) (0 dias),base mecanismos
2026-Q3,Set/2026 (T3),2026-09-21 22:05,Felipe Ziccardi Rabelo,felipe ziccardi rabelo,PHARUS,Thiago Henrique Trova,8.0,Neutro,8.0,,,,,,"Em progresso, mas com dúvidas",Tenho clareza e estou executando com consistência,"Gosto muito do modelo e da organização, mas no país que vivemos, é difícil sentir total confiança. Por exemplo: o QVRA não tem uma ferramenta para acompanhar o movimento. Essa falta de transparência provoca pensamentos ruins",Criar ferramentas de acompanhamento. Tipo uma carteira virtual,,Não ter medo de estar sendo enganado,"Acredito que se houvesse algum tipo de evento para aproximar pessoas que compartilham as suas experiências na QuartaVia e até mesmo para personificar melhor os autores, isso transmitiria mais confiança e faria as pessoas seguirem com mais segurança e fazendo cada vez mais. A vida não é fácil para quem parte sem um puto no bolso e trabalha multitarefa 10 horas por dia para juntar uma graninha",,,typeform 2025-26,historico_typeform.csv,Typeform NPS,x4p7ry2ugjx8kexax4p7rv3vabpz501q,cadastro 2026-T3 (respondente) (0 dias),base mecanismos
2026-Q3,Set/2026 (T3),2026-09-21 22:05,Julio Cesar Pacileo,julio cesar pacileo,PHARUS,Felipe Aleixo,10.0,Promotor,10.0,,,,,,Totalmente no caminho,Tenho clareza e estou executando com consistência,As oportunidades e suporte do time altamente preparados,,As reuniões de alinhamentos e oportunidades,Resultados obtidos e o trabalho apresentado com clareza e inteligência,Com o quartavia me sinto seguro que vou alcançar meus objetivos,,,typeform 2025-26,historico_typeform.csv,Typeform NPS,ahbjfvenmwqd4b8441xjahbjfvet06i8,cadastro 2026-T3 (respondente) (0 dias),base mecanismos
2026-Q3,Set/2026 (T3),2026-09-21 22:35,Elizangela Nascimento Souza,elizangela nascimento souza,PHARUS,Andrieli Campesato,10.0,Promotor,10.0,,,,,,Totalmente no caminho,Tenho clareza e estou executando com consistência,comprometimento e experiencia passada,,conhecimento q possuem,"se cortar tdod galera que trabalha na entta, utilizando a IA como um despertador humano",naoo,,,typeform 2025-26,historico_typeform.csv,Typeform NPS,lypdzjlr9c48t99cuu7n1ilypdzjl44d,cadastro 2026-T3 (respondente) (0 dias),base mecanismos
2026-Q3,Set/2026 (T3),2026-09-21 23:54,Denisia Yumika Tanaka,denisia yumika tanaka,PHARUS,João Aliceda,9.0,Promotor,9.0,,,,,,Totalmente no caminho,"Entendi o método, mas ainda não implementei o suficiente",Estou em inicio da assessoria,,Opções de investimento,Se eu puder comprovar que consegui gerar dinheiro com esse método,Como ainda estou no início da assessoria ainda nao consegui avaliar e validar o metodo. Por isso a nota 9.,,,typeform 2025-26,historico_typeform.csv,Typeform NPS,kbmoh5kdm0y890f0i4kbmoh5toogu2kh,cadastro 2026-T3 (respondente) (0 dias),base mecanismos
2026-Q3,Set/2026 (T3),2026-09-22 03:42,Adriano Giuseppe Lecce,adriano giuseppe lecce,PHARUS,Rodrigo Amorim,10.0,Promotor,10.0,,,,,,"Em progresso, mas com dúvidas","Entendi o método, mas ainda não implementei o suficiente",Profissional  e transparência,,Opções de investimentob,Quando neutral organizar minhas finanças,Nao,,,typeform 2025-26,historico_typeform.csv,Typeform NPS,1nftuzzp02tikpg1nftuzhogxbxafp4v,cadastro 2026-T3 (respondente) (0 dias),base mecanismos
2026-Q3,Set/2026 (T3),2026-09-22 05:13,Vanessa Cristine Marcondes Espindola,vanessa cristine marcondes espindola,PHARUS,João Aliceda,10.0,Promotor,10.0,,,,,,Totalmente no caminho,Tenho clareza e estou executando com consistência,Acompanhamento com o engenheiro patrimonial e oportunidades de alavancagem.,,Um ambiente que me sinto segura em investir,Eu conseguir ter resultados significativos e determinantes com as estratégias.,"Estou bastante satisfeita, só acrescentaria um relatórios semanal automático sobre como estão as estratégias que eu estou envolvida como o fundo imobiliário e o leilão sem eu precisar perguntar ao engenheiro patrimonial que sei que não é um detentor dessa informação.",,,typeform 2025-26,historico_typeform.csv,Typeform NPS,rl5uzcu97rx8qczijtrl5uzc0bwap45h,cadastro 2026-T3 (respondente) (0 dias),base mecanismos
2026-Q3,Set/2026 (T3),2026-09-22 09:05,Marcio Henrique Silva de Oliveira,marcio henrique silva de oliveira,PHARUS,Hendrick Dorner,8.0,Neutro,10.0,,,,,,Totalmente no caminho,Tenho clareza e estou executando com consistência,"Temos um bom acompanhamento, mas acho que podemos melhorar na visão de plano familiar em relação aos sonhos de longo prazo.",Ter um olhar voltado para uma visão mais ampla do ponto de vista de planejamento familiar no contexto de outros aspectos que não seja totalmente financeiro.,,Manter a coerência no método,No momento não.,,,typeform 2025-26,historico_typeform.csv,Typeform NPS,bwlknfggjkmr87zdi9pbwlky4co0la17,cadastro 2026-T3 (respondente) (0 dias),base mecanismos
2026-Q3,Set/2026 (T3),2026-09-22 09:09,Rafael Vianna Curvello,rafael vianna curvello,PHARUS,Hendrick Dorner,10.0,Promotor,10.0,,,,,,Totalmente no caminho,Tenho clareza e estou executando com consistência,O atendimento do estrategista e excelente e co alinhando e possível implementar mecanismo com bom retorno.,,O conhecimento do estrategista junto com as estratégias nos dão bastante confiança e saber que todos no ecossistema investem juntos proporciona maior confiança.,Conforme conseguindo ter resultados com a implantação o parceria continuara por muito anos.,"Até agora tive boa impressão e estamos juntos para melhorar sempre, acredito muito na metodologia do quarto caminho.",,,typeform 2025-26,historico_typeform.csv,Typeform NPS,twqf3wbdxib0cgbq2vbitwqf3wblp1wx,cadastro 2026-T3 (respondente) (0 dias),base mecanismos
2026-Q3,Set/2026 (T3),2026-09-22 09:30,Waltemar Matias de Sousa Filho,waltemar matias de sousa filho,PHARUS,Hendrick Dorner,10.0,Promotor,10.0,,,,,,Totalmente no caminho,Tenho clareza e estou executando com consistência,Modelo do projeto é muito bem bolado,,Diversidade de investimentos,Valor da mensalidade,Não,,,typeform 2025-26,historico_typeform.csv,Typeform NPS,rvh4vhzfsdzdaxotoorvho3ap87pk2ld,cadastro 2026-T3 (respondente) (0 dias),base mecanismos
2026-Q3,Set/2026 (T3),2026-09-22 09:35,Ana Maria Alvares de Amorim,ana maria alvares de amorim,PHARUS,Andrieli Campesato,10.0,Promotor,10.0,,,,,,"Em progresso, mas com dúvidas","Entendi o método, mas ainda não implementei o suficiente",Tenho conseguido começar a me organizar bem,,Gosto da proximidade da minha assistente financeira e sempre que precisamos dela ela está disponível para ajudar,Conseguir me organizar integralmente e investir assertivamente,Ela é maravilhosa e super atenciosa,,,typeform 2025-26,historico_typeform.csv,Typeform NPS,t0w403y6suxqkiugatr4t0w405r95cbs,cadastro 2026-T3 (respondente) (0 dias),cadastro 2026-T3
2026-Q3,Set/2026 (T3),2026-09-22 10:19,Ana Paula Guillera Pereira,ana paula guillera pereira,PHARUS,Nelson Marques,0.0,Detrator,5.0,,,,,,Estagnado ou travado,Estou travado em alguma parte e preciso de ajuda,"Participei de três imersões do Adrian e fiquei encantada com seu conhecimento e a forma clara como ele ensinou. Guardei dinheiro por mais de um ano para investir na Quarta Via, com expectativa de educação continuada. Contudo, fiquei decepcionada. Os consultores patrimoniais são educados e simpáticos, mas faltam-lhes experiência e flexibilidade para lidar com imprevistos; sinto que o meu plano não foi personalizado, mas mera reprodução da metodologia das imersões com oferta de produtos (consórcios) prontos sem aprofundamento. Além disso, lembro-me de que nas imersões o Adrian informou ter um time jurídico que poderia ser consultado. Na minha primeira necessidade, esse suporte foi negado. Fazendo um paralelo com a minha profissão, se um paciente tem uma doença além do meu expertise, ajudo-o, direcionando aos especialistas corretos. Entrei com expectativa muito alta, mas não vi evolução concreta e sigo estudando por fora para realizar meus sonhos.","Oferecer educação continuada com temas realmente pertinentes e práticos; investir na capacitação técnica e na flexibilidade dos consultores; e aprofundar a análise sobre consórcios, indo além da simples oferta de produtos prontos para ensinar a usá-los estrategicamente nos planos.",,"Para continuar por mais 5 anos, preciso ver a Quarta Via me surpreender de verdade, oferecendo um aprofundamento estratégico tão avançado que supere o que consigo estudar sozinha. Busco mentoria de alto nível e conteúdos exclusivos que realmente impulsionem minha evolução.","Sim, gostaria de pontuar que minha crítica é à entidade, e não ao estrategista. A Quarta Via parece não estar preparada para o porte da responsabilidade que assumiu. Sou médica e cobro caro pelo meu atendimento, pous presto um serviço exclusivo e direto. Se delegasse a uma equipe, jamais cobraria o mesmo valor de uma consulta realizada pessoalmente por mim.",,,typeform 2025-26,historico_typeform.csv,Typeform NPS,w6xnu9441rje15u0a82ew6xnu9vnvtg1,cadastro 2026-T3 (respondente) (0 dias),base mecanismos
2026-Q3,Set/2026 (T3),2026-09-22 10:39,Edward Alexandre Frade Bedetti,edward alexandre frade bedetti,PHARUS,Andrieli Campesato,9.0,Promotor,10.0,,,,,,Totalmente no caminho,Tenho clareza e estou executando com consistência,Disponibilidade o tempo todo,,Assistência,Manter o progresso,Ndn,,,typeform 2025-26,historico_typeform.csv,Typeform NPS,g5nw7o88c9ijuvuxh8g5nwjphueto1sa,cadastro 2026-T3 (respondente) (0 dias),base mecanismos
2026-Q3,Set/2026 (T3),2026-09-22 10:47,Alexandre Martini Costa,alexandre martini costa,PHARUS,Tales Salinas Rozo,5.0,Detrator,7.0,,,,,,Estagnado ou travado,Estou travado em alguma parte e preciso de ajuda,"Por hora não me ajudou em nada, foi feita uma análise técnica, swot, etc, mas em termos reais quando precisei rever um empréstimo mais barato, foi algo super lento, burocrático, o que eu resolvi em 15 dias com o banco demoraram 3 meses para trazer solução. E por hora não vi nenhuma solução prática que mudou ou melhorou minha vida.","Trazer algum resultado para prático para minha vida. Faça esse consórcio de carro, compre da sua PJ o carro da sua PF, pegue o dinheiro x e quite o banco. Entre no consórcio x com tais quotas. O leilão de imóvel y vai ter um pefil que faz sentido pra vc, sei lá. Algo que de fato sirva financeiramente pra minha vida. Por hora não estou vendo aqui como vou me aposentar em 7 anos com renda passiva.",,ver na prática algum resultado,"a pessoa de finanças que ficou de trazer alguma solução prática para eu pegar um empréstimo mais barato não serviu pra nada, só tomou meu tempo. Resolvi de outra forma.",,,typeform 2025-26,historico_typeform.csv,Typeform NPS,um9md30t88b40tttc5v9eum9md3fr9pz,cadastro 2026-T3 (respondente) (0 dias),base mecanismos
2026-Q3,Set/2026 (T3),2026-09-22 11:23,Jane Cronst,jane cronst,PHARUS,Nelson Marques,9.0,Promotor,10.0,,,,,,"Em progresso, mas com dúvidas","Entendi o método, mas ainda não implementei o suficiente",Confio no trabalho,,Planos traçados,Ver os planos realizados nos prazos,Não,,,typeform 2025-26,historico_typeform.csv,Typeform NPS,g7ht3y34c1cpsze6h206odg7ht3y3ah0,cadastro 2026-T3 (respondente) (0 dias),base mecanismos
2026-Q3,Set/2026 (T3),2026-09-22 11:42,Wilson Bernardo Alves,wilson bernardo alves,PHARUS,João Aliceda,8.0,Neutro,10.0,,,,,,"Em progresso, mas com dúvidas",Estou travado em alguma parte e preciso de ajuda,Agilidade das soluções,Mais agilidade na demanda do cliente,,Entendimento do método e do processo de crescimento patrimonial,Elogiar o atendimento do João Pedro sempre com muita educação e respeito.,,,typeform 2025-26,historico_typeform.csv,Typeform NPS,lcle7houx7c87hcphlcle7h334b6vs0f,cadastro 2026-T3 (respondente) (0 dias),base mecanismos
2026-Q3,Set/2026 (T3),2026-09-22 12:07,Raquel Carvalho Nascimento da Costa,raquel carvalho nascimento da costa,PHARUS,Gabriel Oliveira,7.0,Neutro,10.0,,,,,,Totalmente no caminho,"Entendi o método, mas ainda não implementei o suficiente","Porque ainda não obtive resultado de fato. Sei que é uma construção, mas em busca disto.",Depende mais de mim. Preciso alcançar resultados de fato.,,Alcançar uma liberdade financeira efetiva,Não,,,typeform 2025-26,historico_typeform.csv,Typeform NPS,7m5relrgaiohpk7m5relu33c0cen4l1q,cadastro 2026-T3 (respondente) (0 dias),base mecanismos
2026-Q3,Set/2026 (T3),2026-09-22 12:20,Julyan Alves de Castro Santos,julyan alves de castro santos,PHARUS,Felipe Aleixo,9.0,Promotor,10.0,,,,,,"Em progresso, mas com dúvidas","Entendi o método, mas ainda não implementei o suficiente",Gostando do trabalho. Esperando para ver realmente os resultados.,,Atendimento.,Realmente obter a rentabilidade projetada. Visualizar meu patrimonio crescendo..,Hoje ainda não.,,,typeform 2025-26,historico_typeform.csv,Typeform NPS,ch2idb36t8avtazv2ch2vj1alrzgdp3r,cadastro 2026-T3 (respondente) (0 dias),base mecanismos
2026-Q3,Set/2026 (T3),2026-09-22 12:32,Cely Melo Vasconcelos,cely melo vasconcelos,PHARUS,João Aliceda,10.0,Promotor,10.0,,,,,,"Em progresso, mas com dúvidas","Entendi o método, mas ainda não implementei o suficiente",Conhecimento e didática,,Pegar na “minha mão” para tdo sair do papel…,Progredir ativamente,Não,,,typeform 2025-26,historico_typeform.csv,Typeform NPS,npo4po30wtfmkasf9uswvnpo4po30875,cadastro 2026-T3 (respondente) (0 dias),base mecanismos
2026-Q3,Set/2026 (T3),2026-09-22 12:34,Luiz Augusto Pereira Cabral,luiz augusto pereira cabral,PHARUS,Nelson Marques,10.0,Promotor,10.0,,,,,,"Em progresso, mas com dúvidas","Entendi o método, mas ainda não implementei o suficiente",Direcionar o melhor caminho,,Direcionar o melhor caminho,Sentir que estou no caminho certo para concretizar meus objetivos.,Não,,,typeform 2025-26,historico_typeform.csv,Typeform NPS,f42dbaqnjup12fpaf42dbu5a8ce7tum9,cadastro 2026-T3 (respondente) (0 dias),base mecanismos
2026-Q3,Set/2026 (T3),2026-09-22 12:36,Claudia Maria Bandeira,claudia maria bandeira,PHARUS,Rodrigo Amorim,10.0,Promotor,10.0,,,,,,Totalmente no caminho,"Entendi o método, mas ainda não implementei o suficiente",Clareza,,"Clareza, comprometimento",Poder pagar,Vcs são um presente,,,typeform 2025-26,historico_typeform.csv,Typeform NPS,wt1oj811f43gha2dz5v10kn8wt1oj81w,cadastro 2026-T3 (respondente) (0 dias),base mecanismos
2026-Q3,Set/2026 (T3),2026-09-22 13:16,Fabricio César Sachetto Nunes,fabricio cesar sachetto nunes,PHARUS,Nelson Marques,7.0,Neutro,8.0,,,,,,"Em progresso, mas com dúvidas","Entendi o método, mas ainda não implementei o suficiente","Até o momento ainda penso que preciso ter um pouco mais de confiança no sistema, que eu acredito e espero que vá ocorrendo conforme as ações forem sendo executadas. Não teria muita condição de fazer uma indicação, pelo menos nesse primeiro momento.","Acho que eu preciso de um tempo de trabalho pra poder responder isso, mas de cara eu acho que ainda preciso de mais elementos pra poder melhorar esse percentual.",,"Eu entender o método de forma prática, adaptado a minha rotina de organização financeira pessoal.","Estou com bastante expectativa, mas ainda um pouco inseguro se vou ter todo o suporte que necessito.",,,typeform 2025-26,historico_typeform.csv,Typeform NPS,la6dtry9qfuvk6tla6dtag0liri1hx9g,cadastro 2026-T3 (respondente) (0 dias),base mecanismos
2026-Q3,Set/2026 (T3),2026-09-22 13:30,Isabela Bezri Pennini,isabela bezri pennini,PHARUS,Abner Braga,10.0,Promotor,10.0,,,,,,Totalmente no caminho,Tenho clareza e estou executando com consistência,"Dar clareza da situação, das possibilidades e dos caminhos a serem seguidos",,Ter certeza de que meu futuro está garantido,Um bom desconto,"Sou muito feliz com a relação que tenho com meu estrategista. Ele é inteligente, empático e explica muito bem. A única experiência ruim que tive com a quartavia é a falta de clareza com o que está ocorrendo com o QVRA11",,,typeform 2025-26,historico_typeform.csv,Typeform NPS,1d2vkxjodp2dmf5g1d2vk1evk2y3fks7,cadastro 2026-T3 (respondente) (0 dias),base mecanismos
2026-Q3,Set/2026 (T3),2026-09-22 13:55,Ivan Borges,ivan borges,PHARUS,Tales Salinas Rozo,10.0,Promotor,10.0,,,,,,"Em progresso, mas com dúvidas",Tenho clareza e estou executando com consistência,Analise fundamentada,,O,Resultados consistentes,Nada no momento,,,typeform 2025-26,historico_typeform.csv,Typeform NPS,fe5ez5iosw159l0711mhfe5ez5iv1lzk,cadastro 2026-T3 (respondente) (0 dias),base mecanismos
2026-Q3,Set/2026 (T3),2026-09-22 14:13,João Paulo Sá Granja de Abreu,joao paulo sa granja de abreu,PHARUS,Rodrigo Amorim,7.0,Neutro,8.0,,,,,,"Em progresso, mas com dúvidas","Entendi o método, mas ainda não implementei o suficiente","No início as ideias pareciam fazer sentido, porém ainda não vi uma evolução concreta, nem os projetos e as ideias sairem do papel","Creio propiciar o retorno divulgado nos portifólio de investimentos que a QuartaVia possui, não havendo notícias, por exemplo, de como estão os R$ 10.000,00 aplicados no fundo de investimento em 24/04 ou o valor disponibilizado para compra em leilão.",,Ter um feedback de como está a evolução,Não,,,typeform 2025-26,historico_typeform.csv,Typeform NPS,p4s3eahtmf9t8gf4wfp4s3eaj3nc266o,cadastro 2026-T3 (respondente) (0 dias),base mecanismos
2026-Q3,Set/2026 (T3),2026-09-22 14:13,Ronaldo Peixoto Bella,ronaldo peixoto bella,PHARUS,Thiago Henrique Trova,0.0,Detrator,10.0,,,,,,Desacreditei do método,Perdi o vínculo com o projeto e preciso retomar,"Na maioria das ofertas a documentação detalhada não foi enviada tempo hábil pra análise. Se foca muito o comercial, mas pouco a parte técnica das ideias de investimentos. Afinal gastei 20 mil e não vou ter feito nada, eu cancelaria antes do prazo e possível. Nada sobre o planejador que me acompanhou, ele também recebia as coisas em cima da hora.","Ser muiito mais didático e explicativo com as ofertas. Quando tudo vai bem, tudo certo, mas o diabo mora nos detalhes, e quando as coisas dão ruim precisamos ter clareza de como serão resolvidas, e isso se define previamente.",,Não continuarei.,"Gostaria de cancelar antes do prazo se possível, deixando de pagar o que falta",,,typeform 2025-26,historico_typeform.csv,Typeform NPS,6rt6k7j0dwnv7il7i6rt6kglsw4j7f3y,cadastro 2026-T3 (respondente) (0 dias),base mecanismos
2026-Q3,Set/2026 (T3),2026-09-22 15:03,Agustin Mariojouls Carozo,agustin mariojouls carozo,PHARUS,Nelson Marques,9.0,Promotor,10.0,,,,,,"Em progresso, mas com dúvidas",Tenho clareza e estou executando com consistência,"Por enquanto serviço excelente, mas como está cedo no processo preciso avaliar resultados.",,O acompanhamento personalizado,"Começar a ver resultados, entendo que demora um pouco",Tudo show por ora,,,typeform 2025-26,historico_typeform.csv,Typeform NPS,wxzyitj6qd2a1gaod6qiwwxzyiti5byz,cadastro 2026-T3 (respondente) (0 dias),base mecanismos
2026-Q3,Set/2026 (T3),2026-09-22 15:19,Enilson Sabino da Silva,enilson sabino da silva,PHARUS,Samuel Araújo,9.0,Promotor,10.0,,,,,,Estagnado ou travado,"Entendi o método, mas ainda não implementei o suficiente","Gostaria de fazer mais coisas. Ainda não tenho muita segurança, já perdi em golpes",,Insegurança,Sentir que é o caminho certo,Por enquanto não,,,typeform 2025-26,historico_typeform.csv,Typeform NPS,242z0e3qzucl5rkwlo3dp5fz242z0e3q,cadastro 2026-T3 (respondente) (0 dias),base mecanismos
2026-Q3,Set/2026 (T3),2026-09-22 15:22,Danusa Maria de Camargo Dias Araujo,danusa maria de camargo dias araujo,PHARUS,Hendrick Dorner,10.0,Promotor,10.0,,,,,,Totalmente no caminho,"Entendi o método, mas ainda não implementei o suficiente",Satisfação com o atendimento e planos apresentados,,Estratégia e clareza,Alcance dos resultados,Estamos ansiosos pela implementação total da estratégia,,,typeform 2025-26,historico_typeform.csv,Typeform NPS,i8x8i954u1k6dshnsrli8x8i9dfrk09x,cadastro 2026-T3 (respondente) (0 dias),base mecanismos
2026-Q3,Set/2026 (T3),2026-09-22 15:29,Matheus Alves do Nascimento,matheus alves do nascimento,PHARUS,Thiago Henrique Trova,8.0,Neutro,10.0,,,,,,"Em progresso, mas com dúvidas",Tenho clareza e estou executando com consistência,"Falta um pouco mais de transparência na comunicação das decisões de investimentos, por parte da equipe geral.","Melhorar a transparência. Disponibilizar cursos, vídeos curtos com conceitos e explicações etc.",,Ausência de retorno dos investimentos sugeridos.,Não.,,,typeform 2025-26,historico_typeform.csv,Typeform NPS,wftn22wfyc4zk9j56304wftn2251mgj5,cadastro 2026-T3 (respondente) (0 dias),base mecanismos
2026-Q3,Set/2026 (T3),2026-09-22 16:50,Mariana Melgaço de Mello,mariana melgaco de mello,PHARUS,Andrieli Campesato,10.0,Promotor,10.0,,,,,,"Em progresso, mas com dúvidas","Entendi o método, mas ainda não implementei o suficiente","Atenção, disponibilidade e informação",,"Atenção, disponibilidade e informação",Ver o patrimônio crescendo,Não,,,typeform 2025-26,historico_typeform.csv,Typeform NPS,x70msgq0hxsyhqjwx70msdjrk539hzs4,cadastro 2026-T3 (respondente) (0 dias),base mecanismos
2026-Q3,Set/2026 (T3),2026-09-22 19:03,Bianca Mara Huebes,bianca mara huebes,PHARUS,Gabriel Oliveira,9.0,Promotor,10.0,,,,,,Estagnado ou travado,Perdi o vínculo com o projeto e preciso retomar,motivação,,motivação,preço,não,,,typeform 2025-26,historico_typeform.csv,Typeform NPS,0250lfwmj9o3pxxj110250ltos6v53ya,cadastro 2026-T3 (respondente) (0 dias),base mecanismos
2026-Q3,Set/2026 (T3),2026-09-22 19:16,Felipe de Freitas Araujo,felipe de freitas araujo,PHARUS,Pedro Goulart,10.0,Promotor,10.0,,,,,,Totalmente no caminho,Tenho clareza e estou executando com consistência,Mudou muito minha visão em investimentos,,A mudança da minha visão,Aumentar mais ainda meu capital,Muito boa,,,typeform 2025-26,historico_typeform.csv,Typeform NPS,xeau4mg98cwwn5xeau4ma54bb5hoi7co,cadastro 2026-T3 (respondente) (0 dias),base mecanismos
2026-Q3,Set/2026 (T3),2026-09-22 19:17,Fernando Koboldt Machado,fernando koboldt machado,PHARUS,Carlos Serafim,10.0,Promotor,10.0,,,,,,Totalmente no caminho,Tenho clareza e estou executando com consistência,A diversidade de implantações para alavancagem patrimonial e o ganho de tempo que proporciona ao investidor.,,Com certeza a confiança. Como já disse a diversificação de ativos e a facilidade de contato com meu acessor.,Ter retornos consistentes.,Nunca tinha pensado em participar de um grupo numa empresa de implementação patrimonial tendo clareza nas minhas ações.,,,typeform 2025-26,historico_typeform.csv,Typeform NPS,bbgxu1qb1bruli5ie4bbgxunkofkrlqj,cadastro 2026-T3 (respondente) (0 dias),base mecanismos
2026-Q3,Set/2026 (T3),2026-09-22 19:56,Thayene Thamara Rangel,thayene thamara rangel,PHARUS,João Aliceda,8.0,Neutro,10.0,,,,,,"Em progresso, mas com dúvidas",Tenho clareza e estou executando com consistência,"Acho o atendimento e o trabalho ótimo, mas acredito que alguns colegas ficariam um pouco desconfortáveis de ficar pagando por anos e, em alguns casos, só ver esse retorno do dinheiro muitos anos depois. Acredito que se algumas medidas fossem tomadas para um pequeno “ganho imediato” as pessoas teriam menos receio",Possibilidade de investimentos menores é um retorno mais rápido das cartas de consórcio,,"Algum “retorno”financeiro, mais palpável em até 2 anos",Não,,,typeform 2025-26,historico_typeform.csv,Typeform NPS,hxui6pvwto7kohxui64uvke5tcpikfog,cadastro 2026-T3 (respondente) (0 dias),base mecanismos
2026-Q3,Set/2026 (T3),2026-09-22 20:11,Marcus Vinicius Vicentini Rosa,marcus vinicius vicentini rosa,PHARUS,Nelson Marques,9.0,Promotor,10.0,,,,,,"Em progresso, mas com dúvidas",Tenho clareza e estou executando com consistência,Plaejamento patrimonial muito bom,,A personalizacao de acordo com cada individualidade,Ver uma evolucao do meu patromonio ou das estrategias,Acho o programa muito bom. Estou no comeco mas ja consigo ver resultados,,,typeform 2025-26,historico_typeform.csv,Typeform NPS,h9w6ly8w26m0h4kd9uh9w6aak6lsrjpi,cadastro 2026-T3 (respondente) (0 dias),base mecanismos
2026-Q3,Set/2026 (T3),2026-09-22 21:14,Raissa Gontijo Cabral de Souza,raissa gontijo cabral de souza,PHARUS,Gabriel Oliveira,9.0,Promotor,9.0,,,,,,"Em progresso, mas com dúvidas","Entendi o método, mas ainda não implementei o suficiente",Disponibilidade da equipe,,A equipe,Eu manter meu emprego atual,Não,,,typeform 2025-26,historico_typeform.csv,Typeform NPS,dl8wff707uj2dl8wu1fxqwrxo9i1iszu,cadastro 2026-T3 (respondente) (0 dias),base mecanismos
2026-Q3,Set/2026 (T3),2026-09-23 08:11,Marina Leal Gomes,marina leal gomes,PHARUS,Nelson Marques,7.0,Neutro,10.0,,,,,,"Em progresso, mas com dúvidas","Entendi o método, mas ainda não implementei o suficiente",Na fase de conhecer melhor a quarta via,Mais disponibilidade,,Consultoria ampla e presente,O estrategista atual é bem disponível e objetivo. Estou gostando,,,typeform 2025-26,historico_typeform.csv,Typeform NPS,blcfqun2hb5bb2ldkjp3nblcfqunvt14,cadastro 2026-T3 (respondente) (0 dias),base mecanismos
2026-Q3,Set/2026 (T3),2026-09-23 09:50,Edenir Franceschi Junior,edenir franceschi junior,PHARUS,Pedro Goulart,8.0,Neutro,10.0,,,,,,"Em progresso, mas com dúvidas",Tenho clareza e estou executando com consistência,Certas situações e avanços ficam bloqueados pela falta de recursos financeiros do cliente.,"Contrato pode ser extendido sem custo ao cliente para aproveitar as oportunidades de alavancagem, após a captação dos recursos...isso no meu caso.",,Obter Resultado,Não,,,typeform 2025-26,historico_typeform.csv,Typeform NPS,vsnehi1kzyq8u1zk7vsna1bm17h733f6,cadastro 2026-T3 (respondente) (0 dias),base mecanismos
2026-Q3,Set/2026 (T3),2026-09-23 09:54,Felipe Tadeu da Silva,felipe tadeu da silva,PHARUS,Pedro Goulart,10.0,Promotor,10.0,,,,,,Totalmente no caminho,Tenho clareza e estou executando com consistência,Estao cumprindo com o prometido,,Criamosum um bom relacionamento e estamos construindo o que foi proposto,Ver que os ativos tiveram os resultados esperados,No momento nao,,,typeform 2025-26,historico_typeform.csv,Typeform NPS,232bj5x8zlv232bc4b7w7lxxewc9qe9c,cadastro 2026-T3 (respondente) (0 dias),base mecanismos
2026-Q3,Set/2026 (T3),2026-09-23 14:45,Caio Sergio Moschetta,caio sergio moschetta,PHARUS,Felipe Aleixo,10.0,Promotor,10.0,,,,,,Totalmente no caminho,Tenho clareza e estou executando com consistência,O fato de ter me aberto a possibilidade de diversificar investimentos objetivando uma renda recorrente que me permita me aposentar.,,A seriedade do trabalho e o objetivo comum compartilhado pelos membros e pelos gestores,O fato de no término do prazo de 12 meses do contrato termos atingido as metas de renda recorrente pelo menos num nível que já me possibilite vislumbrar a possibilidade de me aposentar com uma renda satisfatória,A transparência a opção por aplicação e desenvolvimento através de ativos reais e o fato de da ideia de colecionar ativos são propostas e propostas com as quais eu me identifico e por consequência gostaria de continuar nessa parceria por um bom tempo,,,typeform 2025-26,historico_typeform.csv,Typeform NPS,5cqgaa8po8b0pxgmn5cqgaz1sagkuasq,cadastro 2026-T3 (respondente) (0 dias),base mecanismos
2026-Q3,Set/2026 (T3),2026-09-23 14:48,Renato Ozimo Clemente,renato ozimo clemente,PHARUS,Felipe Aleixo,9.0,Promotor,10.0,,,,,,"Em progresso, mas com dúvidas","Entendi o método, mas ainda não implementei o suficiente",Ainda não finalizei  todas as etapas da minha estratégia pra poder avaliar 100%,,Atendimento e os métodos,Se  meu  planejamento der certo,No momento nada,,,typeform 2025-26,historico_typeform.csv,Typeform NPS,d5skc54irb35fs63led5skc50kljzu6p,cadastro 2026-T3 (respondente) (0 dias),base mecanismos
2026-Q3,Set/2026 (T3),2026-09-23 15:31,Cristiano Santos da Silva,cristiano santos da silva,PHARUS,Felipe Aleixo,10.0,Promotor,9.0,,,,,,"Em progresso, mas com dúvidas",Tenho clareza e estou executando com consistência,Segurança e capacidade de execução das estratégias oferecidas ao membro.,,Confiança,Iniciar a observar resultados em algumas estratégias apresentadas.,Por hora estou muito satisfeito com a parceria.,,,typeform 2025-26,historico_typeform.csv,Typeform NPS,vyyx03dwiw9vviwmb1w3etvyyx03sbwa,cadastro 2026-T3 (respondente) (0 dias),base mecanismos
2026-Q3,Set/2026 (T3),2026-09-23 16:14,Alberto Tiziano Dal Ben,alberto tiziano dal ben,PHARUS,Tales Salinas Rozo,9.0,Promotor,9.0,,,,,,"Em progresso, mas com dúvidas","Entendi o método, mas ainda não implementei o suficiente",Tem que ter dinheiro sobrando mesmo,,Ter o retorno mais que o investimento,Ter retorno mais que o investimento,Nao,,,typeform 2025-26,historico_typeform.csv,Typeform NPS,pym3ov6sdycbpuv80pym3ov87n2bmxa8,cadastro 2026-T3 (respondente) (0 dias),base mecanismos
2026-Q3,Set/2026 (T3),2026-09-23 17:01,Pedro Henrique Dante,pedro henrique dante,PHARUS,Nelson Marques,9.0,Promotor,8.0,,,,,,"Em progresso, mas com dúvidas",Tenho clareza e estou executando com consistência,Bom atendimento e produtos diversificados.,,Atendimento adequado e produtos diversificados.,Maior clareza no tempo para a formatação do patrimônio.,Não.,,,typeform 2025-26,historico_typeform.csv,Typeform NPS,my4uyi5327xs0pe49my4uy33l5t1796n,cadastro 2026-T3 (respondente) (0 dias),base mecanismos
2026-Q3,Set/2026 (T3),2026-09-23 17:23,Gustavo Bogas Bertollo,gustavo bogas bertollo,PHARUS,Thiago Henrique Trova,10.0,Promotor,10.0,,,,,,"Em progresso, mas com dúvidas","Entendi o método, mas ainda não implementei o suficiente",Boa estratégia de planejamento patrimonial,,Transparência e clareza nas reunioes,Ter os resultados apresentados,Boa experiência e clareza no atendimento,,,typeform 2025-26,historico_typeform.csv,Typeform NPS,v3sus3tlnj6zk9u03a8ldv3sus3tmsjb,cadastro 2026-T3 (respondente) (0 dias),base mecanismos
2026-Q3,Set/2026 (T3),2026-09-23 17:48,Felipe Brêda Carneiro de Albuquerque,felipe breda carneiro de albuquerque,PHARUS,Nelson Marques,8.0,Neutro,10.0,,,,,,"Em progresso, mas com dúvidas",Tenho clareza e estou executando com consistência,Clareza e atenção ao cliente,Evitar mudança de assessor,,Começar a enxergar os resultados,Nao,,,typeform 2025-26,historico_typeform.csv,Typeform NPS,inkym0noo2v26wqsy0inkym0nilqrqbu,cadastro 2026-T3 (respondente) (0 dias),base mecanismos
2026-Q3,Set/2026 (T3),2026-09-23 18:19,Merylin Daiana Datsch Cordovil,merylin daiana datsch cordovil,PHARUS,Samuel Araújo,10.0,Promotor,10.0,,,,,,Totalmente no caminho,"Entendi o método, mas ainda não implementei o suficiente","Atendimento excelente, e direcionamento melhor ainda",,"Ainda estou no inicio, mas sentimos muita segurança em tudo que esta nos sendo passado. Sabemos que estamos sendo direcionados do jeito certo e com segurança.","Se tudo continuar como esta sendo, e os resultados esperados chegarem como falado ou maior, com certeza ficaremos para o resto da vida.","Ainda é tudo muito recente, mas a experiência está sendo excelente. Agora só estamos ansiosos para que os verdadeiros resultados comecem a aparecer.",,,typeform 2025-26,historico_typeform.csv,Typeform NPS,51ubr0lxbbuu040ck11651ubr0lx4pwp,cadastro 2026-T3 (respondente) (0 dias),base mecanismos
2026-Q3,Set/2026 (T3),2026-09-23 19:42,Alain Rego Moreira,alain rego moreira,PHARUS,Nelson Marques,10.0,Promotor,10.0,,,,,,Totalmente no caminho,Tenho clareza e estou executando com consistência,Excelente acompanhamento e domínio do assunto.,,O acompanhamento profissional,Ter partipacao de cotas dentro de algum projeto do grupo,Estou satisfeito no momento,,,typeform 2025-26,historico_typeform.csv,Typeform NPS,9niw0enz7ss7zys1x50e9niw0e2h58za,cadastro 2026-T3 (respondente) (0 dias),base mecanismos
2026-Q3,Set/2026 (T3),2026-09-23 19:49,Lourival Rech Junior,lourival rech junior,PHARUS,Samuel Araújo,10.0,Promotor,10.0,,,,,,Totalmente no caminho,Tenho clareza e estou executando com consistência,Planejamento muitas possibilidades de investimento com clareza,,Confiança e investimentos,Aumentar o capital com investimentos feitos,Não,,,typeform 2025-26,historico_typeform.csv,Typeform NPS,pz0wevpqvwdr9cpz0w6zta5bq2xlmqbl,cadastro 2026-T3 (respondente) (0 dias),base mecanismos
2026-Q3,Set/2026 (T3),2026-09-23 21:00,Rodrigo Moreira de Britto Macedo,rodrigo moreira de britto macedo,PHARUS,Thiago Henrique Trova,10.0,Promotor,10.0,,,,,,"Em progresso, mas com dúvidas","Entendi o método, mas ainda não implementei o suficiente",Acredito que principalmente pelo suporte provido pela equipe de gestão patrimonial.,,Participação ativa e gestão do engenho patrimonial.,Verificação de resultado e os resultados sendo atingidos.,Nil,,,typeform 2025-26,historico_typeform.csv,Typeform NPS,mfdmn8ybbkpm18g3hwmfdmdek4vxrs8q,cadastro 2026-T3 (respondente) (0 dias),base mecanismos
2026-Q3,Set/2026 (T3),2026-09-23 21:05,Willians Moura Leite,willians moura leite,PHARUS,Samuel Araújo,8.0,Neutro,10.0,,,,,,"Em progresso, mas com dúvidas","Entendi o método, mas ainda não implementei o suficiente","Estou gostando dos produtos da Quarta Via, mas de fato ainda não investi e não vi o resultado de fato",Me dar oportunidade para investir nos produtos,,O retorno financeiro prometido quando conheci Adrian e a Quarta Via,Por agora não,,,typeform 2025-26,historico_typeform.csv,Typeform NPS,gucwatuvqns6gcgigidtlrbq017dgd3g,cadastro 2026-T3 (respondente) (0 dias),base mecanismos
2026-Q3,Set/2026 (T3),2026-09-23 21:08,Luiz Fernando Nascimento Benek,luiz fernando nascimento benek,PHARUS,Nelson Marques,0.0,Detrator,10.0,,,,,,"Em progresso, mas com dúvidas",Tenho clareza e estou executando com consistência,"Não tive resultado ainda para poder indicar para outros. No início foi um pouco desorganizado, e a estratégia aplicada de consórcios foi estudada de uma forma e aplicada de outra, onde o lance fidelidade proposta foi de 6 meses, porém depois 6 meses foi informado que o lance fidelidade seria a partir de 1 ano, alterando a estratégia inicial.","Maior transparência no leilão serial, pois só informam que não conseguiram arrematar nenhum imóvel, porém poderiam enviar um relatório com imóvel alvo, valor teto e valor que foi arrematado por terceiros. Fornecer acesso a conteúdos de conhecimento financeiro, maior organização nos grupos....",,Ter um retorno anual que compense o pagamento da anuidade.,Tinha expectativas melhores sobre o investimento realizado no projeto.,,,typeform 2025-26,historico_typeform.csv,Typeform NPS,d3dbpj5btwert4nfzd3db01scz0ot7eq,cadastro 2026-T3 (respondente) (0 dias),base mecanismos
2026-Q3,Set/2026 (T3),2026-09-23 21:18,Antônio Evalto Soares Silva,antonio evalto soares silva,PHARUS,Gabriel Oliveira,10.0,Promotor,10.0,,,,,,Totalmente no caminho,Tenho clareza e estou executando com consistência,"Ainda estou iniciando , porém acredito nas estratégias",,.,Começar a aplicar as estratégias,Não,,,typeform 2025-26,historico_typeform.csv,Typeform NPS,umpdbvi31tdyg4903umpdbbfnx24hkpr,cadastro 2026-T3 (respondente) (0 dias),base mecanismos
2026-Q3,Set/2026 (T3),2026-09-23 21:33,Michel Francisco Nagme Rachid Costa,michel francisco nagme rachid costa,PHARUS,Felipe Aleixo,5.0,Detrator,10.0,,,,,,Totalmente no caminho,Tenho clareza e estou executando com consistência,"Com exceção dos primeiros diagnósticos, acredito que o retorno sobre o investimento para o acompanhamento anual não vale a pena se você já não tem dinheiro disponível para investir, que é o meu caso.",Reduzir o valor ou oferecer outros tipos de oportunidades para quem ainda está nas primeiras etapas da construção de patrimônio.,,Oportunidades para quem ainda não tem uma reserva de emergência totalmente consolidada.,"O produto é bom e tem seu valor, mas ter apenas renda maior que 20mil ou capacidade de poupar 5mil/mês não destravam o mesmo potencial que já ter 100mil pra investir destravam dentro do programa.",,,typeform 2025-26,historico_typeform.csv,Typeform NPS,xb1brecypcw3fzkexxb1bkki8e2m4h44,cadastro 2026-T3 (respondente) (0 dias),base mecanismos
2026-Q3,Set/2026 (T3),2026-09-23 22:46,Carlos Daniel Rangel Barretto Segundo,carlos daniel rangel barretto segundo,PHARUS,Nelson Marques,10.0,Promotor,9.0,,,,,,Totalmente no caminho,Tenho clareza e estou executando com consistência,Atendimento e oportunidades,,As oportunidades na economia real que temos no Brasil e EUA,Se os lucros prometidos forem realizados e boas oportunidades no mercado americano,Não,,,typeform 2025-26,historico_typeform.csv,Typeform NPS,enjgq5bw7uuryop7rvenjatrm4sos22y,cadastro 2026-T3 (respondente) (0 dias),base mecanismos
2026-Q3,Set/2026 (T3),2026-09-24 08:34,Manoel Antonio de Azevedo Sodré e Wild Veiga,manoel antonio de azevedo sodre e wild veiga,PHARUS,Felipe Aleixo,10.0,Promotor,10.0,,,,,,Totalmente no caminho,Tenho clareza e estou executando com consistência,Bom atendimento,,Atendimento,Ter maior aporte,Obrigado,,,typeform 2025-26,historico_typeform.csv,Typeform NPS,tguqlz866s04k73t2nthytguqls02pe4,cadastro 2026-T3 (respondente) (0 dias),base mecanismos
2026-Q3,Set/2026 (T3),2026-09-24 14:04,Moises Gambin,moises gambin,PHARUS,Abner Braga,10.0,Promotor,10.0,,,,,,"Em progresso, mas com dúvidas","Entendi o método, mas ainda não implementei o suficiente",Atendimento,,Conversas claras,"Projetos claros, prazos para retorno",Nao,,,typeform 2025-26,historico_typeform.csv,Typeform NPS,pbff0fjedb164yd9h0zzxcpbff0fkc71,cadastro 2026-T3 (respondente) (0 dias),base mecanismos
2026-Q3,Set/2026 (T3),2026-09-24 17:18,Dâmaris Castelo de Luca Affini,damaris castelo de luca affini,PHARUS,Abner Braga,10.0,Promotor,10.0,,,,,,"Em progresso, mas com dúvidas","Entendi o método, mas ainda não implementei o suficiente",Expertise da equipe,,Atendimento e abrangência de coleções de ativos,Resultados do que iniciei,Não,,,typeform 2025-26,historico_typeform.csv,Typeform NPS,7txrbk9unht3iq16dikv7txrbk9wux64,cadastro 2026-T3 (respondente) (0 dias),base mecanismos
2026-Q3,Set/2026 (T3),2026-09-24 17:49,Wanderson Mário Cavalcante Olímpio,wanderson mario cavalcante olimpio,PHARUS,Tales Salinas Rozo,6.0,Detrator,10.0,,,,,,"Em progresso, mas com dúvidas","Entendi o método, mas ainda não implementei o suficiente","Só estou encerrando o primeiro ano e infelizmente por planejamento pessoal, não consegui implementar todas as estratégias que eu gostaria. Meu intuito seria aproveitar mais do ecossistema do Grupo Quarta Via. Como eu não consegui fazer implementação de fato e a que eu fiz, ainda não concluí, entendo que preciso de mais tempo e verificar as coisas de fato acontecerem para poder indicar pra algum familiar ou amigo. Aqui nós estamos falando de lhe dar com dinheiro, com patrimônio, então eu tenho muito cuidado para indicar a qualquer familiar visto que eu ainda não pude ter o feedback prático das implementações que eu fiz. De repente, futuramente, observando do ponto de vista prático que obtivemos êxito, não teria problema indicar para alguém conhecido.","A nota vai depender muito do momento individual de cada cliente. Meu intuito era implementar estratégias que me dessem melhor retorno nos investimentos, trazendo isso para economia real. Gosto bastante das ideias, da clareza do estrategista patrimonial, mas particularmente eu entendo que para implementar as estratégias, você precisa de fato ter capital sobrando. Não era meu caso. Tenho capital na reserva mas são valores que não me sentiria ainda seguro de colocar em alguma implementação maior. Estou aguardando ter o retorno diante do leilão de imóvel que participo, vendo na prática as coisas acontecerem, esse dinheiro retornando pra minha conta, vai me dar mais confiança para futuras implementações. Mas por enquanto, até encerrar alguma estratégia, não tenho como dar 9 ou 10",,"Primeiríssimo lugar, o valor anual do contrato.  Entendo que é considerável e se colocarmos no papel, para quem busca investir, tem que considerar esse valor que é alocado para poder fazer parte do ecossistema pelo período de 1 ano. E entendo que pra tirar é valer a pena o investimento, meu retorno tem que ser bem maior que esses 22 mil reais. Só que pra isso, eu tenho que ter disponível capital relevante para fazer as aplicações e estratégias. Pode ser que a tendência do contrato anual seja só aumentar, como que posso ter retorno acima de 22mil no ano de forma consistente, isso dá quase 2 mil por mês. Parte relevante dos investimentos acaba sendo “perdida” pelo o que eu considero um alto preço do contrato. Como disse anteriormente, só faria sentido de fato, para quem tem muito patrimônio e os 22 mil seriam irrelevantes. Pois poderia participar de várias estratégias",Não,,,typeform 2025-26,historico_typeform.csv,Typeform NPS,beisypuge6dfdfbeisx18h2zvrlcf8mb,cadastro 2026-T3 (respondente) (0 dias),base mecanismos
2026-Q3,Set/2026 (T3),2026-09-24 18:30,Fernanda Cardoso Chaves,fernanda cardoso chaves,PHARUS,Samuel Araújo,10.0,Promotor,10.0,,,,,,"Em progresso, mas com dúvidas","Entendi o método, mas ainda não implementei o suficiente","Atenção recebida pelo meu assessor, pois estou muito insegura ainda em relação aos investimentos e renovação da consultoria. Mas tenho fé, não vou desistir. Muito obrigada, Samuel, pela paciência em me explicar tudo de novo, e de novo, e de novo, com paciência e competência!",,A atenção dada pelo meu consultor Samuel e busca de alternativas para o pagamento da consultoria.,Ver o retorno dos investimentos na vida real.,"Gostaria de mostrar a empresa para minhas irmãs e cunhado. Teria que marcar uma reunião ou tenho que esperar só quando for lançado novamente no mercado, como eu fiz? Eu encontrei a Quartavia através do Instagram e participei por 1 semana das lives, no final de semana entrei.",,,typeform 2025-26,historico_typeform.csv,Typeform NPS,d9dpxthxgmet4iy9d9dpxt0utlawsrw7,cadastro 2026-T3 (respondente) (0 dias),base mecanismos
2026-Q3,Set/2026 (T3),2026-09-24 20:37,Fabio Henrique Bentivoglio Pereira,fabio henrique bentivoglio pereira,PHARUS,Hendrick Dorner,9.0,Promotor,10.0,,,,,,"Em progresso, mas com dúvidas",Tenho clareza e estou executando com consistência,"As pessoas mais próximas a que eu indicaria, tem investimentos em imóveis e com bons rendimentos. O que não interessou quando falei sobre o Pharus.",,Confiança na equipe,Resultados mais consistentes no próximo ano.,"Algumas vezes a ansiedade por ver os resultados logo atrapalha, mas vamos seguindo e implementando a medida do possível na minha realidade atual e aguardar o progresso que virá com certeza.",,,typeform 2025-26,historico_typeform.csv,Typeform NPS,jy2qflwt3z78jnkmxgjy2qflwm76n3lr,cadastro 2026-T3 (respondente) (0 dias),base mecanismos
2026-Q3,Set/2026 (T3),2026-09-24 20:54,Fernanda Aretuza Oliveira Barbosa,fernanda aretuza oliveira barbosa,PHARUS,Samuel Araújo,10.0,Promotor,10.0,,,,,,Totalmente no caminho,Tenho clareza e estou executando com consistência,Boa orientação em relação a bons investimentos,,Está me ajudando a aprender a gastar,As orientações e os bons investimentos,Não,,,typeform 2025-26,historico_typeform.csv,Typeform NPS,zs7bb2ptc4clae9cyehyzs7bbqzzk85p,cadastro 2026-T3 (respondente) (0 dias),base mecanismos
2026-Q3,Set/2026 (T3),2026-09-25 08:47,Nicoly Suelly Souza Almeida Acioly,nicoly suelly souza almeida acioly,PHARUS,Abner Braga,10.0,Promotor,10.0,,,,,,Totalmente no caminho,"Entendi o método, mas ainda não implementei o suficiente","Através da quarta via estou tendo mais organização financeira, mais confiança",,"O acompanhamento de perto, personalizado, a disponibilidade de estar sempre tirando dúvidas,",Os resultados,Sugeriria uma ferramenta mais prática no app para adicionar os gastos,,,typeform 2025-26,historico_typeform.csv,Typeform NPS,g3rnzgrcot5qvjygvl12xa1g3rnztcls,cadastro 2026-T3 (respondente) (0 dias),base mecanismos
2026-Q3,Set/2026 (T3),2026-09-25 18:21,Breno Pardini Gontijo,breno pardini gontijo,PHARUS,Hendrick Dorner,9.0,Promotor,9.0,,,,,,"Em progresso, mas com dúvidas","Entendi o método, mas ainda não implementei o suficiente",Segurança,,Conhecimento,Retorno,Desejo sucesso para todos nós,,,typeform 2025-26,historico_typeform.csv,Typeform NPS,apke5ktslsj4h7rkaapke5khaf9i7w5o,cadastro 2026-T3 (respondente) (0 dias),base mecanismos
2026-Q3,Set/2026 (T3),2026-09-26 06:21,Moisés Samuel Gonçalves Oliveira,moises samuel goncalves oliveira,PHARUS,Gabriel Oliveira,5.0,Detrator,6.0,,,,,,Desacreditei do método,Perdi o vínculo com o projeto e preciso retomar,"Por vários motivos, o primeiro é que a promessa é maior do que realmente a entrega e a um valor muito alto, não vejo uma progressão nas estratégias visto que nesse momento estou usando apenas uma que é o leilão e não sai do lugar. Foram oferecidas outras que não gostei e dessa forma o processo permanece parado. Não tenho visto retorno sobre o que estou investindo","São muitas coisas que precisam melhorar, não vejo a entrega prometida ainda mais pelo valor que foi investido.",,Nesse momento nada,Não,,,typeform 2025-26,historico_typeform.csv,Typeform NPS,k6lkomroqbcanwfk6puen1dlu4w3vfkf,cadastro 2026-T3 (respondente) (0 dias),base mecanismos
2026-Q3,Set/2026 (T3),2026-09-26 09:58,Carlos Henrique Leão de Faria,carlos henrique leao de faria,PHARUS,João Aliceda,9.0,Promotor,10.0,,,,,,Totalmente no caminho,"Entendi o método, mas ainda não implementei o suficiente","No momento, paciência comigo ;-)",,"Sei e confio na competência e qualidade da proposta de valor da Quarta Via, bem como evidencio a habilidade no trato com a questão e a pessoa, mas como estou enfrentando um momento de muita confusão e desorganização, eu mesmo tenho protelado minha ação, e assim, a paciência de vocês em respeito a mim, tem me confortado. Será muito provavelmente um 10 mais à frente ao avançar com vocês e retomar as rédeas da minha atual vida financeira.","Ainda estou muito no início dessa jornada em comum para dizer com precisão, e preciso avançar mais primeiro.",Apenas agradecê-los e neste momento ainda mais pela baita paciência com a qual tem me tratado.,,,typeform 2025-26,historico_typeform.csv,Typeform NPS,2ysogr0jkwotz45158g2ysognc5v9nbl,cadastro 2026-T3 (respondente) (0 dias),base mecanismos
2026-Q3,Set/2026 (T3),2026-09-28 09:04,Jeferson Augusto de Souza,jeferson augusto de souza,PHARUS,Tales Salinas Rozo,10.0,Promotor,,,,,,,,,Organização,,Organização,É ver mais resultados.  Mesmo pequeno,Nao,,,cadastro oficial,cadastro_NPS_2026-T3_PHARUS_atual.csv,cadastro (ciclo vigente),,cadastro oficial (Programa = PHARUS),própria resposta
2026-Q3,Set/2026 (T3),2026-09-28 09:39,Rafael Baima de Melo Lima,rafael baima de melo lima,PHARUS,Tales Salinas Rozo,10.0,Promotor,,,,,,,,,Confiança para tornar as decisões transparentes perante um tema extremamente particular como a construção de patrimônio.,,Segurança no acompanhamento independente dos desafios cotidianos enfrentados,Manter a qualidade e execução dos planos ja em andamento. Conforme possibilidade incluir os demais projetos do ecossistema afim de dar robustez ainda maior a estrutura Patrimonial.,Efetividade e discrição,,,cadastro oficial,cadastro_NPS_2026-T3_PHARUS_atual.csv,cadastro (ciclo vigente),,cadastro oficial (Programa = PHARUS),própria resposta
2026-Q3,Set/2026 (T3),2026-09-28 11:34,Alcione Neves Oliveira,alcione neves oliveira,PHARUS,Andrieli Campesato,9.0,Promotor,,,,,,,,,Suporte fornecido pela consultora.,,Qualidade das informações prestadas pela consultora.,Começar a ter o retorno efetivo.,Não.,,,cadastro oficial,cadastro_NPS_2026-T3_PHARUS_atual.csv,cadastro (ciclo vigente),,cadastro oficial (Programa = PHARUS),própria resposta
2026-Q3,Set/2026 (T3),2026-09-28 12:01,Rosimari Ferreira Tominato,rosimari ferreira tominato,PHARUS,Tales Salinas Rozo,9.0,Promotor,,,,,,,,,Não dei 10 porque o app é meio complexo para mim gostaria de algo mais simples,,"A acessória tem sido eficiente, mesmo via WhatsApp as repostas chegam logo",Começar a ter retorno mesmo que pequenos avanços,Não,,,cadastro oficial,cadastro_NPS_2026-T3_PHARUS_atual.csv,cadastro (ciclo vigente),,cadastro oficial (Programa = PHARUS),própria resposta
2026-Q3,Set/2026 (T3),2026-09-28 12:14,Josmeiry Reis Pimentas Carréri,josmeiry reis pimentas carreri,PHARUS,Tales Salinas Rozo,10.0,Promotor,,,,,,,,,Clareza e oportunidades,,Clareza e oportunidades,A possibilidade da renda vitalícia,Tudo certo!,,,cadastro oficial,cadastro_NPS_2026-T3_PHARUS_atual.csv,cadastro (ciclo vigente),,cadastro oficial (Programa = PHARUS),própria resposta
2026-Q3,Set/2026 (T3),2026-09-28 13:08,Heber Augusto Lara Cunha,heber augusto lara cunha,PHARUS,Tales Salinas Rozo,10.0,Promotor,,,,,,,,,Atenção à demanda do cliente  e individualização conforme necessidades,,O mesmo do anterior,Resultados positivos,Por hora não,,,cadastro oficial,cadastro_NPS_2026-T3_PHARUS_atual.csv,cadastro (ciclo vigente),,cadastro oficial (Programa = PHARUS),própria resposta
2026-Q3,Set/2026 (T3),2026-09-28 14:32,Marco Antônio Lia,marco antonio lia,PHARUS,Abner Braga,10.0,Promotor,,,,,,,,,estou sendo bem acessorado,,Ser  acessorado  e ter  confiança,continuar vendo resultado mas com uma mensalidade  menor,não,,,cadastro oficial,cadastro_NPS_2026-T3_PHARUS_atual.csv,cadastro (ciclo vigente),,cadastro oficial (Programa = PHARUS),própria resposta
2026-Q3,Set/2026 (T3),2026-09-28 16:32,Glysse de Moura Sousa,glysse de moura sousa,PHARUS,Tales Salinas Rozo,10.0,Promotor,,,,,,,,,Me passa segurança e abriu a visão sobre como mudar a forma de ganhar dinheiro,,A disponibilidade da equipe e a paciência em explicar,Começar a ver os resultados,"Me manter no foco, insistir que vai dar certo",,,cadastro oficial,cadastro_NPS_2026-T3_PHARUS_atual.csv,cadastro (ciclo vigente),,cadastro oficial (Programa = PHARUS),própria resposta
2026-Q3,Set/2026 (T3),2026-09-28 16:45,Gabriel Bacagini Guedes,gabriel bacagini guedes,PHARUS,Felipe Aleixo,10.0,Promotor,,,,,,,,,Nova forma de enxergar o dinheiro,,Conhecimento e prestatividade,"Retornos consistentes, projetos executados",Não,,,cadastro oficial,cadastro_NPS_2026-T3_PHARUS_atual.csv,cadastro (ciclo vigente),,cadastro oficial (Programa = PHARUS),própria resposta
2026-Q3,Set/2026 (T3),2026-09-28 19:14,Leandro da Silva,leandro da silva,PHARUS,Tales Salinas Rozo,8.0,Neutro,,,,,,,,,acesso a vários mecanismos para aumentar o capital e recorrência,"alguns mecanismos demoram para serem executados, exemplo o QVRA11, demorou quase 5 meses enquanto isso o dinheiro ficou parado",,"começar a ver o resultado dos mecânicos, eles estão rodando, mas ainda não prática não recebi o retorno",não,,,cadastro oficial,cadastro_NPS_2026-T3_PHARUS_atual.csv,cadastro (ciclo vigente),,cadastro oficial (Programa = PHARUS),própria resposta
2026-Q3,Set/2026 (T3),2026-09-29 12:06,Alessandra Girotto,alessandra girotto,PHARUS,Gustavo Papeschi Mariano,10.0,Promotor,,,,,,,,,"Para mim, esse cuidado próximo e humanizado, aliado à percepção de que tenho espaço para evoluir e construir meu patrimônio de forma mais estruturada, é um dos principais diferenciais da experiência com a Quarta Via.",,"O que mais contribui para a minha percepção positiva é a proximidade e a constância do acompanhamento da equipe. Considero especialmente positivo ter profissionais que me procuram regularmente para entender como estou e me ajudar a organizar melhor minha vida financeira, trazendo direcionamento e mais clareza para as minhas decisões. É um tipo de suporte que eu nunca havia vivenciado em outros serviços.","Disciplina e acompanhamento, além dos resultados esperados.","Não, já é o bastante",,,cadastro oficial,cadastro_NPS_2026-T3_PHARUS_atual.csv,cadastro (ciclo vigente),,cadastro oficial (Programa = PHARUS),própria resposta
2026-Q3,Set/2026 (T3),2026-09-29 12:16,Augusto Eduardo Goncalves Walter,augusto eduardo goncalves walter,PHARUS,Carlos Serafim,9.0,Promotor,,,,,,,,,Conhecimento e clareza sobre os investimentos.,,A construção patrimonial e o acompanhamento.,"Quero ter maior visibilidade sobre o meu progresso em relação aos meus investimentos, com uma forma mais clara e acessível de acompanhar o que já foi realizado e os resultados gerados ao longo da minha jornada.","Acredito que a jornada poderia ser pensada de forma mais contínua, sem a necessidade de uma renovação ao término dos 12 meses. Para clientes que ainda estão estruturando sua disciplina financeira, esse primeiro período poderia representar uma etapa de organização e reestruturação, criando os fundamentos necessários para uma evolução posterior em investimentos e construção patrimonial. Nesse processo, considero que uma maior proximidade dos sócios e da alta gestão também contribuiria para fortalecer a experiência.",,,cadastro oficial,cadastro_NPS_2026-T3_PHARUS_atual.csv,cadastro (ciclo vigente),,cadastro oficial (Programa = PHARUS),própria resposta
2026-Q3,Set/2026 (T3),2026-09-29 14:43,Yoandrys Guerra Sánchez,yoandrys guerra sanchez,PHARUS,Gabriel Oliveira,10.0,Promotor,,,,,,,,,"Ainda estou organizando fluxo, mas vejo potencial.",,Ajuda,Organizar meu caixa e começar a implementar,Não,,,cadastro oficial,cadastro_NPS_2026-T3_PHARUS_atual.csv,cadastro (ciclo vigente),,cadastro oficial (Programa = PHARUS),própria resposta
2026-Q3,Set/2026 (T3),2026-09-29 15:31,Evelin Rosio Estevez Jimenez,evelin rosio estevez jimenez,PHARUS,Gabriel Oliveira,10.0,Promotor,,,,,,,,,Atendimento do Gabriel e o cuidado por nós,,"Gabriel sempre nos atendeu com muita felicidade, vemos que ele é feliz por nos ajudar. Ajudou a sair do aluguel e comprar nossa casa própria.",Futuramente quero estar no Davos . Porém quero que o Gabriel continue nos atendendo. Quero começar a aplicar as estratégias assim que minha empresa em Dubai começar a fluir,Não,,,cadastro oficial,cadastro_NPS_2026-T3_PHARUS_atual.csv,cadastro (ciclo vigente),,cadastro oficial (Programa = PHARUS),própria resposta
2026-Q3,Set/2026 (T3),2026-09-29 15:44,Marilda Alves de Morais,marilda alves de morais,PHARUS,Willian Oliveira Schimidt,10.0,Promotor,,,,,,,,,Gostei da apresentação do Adrian. Confiei na apresentação e aderi ao plano.,,Na apresentação que eu assisti das 5 aulas.,Eu continuarei tranquilamente desde que eu consiga implementar o meu plano.,Apenas quero dizer que estou acreditando. Estou empenhada em fazer com que dê certo! Acredito na viabilidade do que estou aprendendo. E estou fazendo o meu melhor para que dê certo.,,,cadastro oficial,cadastro_NPS_2026-T3_PHARUS_atual.csv,cadastro (ciclo vigente),,cadastro oficial (Programa = PHARUS),própria resposta
2026-Q3,Set/2026 (T3),2026-09-29 15:59,Marcos Ferreira Benchimol,marcos ferreira benchimol,PHARUS,Thiago Henrique Trova,10.0,Promotor,,,,,,,,,acredito no formato de investimento,,transparência nas informações,ver os resultados financeiros concretizados,"ainda estou bem no início do programa, mas estou confiante que terei bons resultados",,,cadastro oficial,cadastro_NPS_2026-T3_PHARUS_atual.csv,cadastro (ciclo vigente),,cadastro oficial (Programa = PHARUS),própria resposta
2026-Q3,Set/2026 (T3),2026-09-29 16:09,Carolina Montemór Soares Messina Aberle,carolina montemor soares messina aberle,PHARUS,Thiago Henrique Trova,10.0,Promotor,,,,,,,,,"Orientação clara sobre os objetivos e formas para a construção do patrimônio, além de uma estrutura robusta e diversificada de opções para este fim.",,"Atendimento personalizado, com explicações pormenorizadas do funcionamento dos motores, análise detalhada das contas e sugestões de metas reais",Alcançar meus objetivos de independência e liberdade financeira,Acredito que este investimento no trabalho de vocês vai mudar (ainda estou bem no início do processo) minha perspectiva no futuro. Terei mais tempo para mim e minha família.,,,cadastro oficial,cadastro_NPS_2026-T3_PHARUS_atual.csv,cadastro (ciclo vigente),,cadastro oficial (Programa = PHARUS),própria resposta
2026-Q3,Set/2026 (T3),2026-09-29 16:47,Daniel Antonio de Aquino Neto,daniel antonio de aquino neto,PHARUS,Gabriel Oliveira,10.0,Promotor,,,,,,,,,A diversificação.,,.,Eu ter mais tempo e implementar mais,.,,,cadastro oficial,cadastro_NPS_2026-T3_PHARUS_atual.csv,cadastro (ciclo vigente),,cadastro oficial (Programa = PHARUS),própria resposta
2026-Q3,Set/2026 (T3),2026-09-29 17:30,Victor Alfredo Mirol,victor alfredo mirol,PHARUS,Abner Braga,10.0,Promotor,,,,,,,,,Atendimento muito adequado à minha situação atual. Asesoramento muito bem informado e compreensível.,,Adequação à situação política e económica do país,"A confirmação, passo a passo, da linha de pensamento atual do sistema.",Somente reafirmar o que já comentei.,,,cadastro oficial,cadastro_NPS_2026-T3_PHARUS_atual.csv,cadastro (ciclo vigente),,cadastro oficial (Programa = PHARUS),própria resposta
2026-Q3,Set/2026 (T3),2026-09-29 17:37,Henrique Bruno Damasceno Pessoa,henrique bruno damasceno pessoa,PHARUS,Thiago Henrique Trova,10.0,Promotor,,,,,,,,,Clareza nas análises e sugestões,,"Atenção, clareza e planejamento",Resultados consistentes,Até agora tudo otimo,,,cadastro oficial,cadastro_NPS_2026-T3_PHARUS_atual.csv,cadastro (ciclo vigente),,cadastro oficial (Programa = PHARUS),própria resposta
2026-Q3,Set/2026 (T3),2026-09-29 18:17,Debora Fernanda Ventura,debora fernanda ventura,PHARUS,Felipe Aleixo,5.0,Detrator,,,,,,,,,Não percebo o retorno do investimento,Entender de forma clara e objetiva o retorno do investimento,,Perceber o retorno e evolução do patrimonio,Não,,,cadastro oficial,cadastro_NPS_2026-T3_PHARUS_atual.csv,cadastro (ciclo vigente),,cadastro oficial (Programa = PHARUS),própria resposta
2026-Q3,Set/2026 (T3),2026-09-29 18:18,Thiago Franklin Boy de Sousa,thiago franklin boy de sousa,PHARUS,Abner Braga,10.0,Promotor,,,,,,,,,Atenção e personalização do manejo,,Sempre levando em consideração nossas metas pessoais,Atingir minhas metas de curto e médio prazo,"Grupo QuartaVia sempre me entregou um caminho, não apenas atalhos. Visam o projeto como um todo, não apenas o momento.",,,cadastro oficial,cadastro_NPS_2026-T3_PHARUS_atual.csv,cadastro (ciclo vigente),,cadastro oficial (Programa = PHARUS),própria resposta
2026-Q3,Set/2026 (T3),2026-09-29 18:37,Francisco de Castro Filho,francisco de castro filho,PHARUS,Thiago Henrique Trova,9.0,Promotor,,,,,,,,,"Estou gostando, mais ainda em implantação na prática.",,O atendimento e acompanhamento do consultor responsável.,Avaliar a aplicação e os resultados.,Ainda não,,,cadastro oficial,cadastro_NPS_2026-T3_PHARUS_atual.csv,cadastro (ciclo vigente),,cadastro oficial (Programa = PHARUS),própria resposta
2026-Q3,Set/2026 (T3),2026-09-29 18:55,Pedro de Oliveira Nascimento,pedro de oliveira nascimento,PHARUS,Thiago Henrique Trova,10.0,Promotor,,,,,,,,,Atendimento do Thiago muito bom,,O acompanhamento,Ver resultados acima do CDI,.,,,cadastro oficial,cadastro_NPS_2026-T3_PHARUS_atual.csv,cadastro (ciclo vigente),,cadastro oficial (Programa = PHARUS),própria resposta
2026-Q3,Set/2026 (T3),2026-09-29 19:49,Leandro Antonio de Oliveira Correia,leandro antonio de oliveira correia,PHARUS,Gabriel Oliveira,3.0,Detrator,,,,,,,,,"Não indico a Quarta via por que as pessoas no meu convívio e sócios não tem a maturidade,  nem a mentalidade, nem o conhecimento de educação financeira adequado para valorar, compreender e executar a metodologia de maneira efetiva, portanto em função desse fato não recomendo. Assim que a minha rede de contatos for mais aderente a metodologia posso recomenda-los.","Sei que não é o foco e nem o perfil de clientes mas seria interessante que ao identificar que o cliente possui a renda mensal dentro do esperado, mas não possui a mentalidade adequada ou educação financeira mínima  que fosse feito um acompanhamento mais próximo a esse cliente para identificar se a mentalidade do mesmo esta adequada para dar continuidade no programa ou não, caso exista aderência um acompanhamento semanal seria de grande valia para acelerar a curva de aprendizado do cliente.",,Resultados.,"Desruptura total, eu e minha esposa estamos acendendo financeiramente e tudo que construimos foi sem orientação, na raça e na coragem. Com a técnica da Quarta Via estamos depurando os nossos conhecimentos e mudando rotas erradas que tomamos por falta de conhecimento e suporte. A jornada está árdua mas muito recompensadora. Estamos no caminho correto.",,,cadastro oficial,cadastro_NPS_2026-T3_PHARUS_atual.csv,cadastro (ciclo vigente),,cadastro oficial (Programa = PHARUS),própria resposta
2026-Q3,Set/2026 (T3),2026-09-29 20:37,Karina Daniele Molleta Bastos,karina daniele molleta bastos,PHARUS,Thiago Henrique Trova,10.0,Promotor,,,,,,,,,Atendimento personalizado com linguagem clara de todo o plano.,,Clareza no plano traçado,Retorno financeiro,No momento não,,,cadastro oficial,cadastro_NPS_2026-T3_PHARUS_atual.csv,cadastro (ciclo vigente),,cadastro oficial (Programa = PHARUS),própria resposta
2026-Q3,Set/2026 (T3),2026-09-29 22:30,Elisabete Laurindo de Souza,elisabete laurindo de souza,PHARUS,Thiago Henrique Trova,10.0,Promotor,,,,,,,,,Conhecimento e atenção!,,"Atenção, Explicações e norte.",Se eu cumprir os primeiros passos e criar uma reserva financeira.,Sou uma pessoa com muitos compromissos e ter que cumprir tarefas é essencial pra mim.,,,cadastro oficial,cadastro_NPS_2026-T3_PHARUS_atual.csv,cadastro (ciclo vigente),,cadastro oficial (Programa = PHARUS),própria resposta
2026-Q3,Set/2026 (T3),2026-09-30 08:19,Paula Costa,paula costa,PHARUS,Tales Salinas Rozo,10.0,Promotor,,,,,,,,,Pelas orientações voltadas para a minha fase de vida atual.,,"Primeiro foi feito um levantamento das minha situação atual financeira e meus objetivos de vida, e, com base nisso, foi feito um plano financeiro estruturado para mim","Conseguir sair desta estagnação que estou, mas deixo claro que não duvido do método, é que a minha situação mudou e não estou conseguindo, por enquanto, avançar",Parabéns pelo método e organização,,,cadastro oficial,cadastro_NPS_2026-T3_PHARUS_atual.csv,cadastro (ciclo vigente),,cadastro oficial (Programa = PHARUS),própria resposta
2026-Q3,Set/2026 (T3),2026-09-30 14:51,Thiago Lara Vasques,thiago lara vasques,PHARUS,Cleuber Anicesio,9.0,Promotor,,,,,,,,,Confiabilidade,,A parte de consultoria direcionada,A continuação do trabalho com resultado,Não,,,cadastro oficial,cadastro_NPS_2026-T3_PHARUS_atual.csv,cadastro (ciclo vigente),,cadastro oficial (Programa = PHARUS),própria resposta
2026-Q3,Set/2026 (T3),2026-09-30 14:55,Robson Argolo,robson argolo,PHARUS,Abner Braga,10.0,Promotor,,,,,,,,,Prestatividade dos assessores e principalmente os valores que a empresa carrega e transfere aos seus membros,,Cuidado e foco no resultado,Retorno com manutenção de membro apenas com o pagamento a partir dos resultados.,"Tudo de bom, O melhor investimento que fiz até hoje na vida.",,,cadastro oficial,cadastro_NPS_2026-T3_PHARUS_atual.csv,cadastro (ciclo vigente),,cadastro oficial (Programa = PHARUS),própria resposta
2026-Q3,Set/2026 (T3),2026-09-30 15:10,João Marcos Castro Fagundes,joao marcos castro fagundes,PHARUS,Cleuber Anicesio,9.0,Promotor,,,,,,,,,Bom,,Bom,Cobrar um preço mais justo,Nao,,,cadastro oficial,cadastro_NPS_2026-T3_PHARUS_atual.csv,cadastro (ciclo vigente),,cadastro oficial (Programa = PHARUS),própria resposta
2026-Q3,Set/2026 (T3),2026-09-30 15:20,Paulo Sergio Lima dos Santos,paulo sergio lima dos santos,PHARUS,Abner Braga,10.0,Promotor,,,,,,,,,satisfação com resultados obtidos até então,,questão organizacional,manter os avanços que venho obtendo,não,,,cadastro oficial,cadastro_NPS_2026-T3_PHARUS_atual.csv,cadastro (ciclo vigente),,cadastro oficial (Programa = PHARUS),própria resposta
2026-Q3,Set/2026 (T3),2026-09-30 17:38,Priscila Laís Bragato Veiga,priscila lais bragato veiga,PHARUS,Samuel Araújo,8.0,Neutro,,,,,,,,,"Sem ter o conhecimento profundo para explicar/convencer as pessoas fica dificil não soar como alguma especie de golpe. Eu sei que nao é, mas as todas as pessoas que eu conversei acharam que soa como piramide. alem de sinceramente, ser um preço caro que parece caro para pagar inicialmente sem ter nenhum retorno mais imediato",ser mais claros nos entregaveis,,"ter resultados reais nos proximos 8 meses, que nao seja fazer mais divida","Está sendo excelente no trato com o estrategista, mas acho que falta, por parte dos processos da empresa, mais agilidade em entregar retorno real  ou pelo menos explicar quando as coisas saem *antes* de se assinar um contrato.",,,cadastro oficial,cadastro_NPS_2026-T3_PHARUS_atual.csv,cadastro (ciclo vigente),,cadastro oficial (Programa = PHARUS),própria resposta
2026-Q3,Set/2026 (T3),2026-09-30 18:42,Yasmin Allgayer Sobé,yasmin allgayer sobe,PHARUS,Thiago Henrique Trova,10.0,Promotor,,,,,,,,,Acho o trabalho de vocês bem incrível!,,"O formato é bom, a entrega funciona, todas as minhas dúvidas e inseguranças sobre contratos e afins foram sanadas.",Eu bater as minhas metas de investimentos e o que planejamentos neste primeiro ano.,"Vocês são realmente muito bons! Meus pontos de atenção e chatice são pq eu trabalho com diversos tipos de infoprodutores, crio ecossistemas digitais e entendo da parte ruim desse mercado. Mas em resumo gosto de como estamos caminhando no projeto.",,,cadastro oficial,cadastro_NPS_2026-T3_PHARUS_atual.csv,cadastro (ciclo vigente),,cadastro oficial (Programa = PHARUS),própria resposta
2026-Q3,Set/2026 (T3),2026-10-01 10:04,Fabrício Figueiredo de Alencar,fabricio figueiredo de alencar,PHARUS,Cleuber Anicesio,10.0,Promotor,,,,,,,,,Confiança,,"Atendimento, metodologia e transparência",Conseguir implementar a metodologia e ver resultados,"Acredito que seria interessante produtos um pouco mais acessíveis, principalmente pro Pharus, pois assim a implementação poderia até ser mais consistente e os retornos poderiam ser mais rápidos mesmo que menores no início",,,cadastro oficial,cadastro_NPS_2026-T3_PHARUS_atual.csv,cadastro (ciclo vigente),,cadastro oficial (Programa = PHARUS),própria resposta
2026-Q3,Set/2026 (T3),2026-10-01 11:41,Carina Vieira da Rocha,carina vieira da rocha,PHARUS,Cleuber Anicesio,9.0,Promotor,,,,,,,,,O mecanismo,,O comprometimento,Viver ganho prático. Hj ainda s recurso,Gratidão 🙏,,,cadastro oficial,cadastro_NPS_2026-T3_PHARUS_atual.csv,cadastro (ciclo vigente),,cadastro oficial (Programa = PHARUS),própria resposta
